Workbook

Sheet Data
A1: Admission_No | B1: Name | C1: Class | D1: State of Origin | E1: Age | F1: LGA | G1: Term | H1: Next Term Begins | I1: Password | J1: Email
A2: 1 | B2: ALI AHMED ASHEMI | C2: SS 1F | G2: 1 st | H2: 16th January, 2026 | I2: 1234 | J2: adamusman781@gmail.com
A3: 2 | B3: ALHAJI MUSTAPHA ABUBAKAR | C3: SS 1F | G3: 1 st | H3: 16th January, 2026 | I3: 1234 | J3: adamusman781@gmail.com
A4: 3 | B4: ALI MUHAMMED UMAR | C4: SS 1F | G4: 1 st | H4: 16th January, 2026 | I4: 1234 | J4: adamusman781@gmail.com
A5: 4 | B5: ADAM UMAR LAMINU | C5: SS 1F | G5: 1 st | H5: 16th January, 2026 | I5: 1234 | J5: adamusman781@gmail.com
A6: 5 | B6: ABUBAKAR UMAR | C6: SS 1F | G6: 1 st | H6: 16th January, 2026 | I6: 1234 | J6: adamusman781@gmail.com
A7: 6 | B7: BABAGANA ISA ABBA | C7: SS 1F | G7: 1 st | H7: 16th January, 2026 | I7: 1234 | J7: adamusman781@gmail.com
A8: 7 | B8: BABASHEHU ABDULLAHI | C8: SS 1F | G8: 1 st | H8: 16th January, 2026 | I8: 1234 | J8: adamusman781@gmail.com
A9: 8 | B9: BUKAR MUHAMMED GAMBO | C9: SS 1F | G9: 1 st | H9: 16th January, 2026 | I9: 1234 | J9: adamusman781@gmail.com
A10: 9 | B10: ELKANAH DANIEL KAIGAMA | C10: SS 1F | G10: 1 st | H10: 16th January, 2026 | I10: 1234 | J10: adamusman781@gmail.com
A11: 10 | B11: GANA ABUBAKAR ALHAJ | C11: SS 1F | G11: 1 st | H11: 16th January, 2026 | I11: 1234 | J11: adamusman781@gmail.com
A12: 11 | B12: IBRAHIM HASSAN HELMA | C12: SS 1F | G12: 1 st | H12: 16th January, 2026 | I12: 1234 | J12: adamusman781@gmail.com
A13: 12 | B13: MODUYE ALI | C13: SS 1F | G13: 1 st | H13: 16th January, 2026 | I13: 1234 | J13: adamusman781@gmail.com
... A24: 23 | B24: WIZIRI UMAR KINIDI | C24: SS 1F | G24: 1 st | H24: 16th January, 2026 | I24: 1234 | J24: adamusman781@gmail.com
A25: 24 | C25: SS 1F | G25: 1 st | H25: 16th January, 2026 | I25: 1234 | J25: adamusman781@gmail.com
A26: 25 | C26: SS 1F | G26: 1 st | H26: 16th January, 2026 | I26: 1234 | J26: adamusman781@gmail.com
A27: 26 | C27: SS 1F | G27: 1 st | H27: 16th January, 2026 | I27: 1234 | J27: adamusman781@gmail.com
A28: 27 | C28: SS 1F | G28: 1 st | H28: 16th January, 2026 | I28: 1234 | J28: adamusman781@gmail.com
A29: 28 | C29: SS 1F | G29: 1 st | H29: 16th January, 2026 | I29: 1234 | J29: adamusman781@gmail.com
A30: 29 | B30: ALI AALIYA SHEHU | C30: SS 1F | G30: 1 st | H30: 16th January, 2026 | I30: 1234 | J30: adamusman781@gmail.com
A31: 30 | B31: AUDU FATIMA ADO | C31: SS 1F | G31: 1 st | H31: 16th January, 2026 | I31: 1234 | J31: adamusman781@gmail.com
A32: 31 | B32: ABBA FATIMA KYARI | C32: SS 1F | G32: 1 st | H32: 16th January, 2026 | I32: 1234 | J32: adamusman781@gmail.com
A33: 32 | B33: AHMED FATIMA JIME | C33: SS 1F | G33: 1 st | H33: 16th January, 2026 | I33: 1234 | J33: adamusman781@gmail.com
A34: 33 | B34: ADAMU HASAT ISAH | C34: SS 1F | G34: 1 st | H34: 16th January, 2026 | I34: 1234 | J34: adamusman781@gmail.com
A35: 34 | B35: BABAGANA AISHA ARFO | C35: SS 1F | G35: 1 st | H35: 16th January, 2026 | I35: 1234 | J35: adamusman781@gmail.com
A36: 35 | B36: BABA AMINA ZANNAH | C36: SS 1F | G36: 1 st | H36: 16th January, 2026 | I36: 1234 | J36: adamusman781@gmail.com
A37: 36 | B37: BUKAR FATIMAH ALLAU | C37: SS 1F | G37: 1 st | H37: 16th January, 2026 | I37: 1234 | J37: adamusman781@gmail.com
A38: 37 | B38: BABAGANA FATIMA KARUMI | C38: SS 1F | G38: 1 st | H38: 16th January, 2026 | I38: 1234 | J38: adamusman781@gmail.com
A39: 38 | B39: HARUNA RUTH AFFIKU | C39: SS 1F | G39: 1 st | H39: 16th January, 2026 | I39: 1234 | J39: adamusman781@gmail.com
A40: 39 | B40: HABILA ROSE | C40: SS 1F | G40: 1 st | H40: 16th January, 2026 | I40: 1234 | J40: adamusman781@gmail.com
A41: 40 | B41: IBRAHIM HADIZA ABUBAKAR | C41: SS 1F | G41: 1 st | H41: 16th January, 2026 | I41: 1234 | J41: adamusman781@gmail.com
... A48: 47 | B48: TAHA AMINA | C48: SS 1F | G48: 1 st | H48: 16th January, 2026 | I48: 1234 | J48: adamusman781@gmail.com
A49: 48 | B49: UMAR ZAINAB ZARMA | C49: SS 1F | G49: 1 st | H49: 16th January, 2026 | I49: 1234
A50: 49 | B50: ZANNA ZARA MUSTAPHA | C50: SS 1F | G50: 1 st | H50: 16th January, 2026 | I50: 1234
A51: 50 | B51: ZUBAIRU KHADIJA H ALIN | C51: SS 1F | G51: 1 st | H51: 16th January, 2026 | I51: 1234
C52: SS 1F | G52: 1 st
C53: SS 1F | G53: 1 st
C54: SS 1F | G54: 1 st
C55: SS 1F | G55: 1 st

Sheet T  Score
B1: Ruby Springfield College 1st Term Scoresheet
B2: SUBJECT | C2: Class SS 1A | H2: Teacher
A3: S/N | B3: Names | C3: 1st C. A. | D3: 2st C. A. | E3: 3st C. A. | F3: 4st C. A. | G3: Total C. A. | H3: Exam | I3: Total | J3: Position | K3: Grade | L3: Teacher's Comment
A4: 1 | B4: =Data!B2 -> ALI AHMED ASHEMI | G4: =SUM(C4:F4) -> 0 | I4: =G4+H4 -> 0 | J4: =IF(I4<10,"",RANK(I4,I$4:I$53)) | K4: =IF(I4>=75,"A",IF(I4>=70,"B2",IF(I4>=50,"C",IF(I4>=45,"D",IF(I4>=40,"E",IF(I4>=6,"F",IF(I4<5,""))))))) | L4: =IF(I4>=75,"Excellent",IF(I4>=70,"V.Good",IF(I4>=65,"Good",IF(I4>=60,"Credit",IF(I4>=55,"Credit",IF(I4>=50,"Credit",IF(I4>=45,"Pass",IF(I4>=40,"Pass",IF(I4>=6,"Fail",IF(I4<5,""))))))))))
A5: 2 | B5: =Data!B3 -> ALHAJI MUSTAPHA ABUBAKAR | G5: =SUM(C5:F5) -> 0 | I5: =G5+H5 -> 0 | J5: =IF(I5<10,"",RANK(I5,I$4:I$53)) | K5: =IF(I5>=75,"A",IF(I5>=70,"B2",IF(I5>=50,"C",IF(I5>=45,"D",IF(I5>=40,"E",IF(I5>=6,"F",IF(I5<5,""))))))) | L5: =IF(I5>=75,"Excellent",IF(I5>=70,"V.Good",IF(I5>=65,"Good",IF(I5>=60,"Credit",IF(I5>=55,"Credit",IF(I5>=50,"Credit",IF(I5>=45,"Pass",IF(I5>=40,"Pass",IF(I5>=6,"Fail",IF(I5<5,""))))))))))
A6: 3 | B6: =Data!B4 -> ALI MUHAMMED UMAR | G6: =SUM(C6:F6) -> 0 | I6: =G6+H6 -> 0 | J6: =IF(I6<10,"",RANK(I6,I$4:I$53)) | K6: =IF(I6>=75,"A",IF(I6>=70,"B2",IF(I6>=50,"C",IF(I6>=45,"D",IF(I6>=40,"E",IF(I6>=6,"F",IF(I6<5,""))))))) | L6: =IF(I6>=75,"Excellent",IF(I6>=70,"V.Good",IF(I6>=65,"Good",IF(I6>=60,"Credit",IF(I6>=55,"Credit",IF(I6>=50,"Credit",IF(I6>=45,"Pass",IF(I6>=40,"Pass",IF(I6>=6,"Fail",IF(I6<5,""))))))))))
A7: 4 | B7: =Data!B5 -> ADAM UMAR LAMINU | G7: =SUM(C7:F7) -> 0 | I7: =G7+H7 -> 0 | J7: =IF(I7<10,"",RANK(I7,I$4:I$53)) | K7: =IF(I7>=75,"A",IF(I7>=70,"B2",IF(I7>=50,"C",IF(I7>=45,"D",IF(I7>=40,"E",IF(I7>=6,"F",IF(I7<5,""))))))) | L7: =IF(I7>=75,"Excellent",IF(I7>=70,"V.Good",IF(I7>=65,"Good",IF(I7>=60,"Credit",IF(I7>=55,"Credit",IF(I7>=50,"Credit",IF(I7>=45,"Pass",IF(I7>=40,"Pass",IF(I7>=6,"Fail",IF(I7<5,""))))))))))
A8: 5 | B8: =Data!B6 -> ABUBAKAR UMAR | G8: =SUM(C8:F8) -> 0 | I8: =G8+H8 -> 0 | J8: =IF(I8<10,"",RANK(I8,I$4:I$53)) | K8: =IF(I8>=75,"A",IF(I8>=70,"B2",IF(I8>=50,"C",IF(I8>=45,"D",IF(I8>=40,"E",IF(I8>=6,"F",IF(I8<5,""))))))) | L8: =IF(I8>=75,"Excellent",IF(I8>=70,"V.Good",IF(I8>=65,"Good",IF(I8>=60,"Credit",IF(I8>=55,"Credit",IF(I8>=50,"Credit",IF(I8>=45,"Pass",IF(I8>=40,"Pass",IF(I8>=6,"Fail",IF(I8<5,""))))))))))
A9: 6 | B9: =Data!B7 -> BABAGANA ISA ABBA | G9: =SUM(C9:F9) -> 0 | I9: =G9+H9 -> 0 | J9: =IF(I9<10,"",RANK(I9,I$4:I$53)) | K9: =IF(I9>=75,"A",IF(I9>=70,"B2",IF(I9>=50,"C",IF(I9>=45,"D",IF(I9>=40,"E",IF(I9>=6,"F",IF(I9<5,""))))))) | L9: =IF(I9>=75,"Excellent",IF(I9>=70,"V.Good",IF(I9>=65,"Good",IF(I9>=60,"Credit",IF(I9>=55,"Credit",IF(I9>=50,"Credit",IF(I9>=45,"Pass",IF(I9>=40,"Pass",IF(I9>=6,"Fail",IF(I9<5,""))))))))))
A10: 7 | B10: =Data!B8 -> BABASHEHU ABDULLAHI | G10: =SUM(C10:F10) -> 0 | I10: =G10+H10 -> 0 | J10: =IF(I10<10,"",RANK(I10,I$4:I$53)) | K10: =IF(I10>=75,"A",IF(I10>=70,"B2",IF(I10>=50,"C",IF(I10>=45,"D",IF(I10>=40,"E",IF(I10>=6,"F",IF(I10<5,""))))))) | L10: =IF(I10>=75,"Excellent",IF(I10>=70,"V.Good",IF(I10>=65,"Good",IF(I10>=60,"Credit",IF(I10>=55,"Credit",IF(I10>=50,"Credit",IF(I10>=45,"Pass",IF(I10>=40,"Pass",IF(I10>=6,"Fail",IF(I10<5,""))))))))))
A11: 8 | B11: =Data!B9 -> BUKAR MUHAMMED GAMBO | G11: =SUM(C11:F11) -> 0 | I11: =G11+H11 -> 0 | J11: =IF(I11<10,"",RANK(I11,I$4:I$53)) | K11: =IF(I11>=75,"A",IF(I11>=70,"B2",IF(I11>=50,"C",IF(I11>=45,"D",IF(I11>=40,"E",IF(I11>=6,"F",IF(I11<5,""))))))) | L11: =IF(I11>=75,"Excellent",IF(I11>=70,"V.Good",IF(I11>=65,"Good",IF(I11>=60,"Credit",IF(I11>=55,"Credit",IF(I11>=50,"Credit",IF(I11>=45,"Pass",IF(I11>=40,"Pass",IF(I11>=6,"Fail",IF(I11<5,""))))))))))
A12: 9 | B12: =Data!B10 -> ELKANAH DANIEL KAIGAMA | G12: =SUM(C12:F12) -> 0 | I12: =G12+H12 -> 0 | J12: =IF(I12<10,"",RANK(I12,I$4:I$53)) | K12: =IF(I12>=75,"A",IF(I12>=70,"B2",IF(I12>=50,"C",IF(I12>=45,"D",IF(I12>=40,"E",IF(I12>=6,"F",IF(I12<5,""))))))) | L12: =IF(I12>=75,"Excellent",IF(I12>=70,"V.Good",IF(I12>=65,"Good",IF(I12>=60,"Credit",IF(I12>=55,"Credit",IF(I12>=50,"Credit",IF(I12>=45,"Pass",IF(I12>=40,"Pass",IF(I12>=6,"Fail",IF(I12<5,""))))))))))
A13: 10 | B13: =Data!B11 -> GANA ABUBAKAR ALHAJ | G13: =SUM(C13:F13) -> 0 | I13: =G13+H13 -> 0 | J13: =IF(I13<10,"",RANK(I13,I$4:I$53)) | K13: =IF(I13>=75,"A",IF(I13>=70,"B2",IF(I13>=50,"C",IF(I13>=45,"D",IF(I13>=40,"E",IF(I13>=6,"F",IF(I13<5,""))))))) | L13: =IF(I13>=75,"Excellent",IF(I13>=70,"V.Good",IF(I13>=65,"Good",IF(I13>=60,"Credit",IF(I13>=55,"Credit",IF(I13>=50,"Credit",IF(I13>=45,"Pass",IF(I13>=40,"Pass",IF(I13>=6,"Fail",IF(I13<5,""))))))))))
A14: 11 | B14: =Data!B12 -> IBRAHIM HASSAN HELMA | G14: =SUM(C14:F14) -> 0 | I14: =G14+H14 -> 0 | J14: =IF(I14<10,"",RANK(I14,I$4:I$53)) | K14: =IF(I14>=75,"A",IF(I14>=70,"B2",IF(I14>=50,"C",IF(I14>=45,"D",IF(I14>=40,"E",IF(I14>=6,"F",IF(I14<5,""))))))) | L14: =IF(I14>=75,"Excellent",IF(I14>=70,"V.Good",IF(I14>=65,"Good",IF(I14>=60,"Credit",IF(I14>=55,"Credit",IF(I14>=50,"Credit",IF(I14>=45,"Pass",IF(I14>=40,"Pass",IF(I14>=6,"Fail",IF(I14<5,""))))))))))
A15: 12 | B15: =Data!B13 -> MODUYE ALI | G15: =SUM(C15:F15) -> 0 | I15: =G15+H15 -> 0 | J15: =IF(I15<10,"",RANK(I15,I$4:I$53)) | K15: =IF(I15>=75,"A",IF(I15>=70,"B2",IF(I15>=50,"C",IF(I15>=45,"D",IF(I15>=40,"E",IF(I15>=6,"F",IF(I15<5,""))))))) | L15: =IF(I15>=75,"Excellent",IF(I15>=70,"V.Good",IF(I15>=65,"Good",IF(I15>=60,"Credit",IF(I15>=55,"Credit",IF(I15>=50,"Credit",IF(I15>=45,"Pass",IF(I15>=40,"Pass",IF(I15>=6,"Fail",IF(I15<5,""))))))))))
... A53: 50 | B53: =Data!B51 -> ZUBAIRU KHADIJA H ALIN | G53: =SUM(C53:F53) -> 0 | I53: =G53+H53 -> 0 | J53: =IF(I53<10,"",RANK(I53,I$4:I$53)) | K53: =IF(I53>=75,"A",IF(I53>=70,"B2",IF(I53>=50,"C",IF(I53>=45,"D",IF(I53>=40,"E",IF(I53>=6,"F",IF(I53<5,""))))))) | L53: =IF(I53>=75,"Excellent",IF(I53>=70,"V.Good",IF(I53>=65,"Good",IF(I53>=60,"Credit",IF(I53>=55,"Credit",IF(I53>=50,"Credit",IF(I53>=45,"Pass",IF(I53>=40,"Pass",IF(I53>=6,"Fail",IF(I53<5,""))))))))))

Sheet Comments
A1: Admission_No | B1: Comments | C1: Position of authourity
A2: 1 | B2: Calm and obedient | C2: Nil
A3: 2 | B3: Calm and obedient | C3: Nil
A4: 3 | B4: Calm and obedient | C4: Nil
A5: 4 | B5: Calm and obedient | C5: Nil
A6: 5 | B6: Calm and obedient | C6: Nil
A7: 6 | B7: Calm and obedient | C7: Nil
A8: 7 | B8: Calm and obedient | C8: Nil
A9: 8 | B9: Calm and obedient | C9: Nil
A10: 9 | B10: Calm and obedient | C10: Nil
A11: 10 | B11: Calm and obedient | C11: Nil
A12: 11 | B12: Calm and obedient | C12: Nil
A13: 12 | B13: Relates well with classmates | C13: Nil
... A51: 50 | B51: Relates well with classmates | C51: Nil

Sheet Behaviour
A1: Admission_No | B1: Puntuality | C1: Attendance in class | D1: Neatness | E1: Politeness | F1: Honesty | G1: Attentiveness | H1: Obedience | I1: Self Control
A2: 1 | B2: 4 | C2: 5 | D2: 4 | E2: 4 | F2: 4 | G2: 4 | H2: 4 | I2: 4
A3: 2 | B3: 4 | C3: 4 | D3: 4 | E3: 4 | F3: 3 | G3: 4 | H3: 4 | I3: 4
A4: 3 | B4: 3 | C4: 3 | D4: 4 | E4: 4 | F4: 4 | G4: 4 | H4: 4 | I4: 4
A5: 4 | B5: 4 | C5: 5 | D5: 4 | E5: 4 | F5: 4 | G5: 4 | H5: 4 | I5: 5
A6: 5 | B6: 4 | C6: 5 | D6: 4 | E6: 4 | F6: 4 | G6: 4 | H6: 4 | I6: 4
A7: 6 | B7: 4 | C7: 5 | D7: 3 | E7: 4 | F7: 4 | G7: 4 | H7: 4 | I7: 3
A8: 7 | B8: 3 | C8: 3 | D8: 4 | E8: 4 | F8: 4 | G8: 4 | H8: 4 | I8: 4
A9: 8 | B9: 3 | C9: 3 | D9: 4 | E9: 4 | F9: 4 | G9: 4 | H9: 4 | I9: 4
A10: 9 | B10: 4 | C10: 3 | D10: 4 | E10: 4 | F10: 4 | G10: 4 | H10: 4 | I10: 4
A11: 10 | B11: 4 | C11: 5 | D11: 3 | E11: 3 | F11: 2 | G11: 4 | H11: 2 | I11: 4
A12: 11 | B12: 4 | C12: 4 | D12: 4 | E12: 4 | F12: 3 | G12: 4 | H12: 4 | I12: 4
A13: 12 | B13: 4 | C13: 4 | D13: 4 | E13: 4 | F13: 4 | G13: 4 | H13: 3 | I13: 4
... A51: 50 | B51: 4 | C51: 5 | D51: 3 | E51: 3 | F51: 2 | G51: 4 | H51: 2 | I51: 4
B52: 4 | C52: 5 | D52: 3 | E52: 3 | F52: 2 | G52: 4 | H52: 2 | I52: 4
B53: 4 | C53: 5 | D53: 3 | E53: 3 | F53: 2 | G53: 4 | H53: 2 | I53: 4
B54: 4 | C54: 5 | D54: 3 | E54: 3 | F54: 2 | G54: 4 | H54: 2 | I54: 4

Sheet Skills
A1: Admission_No | B1: Handwriting | C1: Musical Skill | D1: Craft | E1: Games | F1: Fluency
A2: 1 | B2: 4 | C2: 4 | D2: 4 | E2: 4 | F2: 4
A3: 2 | B3: 3 | C3: 3 | D3: 3 | E3: 4 | F3: 4
A4: 3 | B4: 3 | C4: 4 | D4: 3 | E4: 4 | F4: 4
A5: 4 | B5: 4 | C5: 3 | D5: 4 | E5: 3 | F5: 3
A6: 5 | B6: 3 | C6: 3 | D6: 3 | E6: 3 | F6: 3
A7: 6 | B7: 3 | C7: 4 | D7: 4 | E7: 4 | F7: 4
A8: 7 | B8: 4 | C8: 3 | D8: 3 | E8: 3 | F8: 4
A9: 8 | B9: 4 | C9: 3 | D9: 4 | E9: 4 | F9: 3
A10: 9 | B10: 3 | C10: 3 | D10: 3 | E10: 5 | F10: 3
A11: 10 | B11: 4 | C11: 4 | D11: 3 | E11: 3 | F11: 3
A12: 11 | B12: 3 | C12: 3 | D12: 3 | E12: 4 | F12: 3
A13: 12 | B13: 4 | C13: 4 | D13: 4 | E13: 5 | F13: 4
... A51: 50 | B51: 4 | C51: 3 | D51: 3 | E51: 5 | F51: 3

Sheet Scoresheet
A1: 1 | B1: 2 | C1: 3 | D1: 4 | E1: 5 | F1: 6 | G1: 7 | H1: 8 | I1: 9 | J1: 11 | O1: 1 | P1: 2 | Q1: 3 | R1: 4 | S1: 5 | T1: 6 | U1: 7 | V1: 8 | W1: 9 | Z1: 2 | AA1: 3 | AB1: 4 | AC1: 5 | AD1: 6 | AE1: 7 | AF1: 8 | AG1: 9 | AH1: 11 | AL1: 2 | AM1: 3 | AN1: 4 | AO1: 5 | AP1: 6 | AQ1: 7 | AR1: 8 | AS1: 9 | AT1: 11 | AX1: 2 | AZ1: 4 | BA1: 5 | BB1: 6 | BC1: 7 | BD1: 8 | BE1: 9 | BF1: 11 | BJ1: 2 | BK1: 3 | BL1: 4 | BM1: 5 | BN1: 6 | BO1: 7 | BP1: 8 | BQ1: 9 | BR1: 11 | BV1: 2 | BW1: 3 | BX1: 4 | BY1: 5 | BZ1: 6 | CA1: 7 | CB1: 8 | CC1: 9 | CD1: 11 | CH1: 2 | CI1: 3 | CJ1: 4 | CK1: 5 | CL1: 6 | CM1: 7 | CN1: 8 | CO1: 9 | CP1: 11 | CT1: 2 | CU1: 3 | CV1: 4 | CW1: 5 | CX1: 6 | CY1: 7 | CZ1: 8 | DA1: 9 | DB1: 11 | DF1: 2 | DG1: 3 | DH1: 4 | DI1: 5 | DJ1: 6 | DK1: 7 | DL1: 8 | DM1: 9 | DN1: 11 | DR1: 2 | DS1: 3 | DT1: 4 | DU1: 5 | DV1: 6 | DW1: 7 | DX1: 8 | DY1: 9 | DZ1: 11 | ED1: 2 | EE1: 3 | EF1: 4 | EG1: 5 | EH1: 6 | EI1: 7 | EJ1: 8 | EK1: 9 | EL1: 11 | EP1: 2 | EQ1: 3 | ER1: 4 | ES1: 5 | ET1: 6 | EU1: 7 | EV1: 8 | EW1: 9 | EX1: 11 | FB1: 2 | FC1: 3 | FD1: 4 | FE1: 5 | FF1: 6 | FG1: 7 | FH1: 8 | FI1: 9 | FJ1: 11 | FN1: 2 | FO1: 3 | FP1: 4 | FQ1: 5 | FR1: 6 | FS1: 7 | FT1: 8 | FU1: 9 | FV1: 11 | FZ1: 2 | GA1: 3 | GB1: 4 | GC1: 5 | GD1: 6 | GE1: 7 | GF1: 8 | GG1: 9 | GH1: 11 | GL1: 2 | GM1: 3 | GN1: 4 | GO1: 5 | GP1: 6 | GQ1: 7 | GR1: 8 | GS1: 9 | GT1: 11 | GX1: 2 | GY1: 3 | GZ1: 4 | HA1: 5 | HB1: 6 | HC1: 7 | HD1: 8 | HE1: 9 | HF1: 11 | HJ1: 2 | HK1: 3 | HL1: 4 | HM1: 5 | HN1: 6 | HO1: 7 | HP1: 8 | HQ1: 9 | HR1: 11 | HV1: 2 | HW1: 3 | HX1: 4 | HY1: 5 | HZ1: 6 | IA1: 7 | IB1: 8 | IC1: 9
B2: English Language | N2: Literature in English | Z2: MATHEMATICS | AL2: Physics | AX2: CHEMISTRY | BJ2: BIOLOGY | BV2: ECONOMICS | CH2: HISTORY | CT2: CRK | DF2: AGRIC SCIENCE | DR2: GEOGRAPHY | ED2: COMMERCE | EP2: FINE ART | FB2: ACCOUINTING | FN2: TECHNICAL DRAWING | FZ2: GOVERNMENT | GL2: FURTHER MATHS | GX2: HAUSA | HJ2: FOOD & NUTRITION | HV2: COMPUTER SCIENCE | IH2: FRENCH | IT2: CIVIC EDUCATION | JF2: DATA PROCESSING | JR2: I.R.K.
A3: Admission_No | B3: Names | C3: 1st C. A. | D3: 2st C. A. | E3: 3st C. A. | F3: 4st C. A. | G3: Total C. A. | H3: Exam | I3: Total | J3: Position | K3: Grade | L3: Teacher's Comment | N3: Names | O3: 1st C. A. | P3: 2st C. A. | Q3: 3st C. A. | R3: 4st C. A. | S3: Total C. A. | T3: Exam | U3: Total | V3: Position | W3: Grade | X3: Teacher's Comment | Z3: Names | AA3: 1st C. A. | AB3: 2st C. A. | AC3: 3st C. A. | AD3: 4st C. A. | AE3: Total C. A. | AF3: Exam | AG3: Total | AH3: Position | AI3: Grade | AJ3: Teacher's Comment | AL3: Names | AM3: 1st C. A. | AN3: 2st C. A. | AO3: 3st C. A. | AP3: 4st C. A. | AQ3: Total C. A. | AR3: Exam | AS3: Total | AT3: Position | AU3: Grade | AV3: Teacher's Comment | AX3: Names | AY3: 1st C. A. | AZ3: 2st C. A. | BA3: 3st C. A. | BB3: 4st C. A. | BC3: Total C. A. | BD3: Exam | BE3: Total | BF3: Position | BG3: Grade | BH3: Teacher's Comment | BJ3: Names | BK3: 1st C. A. | BL3: 2st C. A. | BM3: 3st C. A. | BN3: 4st C. A. | BO3: Total C. A. | BP3: Exam | BQ3: Total | BR3: Position | BS3: Grade | BT3: Teacher's Comment | BV3: Names | BW3: 1st C. A. | BX3: 2st C. A. | BY3: 3st C. A. | BZ3: 4st C. A. | CA3: Total C. A. | CB3: Exam | CC3: Total | CD3: Position | CE3: Grade | CF3: Teacher's Comment | CH3: Names | CI3: 1st C. A. | CJ3: 2st C. A. | CK3: 3st C. A. | CL3: 4st C. A. | CM3: Total C. A. | CN3: Exam | CO3: Total | CP3: Position | CQ3: Grade | CR3: Teacher's Comment | CT3: Names | CU3: 1st C. A. | CV3: 2st C. A. | CW3: 3st C. A. | CX3: 4st C. A. | CY3: Total C. A. | CZ3: Exam | DA3: Total | DB3: Position | DC3: Grade | DD3: Teacher's Comment | DF3: Names | DG3: 1st C. A. | DH3: 2st C. A. | DI3: 3st C. A. | DJ3: 4st C. A. | DK3: Total C. A. | DL3: Exam | DM3: Total | DN3: Position | DO3: Grade | DP3: Teacher's Comment | DR3: Names | DS3: 1st C. A. | DT3: 2st C. A. | DU3: 3st C. A. | DV3: 4st C. A. | DW3: Total C. A. | DX3: Exam | DY3: Total | DZ3: Position | EA3: Grade | EB3: Teacher's Comment | ED3: Names | EE3: 1st C. A. | EF3: 2st C. A. | EG3: 3st C. A. | EH3: 4st C. A. | EI3: Total C. A. | EJ3: Exam | EK3: Total | EL3: Position | EM3: Grade | EN3: Teacher's Comment | EP3: Names | EQ3: 1st C. A. | ER3: 2st C. A. | ES3: 3st C. A. | ET3: 4st C. A. | EU3: Total C. A. | EV3: Exam | EW3: Total | EX3: Position | EY3: Grade | EZ3: Teacher's Comment | FB3: Names | FC3: 1st C. A. | FD3: 2st C. A. | FE3: 3st C. A. | FF3: 4st C. A. | FG3: Total C. A. | FH3: Exam | FI3: Total | FJ3: Position | FK3: Grade | FL3: Teacher's Comment | FN3: Names | FO3: 1st C. A. | FP3: 2st C. A. | FQ3: 3st C. A. | FR3: 4st C. A. | FS3: Total C. A. | FT3: Exam | FU3: Total | FV3: Position | FW3: Grade | FX3: Teacher's Comment | FZ3: Names | GA3: 1st C. A. | GB3: 2st C. A. | GC3: 3st C. A. | GD3: 4st C. A. | GE3: Total C. A. | GF3: Exam | GG3: Total | GH3: Position | GI3: Grade | GJ3: Teacher's Comment | GL3: Names | GM3: 1st C. A. | GN3: 2st C. A. | GO3: 3st C. A. | GP3: 4st C. A. | GQ3: Total C. A. | GR3: Exam | GS3: Total | GT3: Position | GU3: Grade | GV3: Teacher's Comment | GX3: Names | GY3: 1st C. A. | GZ3: 2st C. A. | HA3: 3st C. A. | HB3: 4st C. A. | HC3: Total C. A. | HD3: Exam | HE3: Total | HF3: Position | HG3: Grade | HH3: Teacher's Comment | HJ3: Names | HK3: 1st C. A. | HL3: 2st C. A. | HM3: 3st C. A. | HN3: 4st C. A. | HO3: Total C. A. | HP3: Exam | HQ3: Total | HR3: Position | HS3: Grade | HT3: Teacher's Comment | HV3: Names | HW3: 1st C. A. | HX3: 2st C. A. | HY3: 3st C. A. | HZ3: 4st C. A. | IA3: Total C. A. | IB3: Exam | IC3: Total | ID3: Position | IE3: Grade | IF3: Teacher's Comment | IH3: Names | II3: 1st C. A. | IJ3: 2st C. A. | IK3: 3st C. A. | IL3: 4st C. A. | IM3: Total C. A. | IN3: Exam | IO3: Total | IP3: Position | IQ3: Grade | IR3: Teacher's Comment | IT3: Names | IU3: 1st C. A. | IV3: 2st C. A. | IW3: 3st C. A. | IX3: 4st C. A. | IY3: Total C. A. | IZ3: Exam | JA3: Total | JB3: Position | JC3: Grade | JD3: Teacher's Comment | JF3: Names | JG3: 1st C. A. | JH3: 2st C. A. | JI3: 3st C. A. | JJ3: 4st C. A. | JK3: Total C. A. | JL3: Exam | JM3: Total | JN3: Position | JO3: Grade | JP3: Teacher's Comment | JR3: Names | JS3: 1st C. A. | JT3: 2st C. A. | JU3: 3st C. A. | JV3: 4st C. A. | JW3: Total C. A. | JX3: Exam | JY3: Total | JZ3: Position | KA3: Grade | KB3: Teacher's Comment
A4: 1 | B4: =Data!B2 -> ALI AHMED ASHEMI | C4: 6 | D4: 4 | E4: 1 | F4: 5 | G4: =SUM(C4:F4) -> 16 | H4: 27 | I4: =G4+H4 -> 43 | J4: =IF(I4<10,"",RANK(I4,I$4:I$57)) -> 15 | K4: =IF(I4>=75,"A1",IF(I4>=70,"B2",IF(I4>=65,"B3",IF(I4>=60,"C4",IF(I4>=55,"C5",IF(I4>=50,"C6",IF(I4>=45,"D7",IF(I4>=40,"E8",IF(I4>=6,"F",IF(I4<5,"")))))))))) -> E8 | L4: =IF(I4>=75,"Excellent",IF(I4>=70,"V.Good",IF(I4>=65,"Good",IF(I4>=60,"Credit",IF(I4>=55,"Credit",IF(I4>=50,"Credit",IF(I4>=45,"Pass",IF(I4>=40,"Pass",IF(I4>=6,"Fail",IF(I4<5,"")))))))))) -> Pass | M4: 1 | N4: =Data!B2 -> ALI AHMED ASHEMI | O4: 6 | P4: 4 | Q4: 1 | R4: 5 | S4: =SUM(O4:R4) -> 16 | T4: 27 | U4: =S4+T4 -> 43 | V4: =IF(U4<10,"",RANK(U4,U$4:U$57)) -> 11 | W4: =IF(U4>=75,"A1",IF(U4>=70,"B2",IF(U4>=65,"B3",IF(U4>=60,"C4",IF(U4>=55,"C5",IF(U4>=50,"C6",IF(U4>=45,"D7",IF(U4>=40,"E8",IF(U4>=6,"F",IF(U4<5,"")))))))))) -> E8 | X4: =IF(U4>=75,"Excellent",IF(U4>=70,"V.Good",IF(U4>=65,"Good",IF(U4>=60,"Credit",IF(U4>=55,"Credit",IF(U4>=50,"Credit",IF(U4>=45,"Pass",IF(U4>=40,"Pass",IF(U4>=6,"Fail",IF(U4<5,"")))))))))) -> Pass | Y4: 1 | Z4: =Data!B2 -> ALI AHMED ASHEMI | AA4: 6 | AB4: 4 | AC4: 1 | AD4: 5 | AE4: =SUM(AA4:AD4) -> 16 | AF4: 42 | AG4: =AE4+AF4 -> 58 | AH4: =IF(AG4<10,"",RANK(AG4,AG$4:AG$57)) -> 19 | AI4: =IF(AG4>=75,"A1",IF(AG4>=70,"B2",IF(AG4>=65,"B3",IF(AG4>=60,"C4",IF(AG4>=55,"C5",IF(AG4>=50,"C6",IF(AG4>=45,"D7",IF(AG4>=40,"E8",IF(AG4>=6,"F",IF(AG4<5,"")))))))))) -> C5 | AJ4: =IF(AG4>=75,"Excellent",IF(AG4>=70,"V.Good",IF(AG4>=65,"Good",IF(AG4>=60,"Credit",IF(AG4>=55,"Credit",IF(AG4>=50,"Credit",IF(AG4>=45,"Pass",IF(AG4>=40,"Pass",IF(AG4>=6,"Fail",IF(AG4<5,"")))))))))) -> Credit | AK4: 1 | AL4: =Data!B2 -> ALI AHMED ASHEMI | AQ4: =SUM(AM4:AP4) -> 0 | AS4: =AQ4+AR4 -> 0 | AT4: =IF(AS4<10,"",RANK(AS4,AS$4:AS$57)) | AU4: =IF(AS4>=75,"A1",IF(AS4>=70,"B2",IF(AS4>=65,"B3",IF(AS4>=60,"C4",IF(AS4>=55,"C5",IF(AS4>=50,"C6",IF(AS4>=45,"D7",IF(AS4>=40,"E8",IF(AS4>=6,"F",IF(AS4<5,"")))))))))) | AV4: =IF(AS4>=75,"Excellent",IF(AS4>=70,"V.Good",IF(AS4>=65,"Good",IF(AS4>=60,"Credit",IF(AS4>=55,"Credit",IF(AS4>=50,"Credit",IF(AS4>=45,"Pass",IF(AS4>=40,"Pass",IF(AS4>=6,"Fail",IF(AS4<5,"")))))))))) | AW4: 1 | AX4: =Data!B2 -> ALI AHMED ASHEMI | BC4: =SUM(AY4:BB4) -> 0 | BE4: =BC4+BD4 -> 0 | BF4: =IF(BE4<10,"",RANK(BE4,BE$4:BE$57)) | BG4: =IF(BE4>=75,"A1",IF(BE4>=70,"B2",IF(BE4>=65,"B3",IF(BE4>=60,"C4",IF(BE4>=55,"C5",IF(BE4>=50,"C6",IF(BE4>=45,"D7",IF(BE4>=40,"E8",IF(BE4>=6,"F",IF(BE4<5,"")))))))))) | BH4: =IF(BE4>=75,"Excellent",IF(BE4>=70,"V.Good",IF(BE4>=65,"Good",IF(BE4>=60,"Credit",IF(BE4>=55,"Credit",IF(BE4>=50,"Credit",IF(BE4>=45,"Pass",IF(BE4>=40,"Pass",IF(BE4>=6,"Fail",IF(BE4<5,"")))))))))) | BI4: 1 | BJ4: =Data!B2 -> ALI AHMED ASHEMI | BK4: 6 | BL4: 4 | BM4: 1 | BN4: 5 | BO4: =SUM(BK4:BN4) -> 16 | BP4: 42 | BQ4: =BO4+BP4 -> 58 | BR4: =IF(BQ4<10,"",RANK(BQ4,BQ$4:BQ$57)) -> 13 | BS4: =IF(BQ4>=75,"A1",IF(BQ4>=70,"B2",IF(BQ4>=65,"B3",IF(BQ4>=60,"C4",IF(BQ4>=55,"C5",IF(BQ4>=50,"C6",IF(BQ4>=45,"D7",IF(BQ4>=40,"E8",IF(BQ4>=6,"F",IF(BQ4<5,"")))))))))) -> C5 | BT4: =IF(BQ4>=75,"Excellent",IF(BQ4>=70,"V.Good",IF(BQ4>=65,"Good",IF(BQ4>=60,"Credit",IF(BQ4>=55,"Credit",IF(BQ4>=50,"Credit",IF(BQ4>=45,"Pass",IF(BQ4>=40,"Pass",IF(BQ4>=6,"Fail",IF(BQ4<5,"")))))))))) -> Credit | BU4: 1 | BV4: =Data!B2 -> ALI AHMED ASHEMI | BW4: 6 | BX4: 4 | BY4: 9 | BZ4: 7 | CA4: =SUM(BW4:BZ4) -> 26 | CB4: 26 | CC4: =CA4+CB4 -> 52 | CD4: =IF(CC4<10,"",RANK(CC4,CC$4:CC$57)) -> 18 | CE4: =IF(CC4>=75,"A1",IF(CC4>=70,"B2",IF(CC4>=65,"B3",IF(CC4>=60,"C4",IF(CC4>=55,"C5",IF(CC4>=50,"C6",IF(CC4>=45,"D7",IF(CC4>=40,"E8",IF(CC4>=6,"F",IF(CC4<5,"")))))))))) -> C6 | CF4: =IF(CC4>=75,"Excellent",IF(CC4>=70,"V.Good",IF(CC4>=65,"Good",IF(CC4>=60,"Credit",IF(CC4>=55,"Credit",IF(CC4>=50,"Credit",IF(CC4>=45,"Pass",IF(CC4>=40,"Pass",IF(CC4>=6,"Fail",IF(CC4<5,"")))))))))) -> Credit | CG4: 1 | CH4: =Data!B2 -> ALI AHMED ASHEMI | CM4: =SUM(CI4:CL4) -> 0 | CO4: =CM4+CN4 -> 0 | CP4: =IF(CO4<10,"",RANK(CO4,CO$4:CO$57)) | CQ4: =IF(CO4>=75,"A1",IF(CO4>=70,"B2",IF(CO4>=65,"B3",IF(CO4>=60,"C4",IF(CO4>=55,"C5",IF(CO4>=50,"C6",IF(CO4>=45,"D7",IF(CO4>=40,"E8",IF(CO4>=6,"F",IF(CO4<5,"")))))))))) | CR4: =IF(CO4>=75,"Excellent",IF(CO4>=70,"V.Good",IF(CO4>=65,"Good",IF(CO4>=60,"Credit",IF(CO4>=55,"Credit",IF(CO4>=50,"Credit",IF(CO4>=45,"Pass",IF(CO4>=40,"Pass",IF(CO4>=6,"Fail",IF(CO4<5,"")))))))))) | CS4: 1 | CT4: =Data!B2 -> ALI AHMED ASHEMI | CY4: =SUM(CU4:CX4) -> 0 | DA4: =CY4+CZ4 -> 0 | DB4: =IF(DA4<10,"",RANK(DA4,DA$4:DA$57)) | DC4: =IF(DA4>=75,"A1",IF(DA4>=70,"B2",IF(DA4>=65,"B3",IF(DA4>=60,"C4",IF(DA4>=55,"C5",IF(DA4>=50,"C6",IF(DA4>=45,"D7",IF(DA4>=40,"E8",IF(DA4>=6,"F",IF(DA4<5,"")))))))))) | DD4: =IF(DA4>=75,"Excellent",IF(DA4>=70,"V.Good",IF(DA4>=65,"Good",IF(DA4>=60,"Credit",IF(DA4>=55,"Credit",IF(DA4>=50,"Credit",IF(DA4>=45,"Pass",IF(DA4>=40,"Pass",IF(DA4>=6,"Fail",IF(DA4<5,"")))))))))) | DE4: 1 | DF4: =Data!B2 -> ALI AHMED ASHEMI | DK4: =SUM(DG4:DJ4) -> 0 | DM4: =DK4+DL4 -> 0 | DN4: =IF(DM4<10,"",RANK(DM4,DM$4:DM$57)) | DO4: =IF(DM4>=75,"A1",IF(DM4>=70,"B2",IF(DM4>=65,"B3",IF(DM4>=60,"C4",IF(DM4>=55,"C5",IF(DM4>=50,"C6",IF(DM4>=45,"D7",IF(DM4>=40,"E8",IF(DM4>=6,"F",IF(DM4<5,"")))))))))) | DP4: =IF(DM4>=75,"Excellent",IF(DM4>=70,"V.Good",IF(DM4>=65,"Good",IF(DM4>=60,"Credit",IF(DM4>=55,"Credit",IF(DM4>=50,"Credit",IF(DM4>=45,"Pass",IF(DM4>=40,"Pass",IF(DM4>=6,"Fail",IF(DM4<5,"")))))))))) | DQ4: 1 | DR4: =Data!B2 -> ALI AHMED ASHEMI | DW4: =SUM(DS4:DV4) -> 0 | DY4: =DW4+DX4 -> 0 | DZ4: =IF(DY4<10,"",RANK(DY4,DY$4:DY$57)) | EA4: =IF(DY4>=75,"A1",IF(DY4>=70,"B2",IF(DY4>=65,"B3",IF(DY4>=60,"C4",IF(DY4>=55,"C5",IF(DY4>=50,"C6",IF(DY4>=45,"D7",IF(DY4>=40,"E8",IF(DY4>=6,"F",IF(DY4<5,"")))))))))) | EB4: =IF(DY4>=75,"Excellent",IF(DY4>=70,"V.Good",IF(DY4>=65,"Good",IF(DY4>=60,"Credit",IF(DY4>=55,"Credit",IF(DY4>=50,"Credit",IF(DY4>=45,"Pass",IF(DY4>=40,"Pass",IF(DY4>=6,"Fail",IF(DY4<5,"")))))))))) | EC4: 1 | ED4: =Data!B2 -> ALI AHMED ASHEMI | EI4: =SUM(EE4:EH4) -> 0 | EK4: =EI4+EJ4 -> 0 | EL4: =IF(EK4<10,"",RANK(EK4,EK$4:EK$57)) | EM4: =IF(EK4>=75,"A1",IF(EK4>=70,"B2",IF(EK4>=65,"B3",IF(EK4>=60,"C4",IF(EK4>=55,"C5",IF(EK4>=50,"C6",IF(EK4>=45,"D7",IF(EK4>=40,"E8",IF(EK4>=6,"F",IF(EK4<5,"")))))))))) | EN4: =IF(EK4>=75,"Excellent",IF(EK4>=70,"V.Good",IF(EK4>=65,"Good",IF(EK4>=60,"Credit",IF(EK4>=55,"Credit",IF(EK4>=50,"Credit",IF(EK4>=45,"Pass",IF(EK4>=40,"Pass",IF(EK4>=6,"Fail",IF(EK4<5,"")))))))))) | EO4: 1 | EP4: =Data!B2 -> ALI AHMED ASHEMI | EU4: =SUM(EQ4:ET4) -> 0 | EW4: =EU4+EV4 -> 0 | EX4: =IF(EW4<10,"",RANK(EW4,EW$4:EW$57)) | EY4: =IF(EW4>=75,"A1",IF(EW4>=70,"B2",IF(EW4>=65,"B3",IF(EW4>=60,"C4",IF(EW4>=55,"C5",IF(EW4>=50,"C6",IF(EW4>=45,"D7",IF(EW4>=40,"E8",IF(EW4>=6,"F",IF(EW4<5,"")))))))))) | EZ4: =IF(EW4>=75,"Excellent",IF(EW4>=70,"V.Good",IF(EW4>=65,"Good",IF(EW4>=60,"Credit",IF(EW4>=55,"Credit",IF(EW4>=50,"Credit",IF(EW4>=45,"Pass",IF(EW4>=40,"Pass",IF(EW4>=6,"Fail",IF(EW4<5,"")))))))))) | FA4: 1 | FB4: =Data!B2 -> ALI AHMED ASHEMI | FG4: =SUM(FC4:FF4) -> 0 | FI4: =FG4+FH4 -> 0 | FJ4: =IF(FI4<10,"",RANK(FI4,FI$4:FI$57)) | FK4: =IF(FI4>=75,"A",IF(FI4>=70,"B2",IF(FI4>=50,"C",IF(FI4>=45,"D",IF(FI4>=40,"E",IF(FI4>=6,"F",IF(FI4<5,""))))))) | FL4: =IF(FI4>=75,"Excellent",IF(FI4>=70,"V.Good",IF(FI4>=65,"Good",IF(FI4>=60,"Credit",IF(FI4>=55,"Credit",IF(FI4>=50,"Credit",IF(FI4>=45,"Pass",IF(FI4>=40,"Pass",IF(FI4>=6,"Fail",IF(FI4<5,"")))))))))) | FM4: 1 | FN4: =Data!B2 -> ALI AHMED ASHEMI | FS4: =SUM(FO4:FR4) -> 0 | FU4: =FS4+FT4 -> 0 | FV4: =IF(FU4<10,"",RANK(FU4,FU$4:FU$57)) | FW4: =IF(FU4>=75,"A",IF(FU4>=70,"B2",IF(FU4>=50,"C",IF(FU4>=45,"D",IF(FU4>=40,"E",IF(FU4>=6,"F",IF(FU4<5,""))))))) | FX4: =IF(FU4>=75,"Excellent",IF(FU4>=70,"V.Good",IF(FU4>=65,"Good",IF(FU4>=60,"Credit",IF(FU4>=55,"Credit",IF(FU4>=50,"Credit",IF(FU4>=45,"Pass",IF(FU4>=40,"Pass",IF(FU4>=6,"Fail",IF(FU4<5,"")))))))))) | FY4: 1 | FZ4: =Data!B2 -> ALI AHMED ASHEMI | GA4: 7 | GB4: 7 | GC4: 8 | GD4: 7 | GE4: =SUM(GA4:GD4) -> 29 | GF4: 26 | GG4: =GE4+GF4 -> 55 | GH4: =IF(GG4<10,"",RANK(GG4,GG$4:GG$57)) -> 21 | GI4: =IF(GG4>=75,"A",IF(GG4>=70,"B2",IF(GG4>=50,"C",IF(GG4>=45,"D",IF(GG4>=40,"E",IF(GG4>=6,"F",IF(GG4<5,""))))))) -> C | GJ4: =IF(GG4>=75,"Excellent",IF(GG4>=70,"V.Good",IF(GG4>=65,"Good",IF(GG4>=60,"Credit",IF(GG4>=55,"Credit",IF(GG4>=50,"Credit",IF(GG4>=45,"Pass",IF(GG4>=40,"Pass",IF(GG4>=6,"Fail",IF(GG4<5,"")))))))))) -> Credit | GK4: 1 | GL4: =Data!B2 -> ALI AHMED ASHEMI | GQ4: =SUM(GM4:GP4) -> 0 | GS4: =GQ4+GR4 -> 0 | GT4: =IF(GS4<10,"",RANK(GS4,GS$4:GS$57)) | GU4: =IF(GS4>=75,"A",IF(GS4>=70,"B2",IF(GS4>=50,"C",IF(GS4>=45,"D",IF(GS4>=40,"E",IF(GS4>=6,"F",IF(GS4<5,""))))))) | GV4: =IF(GS4>=75,"Excellent",IF(GS4>=70,"V.Good",IF(GS4>=65,"Good",IF(GS4>=60,"Credit",IF(GS4>=55,"Credit",IF(GS4>=50,"Credit",IF(GS4>=45,"Pass",IF(GS4>=40,"Pass",IF(GS4>=6,"Fail",IF(GS4<5,"")))))))))) | GW4: 1 | GX4: =Data!B2 -> ALI AHMED ASHEMI | HC4: =SUM(GY4:HB4) -> 0 | HE4: =HC4+HD4 -> 0 | HF4: =IF(HE4<10,"",RANK(HE4,HE$4:HE$57)) | HG4: =IF(HE4>=75,"A",IF(HE4>=70,"B2",IF(HE4>=50,"C",IF(HE4>=45,"D",IF(HE4>=40,"E",IF(HE4>=6,"F",IF(HE4<5,""))))))) | HH4: =IF(HE4>=75,"Excellent",IF(HE4>=70,"V.Good",IF(HE4>=65,"Good",IF(HE4>=60,"Credit",IF(HE4>=55,"Credit",IF(HE4>=50,"Credit",IF(HE4>=45,"Pass",IF(HE4>=40,"Pass",IF(HE4>=6,"Fail",IF(HE4<5,"")))))))))) | HI4: 1 | HJ4: =Data!B2 -> ALI AHMED ASHEMI | HO4: =SUM(HK4:HN4) -> 0 | HQ4: =HO4+HP4 -> 0 | HR4: =IF(HQ4<10,"",RANK(HQ4,HQ$4:HQ$57)) | HS4: =IF(HQ4>=75,"A",IF(HQ4>=70,"B2",IF(HQ4>=50,"C",IF(HQ4>=45,"D",IF(HQ4>=40,"E",IF(HQ4>=6,"F",IF(HQ4<5,""))))))) | HT4: =IF(HQ4>=75,"Excellent",IF(HQ4>=70,"V.Good",IF(HQ4>=65,"Good",IF(HQ4>=60,"Credit",IF(HQ4>=55,"Credit",IF(HQ4>=50,"Credit",IF(HQ4>=45,"Pass",IF(HQ4>=40,"Pass",IF(HQ4>=6,"Fail",IF(HQ4<5,"")))))))))) | HU4: 1 | HV4: =Data!B2 -> ALI AHMED ASHEMI | IA4: =SUM(HW4:HZ4) -> 0 | IC4: =IA4+IB4 -> 0 | ID4: =IF(IC4<10,"",RANK(IC4,IC$4:IC$57)) | IE4: =IF(IC4>=75,"A",IF(IC4>=70,"B2",IF(IC4>=50,"C",IF(IC4>=45,"D",IF(IC4>=40,"E",IF(IC4>=6,"F",IF(IC4<5,""))))))) | IF4: =IF(IC4>=75,"Excellent",IF(IC4>=70,"V.Good",IF(IC4>=65,"Good",IF(IC4>=60,"Credit",IF(IC4>=55,"Credit",IF(IC4>=50,"Credit",IF(IC4>=45,"Pass",IF(IC4>=40,"Pass",IF(IC4>=6,"Fail",IF(IC4<5,"")))))))))) | IG4: 1 | IH4: =Data!B2 -> ALI AHMED ASHEMI | IM4: =SUM(II4:IL4) -> 0 | IO4: =IM4+IN4 -> 0 | IP4: =IF(IO4<10,"",RANK(IO4,IO$4:IO$57)) | IQ4: =IF(IO4>=75,"A",IF(IO4>=70,"B2",IF(IO4>=50,"C",IF(IO4>=45,"D",IF(IO4>=40,"E",IF(IO4>=6,"F",IF(IO4<5,""))))))) | IR4: =IF(IO4>=75,"Excellent",IF(IO4>=70,"V.Good",IF(IO4>=65,"Good",IF(IO4>=60,"Credit",IF(IO4>=55,"Credit",IF(IO4>=50,"Credit",IF(IO4>=45,"Pass",IF(IO4>=40,"Pass",IF(IO4>=6,"Fail",IF(IO4<5,"")))))))))) | IS4: 1 | IT4: =IH4 -> ALI AHMED ASHEMI | IU4: 6 | IV4: 4 | IW4: 1 | IX4: 5 | IY4: =SUM(IU4:IX4) -> 16 | IZ4: 42 | JA4: =IY4+IZ4 -> 58 | JB4: =IF(JA4<10,"",RANK(JA4,JA$4:JA$57)) -> 13 | JC4: =IF(JA4>=75,"A",IF(JA4>=70,"B2",IF(JA4>=50,"C",IF(JA4>=45,"D",IF(JA4>=40,"E",IF(JA4>=6,"F",IF(JA4<5,""))))))) -> C | JD4: =IF(JA4>=75,"Excellent",IF(JA4>=70,"V.Good",IF(JA4>=65,"Good",IF(JA4>=60,"Credit",IF(JA4>=55,"Credit",IF(JA4>=50,"Credit",IF(JA4>=45,"Pass",IF(JA4>=40,"Pass",IF(JA4>=6,"Fail",IF(JA4<5,"")))))))))) -> Credit | JE4: 1 | JF4: =IT4 -> ALI AHMED ASHEMI | JK4: =SUM(JG4:JJ4) -> 0 | JM4: =JK4+JL4 -> 0 | JN4: =IF(JM4<10,"",RANK(JM4,JM$4:JM$57)) | JO4: =IF(JM4>=75,"A",IF(JM4>=70,"B2",IF(JM4>=50,"C",IF(JM4>=45,"D",IF(JM4>=40,"E",IF(JM4>=6,"F",IF(JM4<5,""))))))) | JP4: =IF(JM4>=75,"Excellent",IF(JM4>=70,"V.Good",IF(JM4>=65,"Good",IF(JM4>=60,"Credit",IF(JM4>=55,"Credit",IF(JM4>=50,"Credit",IF(JM4>=45,"Pass",IF(JM4>=40,"Pass",IF(JM4>=6,"Fail",IF(JM4<5,"")))))))))) | JQ4: 1 | JR4: =JF4 -> ALI AHMED ASHEMI | JW4: =SUM(JS4:JV4) -> 0 | JY4: =JW4+JX4 -> 0 | JZ4: =IF(JY4<10,"",RANK(JY4,JY$4:JY$57)) | KA4: =IF(JY4>=75,"A",IF(JY4>=70,"B2",IF(JY4>=50,"C",IF(JY4>=45,"D",IF(JY4>=40,"E",IF(JY4>=6,"F",IF(JY4<5,""))))))) | KB4: =IF(JY4>=75,"Excellent",IF(JY4>=70,"V.Good",IF(JY4>=65,"Good",IF(JY4>=60,"Credit",IF(JY4>=55,"Credit",IF(JY4>=50,"Credit",IF(JY4>=45,"Pass",IF(JY4>=40,"Pass",IF(JY4>=6,"Fail",IF(JY4<5,""))))))))))
A5: 2 | B5: =Data!B3 -> ALHAJI MUSTAPHA ABUBAKAR | C5: 4 | D5: 2 | E5: 1 | F5: 1 | G5: =SUM(C5:F5) -> 8 | H5: 23 | I5: =G5+H5 -> 31 | J5: =IF(I5<10,"",RANK(I5,I$4:I$57)) -> 30 | K5: =IF(I5>=75,"A1",IF(I5>=70,"B2",IF(I5>=65,"B3",IF(I5>=60,"C4",IF(I5>=55,"C5",IF(I5>=50,"C6",IF(I5>=45,"D7",IF(I5>=40,"E8",IF(I5>=6,"F",IF(I5<5,"")))))))))) -> F | L5: =IF(I5>=75,"Excellent",IF(I5>=70,"V.Good",IF(I5>=65,"Good",IF(I5>=60,"Credit",IF(I5>=55,"Credit",IF(I5>=50,"Credit",IF(I5>=45,"Pass",IF(I5>=40,"Pass",IF(I5>=6,"Fail",IF(I5<5,"")))))))))) -> Fail | M5: 2 | N5: =Data!B3 -> ALHAJI MUSTAPHA ABUBAKAR | O5: 4 | P5: 2 | Q5: 1 | R5: 1 | S5: =SUM(O5:R5) -> 8 | T5: 23 | U5: =S5+T5 -> 31 | V5: =IF(U5<10,"",RANK(U5,U$4:U$57)) -> 20 | W5: =IF(U5>=75,"A1",IF(U5>=70,"B2",IF(U5>=65,"B3",IF(U5>=60,"C4",IF(U5>=55,"C5",IF(U5>=50,"C6",IF(U5>=45,"D7",IF(U5>=40,"E8",IF(U5>=6,"F",IF(U5<5,"")))))))))) -> F | X5: =IF(U5>=75,"Excellent",IF(U5>=70,"V.Good",IF(U5>=65,"Good",IF(U5>=60,"Credit",IF(U5>=55,"Credit",IF(U5>=50,"Credit",IF(U5>=45,"Pass",IF(U5>=40,"Pass",IF(U5>=6,"Fail",IF(U5<5,"")))))))))) -> Fail | Y5: 2 | Z5: =Data!B3 -> ALHAJI MUSTAPHA ABUBAKAR | AA5: 4 | AB5: 2 | AC5: 1 | AD5: 1 | AE5: =SUM(AA5:AD5) -> 8 | AF5: 42 | AG5: =AE5+AF5 -> 50 | AH5: =IF(AG5<10,"",RANK(AG5,AG$4:AG$57)) -> 36 | AI5: =IF(AG5>=75,"A1",IF(AG5>=70,"B2",IF(AG5>=65,"B3",IF(AG5>=60,"C4",IF(AG5>=55,"C5",IF(AG5>=50,"C6",IF(AG5>=45,"D7",IF(AG5>=40,"E8",IF(AG5>=6,"F",IF(AG5<5,"")))))))))) -> C6 | AJ5: =IF(AG5>=75,"Excellent",IF(AG5>=70,"V.Good",IF(AG5>=65,"Good",IF(AG5>=60,"Credit",IF(AG5>=55,"Credit",IF(AG5>=50,"Credit",IF(AG5>=45,"Pass",IF(AG5>=40,"Pass",IF(AG5>=6,"Fail",IF(AG5<5,"")))))))))) -> Credit | AK5: 2 | AL5: =Data!B3 -> ALHAJI MUSTAPHA ABUBAKAR | AQ5: =SUM(AM5:AP5) -> 0 | AS5: =AQ5+AR5 -> 0 | AT5: =IF(AS5<10,"",RANK(AS5,AS$4:AS$57)) | AU5: =IF(AS5>=75,"A1",IF(AS5>=70,"B2",IF(AS5>=65,"B3",IF(AS5>=60,"C4",IF(AS5>=55,"C5",IF(AS5>=50,"C6",IF(AS5>=45,"D7",IF(AS5>=40,"E8",IF(AS5>=6,"F",IF(AS5<5,"")))))))))) | AV5: =IF(AS5>=75,"Excellent",IF(AS5>=70,"V.Good",IF(AS5>=65,"Good",IF(AS5>=60,"Credit",IF(AS5>=55,"Credit",IF(AS5>=50,"Credit",IF(AS5>=45,"Pass",IF(AS5>=40,"Pass",IF(AS5>=6,"Fail",IF(AS5<5,"")))))))))) | AW5: 2 | AX5: =Data!B3 -> ALHAJI MUSTAPHA ABUBAKAR | BC5: =SUM(AY5:BB5) -> 0 | BE5: =BC5+BD5 -> 0 | BF5: =IF(BE5<10,"",RANK(BE5,BE$4:BE$57)) | BG5: =IF(BE5>=75,"A1",IF(BE5>=70,"B2",IF(BE5>=65,"B3",IF(BE5>=60,"C4",IF(BE5>=55,"C5",IF(BE5>=50,"C6",IF(BE5>=45,"D7",IF(BE5>=40,"E8",IF(BE5>=6,"F",IF(BE5<5,"")))))))))) | BH5: =IF(BE5>=75,"Excellent",IF(BE5>=70,"V.Good",IF(BE5>=65,"Good",IF(BE5>=60,"Credit",IF(BE5>=55,"Credit",IF(BE5>=50,"Credit",IF(BE5>=45,"Pass",IF(BE5>=40,"Pass",IF(BE5>=6,"Fail",IF(BE5<5,"")))))))))) | BI5: 2 | BJ5: =Data!B3 -> ALHAJI MUSTAPHA ABUBAKAR | BK5: 4 | BL5: 2 | BM5: 1 | BN5: 1 | BO5: =SUM(BK5:BN5) -> 8 | BP5: 42 | BQ5: =BO5+BP5 -> 50 | BR5: =IF(BQ5<10,"",RANK(BQ5,BQ$4:BQ$57)) -> 25 | BS5: =IF(BQ5>=75,"A1",IF(BQ5>=70,"B2",IF(BQ5>=65,"B3",IF(BQ5>=60,"C4",IF(BQ5>=55,"C5",IF(BQ5>=50,"C6",IF(BQ5>=45,"D7",IF(BQ5>=40,"E8",IF(BQ5>=6,"F",IF(BQ5<5,"")))))))))) -> C6 | BT5: =IF(BQ5>=75,"Excellent",IF(BQ5>=70,"V.Good",IF(BQ5>=65,"Good",IF(BQ5>=60,"Credit",IF(BQ5>=55,"Credit",IF(BQ5>=50,"Credit",IF(BQ5>=45,"Pass",IF(BQ5>=40,"Pass",IF(BQ5>=6,"Fail",IF(BQ5<5,"")))))))))) -> Credit | BU5: 2 | BV5: =Data!B3 -> ALHAJI MUSTAPHA ABUBAKAR | BW5: 7 | BX5: 2 | BY5: 8 | BZ5: 5 | CA5: =SUM(BW5:BZ5) -> 22 | CB5: 15 | CC5: =CA5+CB5 -> 37 | CD5: =IF(CC5<10,"",RANK(CC5,CC$4:CC$57)) -> 42 | CE5: =IF(CC5>=75,"A1",IF(CC5>=70,"B2",IF(CC5>=65,"B3",IF(CC5>=60,"C4",IF(CC5>=55,"C5",IF(CC5>=50,"C6",IF(CC5>=45,"D7",IF(CC5>=40,"E8",IF(CC5>=6,"F",IF(CC5<5,"")))))))))) -> F | CF5: =IF(CC5>=75,"Excellent",IF(CC5>=70,"V.Good",IF(CC5>=65,"Good",IF(CC5>=60,"Credit",IF(CC5>=55,"Credit",IF(CC5>=50,"Credit",IF(CC5>=45,"Pass",IF(CC5>=40,"Pass",IF(CC5>=6,"Fail",IF(CC5<5,"")))))))))) -> Fail | CG5: 2 | CH5: =Data!B3 -> ALHAJI MUSTAPHA ABUBAKAR | CM5: =SUM(CI5:CL5) -> 0 | CO5: =CM5+CN5 -> 0 | CP5: =IF(CO5<10,"",RANK(CO5,CO$4:CO$57)) | CQ5: =IF(CO5>=75,"A1",IF(CO5>=70,"B2",IF(CO5>=65,"B3",IF(CO5>=60,"C4",IF(CO5>=55,"C5",IF(CO5>=50,"C6",IF(CO5>=45,"D7",IF(CO5>=40,"E8",IF(CO5>=6,"F",IF(CO5<5,"")))))))))) | CR5: =IF(CO5>=75,"Excellent",IF(CO5>=70,"V.Good",IF(CO5>=65,"Good",IF(CO5>=60,"Credit",IF(CO5>=55,"Credit",IF(CO5>=50,"Credit",IF(CO5>=45,"Pass",IF(CO5>=40,"Pass",IF(CO5>=6,"Fail",IF(CO5<5,"")))))))))) | CS5: 2 | CT5: =Data!B3 -> ALHAJI MUSTAPHA ABUBAKAR | CY5: =SUM(CU5:CX5) -> 0 | DA5: =CY5+CZ5 -> 0 | DB5: =IF(DA5<10,"",RANK(DA5,DA$4:DA$57)) | DC5: =IF(DA5>=75,"A1",IF(DA5>=70,"B2",IF(DA5>=65,"B3",IF(DA5>=60,"C4",IF(DA5>=55,"C5",IF(DA5>=50,"C6",IF(DA5>=45,"D7",IF(DA5>=40,"E8",IF(DA5>=6,"F",IF(DA5<5,"")))))))))) | DD5: =IF(DA5>=75,"Excellent",IF(DA5>=70,"V.Good",IF(DA5>=65,"Good",IF(DA5>=60,"Credit",IF(DA5>=55,"Credit",IF(DA5>=50,"Credit",IF(DA5>=45,"Pass",IF(DA5>=40,"Pass",IF(DA5>=6,"Fail",IF(DA5<5,"")))))))))) | DE5: 2 | DF5: =Data!B3 -> ALHAJI MUSTAPHA ABUBAKAR | DG5: 5 | DH5: 1 | DI5: 2 | DJ5: 5 | DK5: =SUM(DG5:DJ5) -> 13 | DL5: 17 | DM5: =DK5+DL5 -> 30 | DN5: =IF(DM5<10,"",RANK(DM5,DM$4:DM$57)) -> 12 | DO5: =IF(DM5>=75,"A1",IF(DM5>=70,"B2",IF(DM5>=65,"B3",IF(DM5>=60,"C4",IF(DM5>=55,"C5",IF(DM5>=50,"C6",IF(DM5>=45,"D7",IF(DM5>=40,"E8",IF(DM5>=6,"F",IF(DM5<5,"")))))))))) -> F | DP5: =IF(DM5>=75,"Excellent",IF(DM5>=70,"V.Good",IF(DM5>=65,"Good",IF(DM5>=60,"Credit",IF(DM5>=55,"Credit",IF(DM5>=50,"Credit",IF(DM5>=45,"Pass",IF(DM5>=40,"Pass",IF(DM5>=6,"Fail",IF(DM5<5,"")))))))))) -> Fail | DQ5: 2 | DR5: =Data!B3 -> ALHAJI MUSTAPHA ABUBAKAR | DW5: =SUM(DS5:DV5) -> 0 | DY5: =DW5+DX5 -> 0 | DZ5: =IF(DY5<10,"",RANK(DY5,DY$4:DY$57)) | EA5: =IF(DY5>=75,"A1",IF(DY5>=70,"B2",IF(DY5>=65,"B3",IF(DY5>=60,"C4",IF(DY5>=55,"C5",IF(DY5>=50,"C6",IF(DY5>=45,"D7",IF(DY5>=40,"E8",IF(DY5>=6,"F",IF(DY5<5,"")))))))))) | EB5: =IF(DY5>=75,"Excellent",IF(DY5>=70,"V.Good",IF(DY5>=65,"Good",IF(DY5>=60,"Credit",IF(DY5>=55,"Credit",IF(DY5>=50,"Credit",IF(DY5>=45,"Pass",IF(DY5>=40,"Pass",IF(DY5>=6,"Fail",IF(DY5<5,"")))))))))) | EC5: 2 | ED5: =Data!B3 -> ALHAJI MUSTAPHA ABUBAKAR | EI5: =SUM(EE5:EH5) -> 0 | EK5: =EI5+EJ5 -> 0 | EL5: =IF(EK5<10,"",RANK(EK5,EK$4:EK$57)) | EM5: =IF(EK5>=75,"A1",IF(EK5>=70,"B2",IF(EK5>=65,"B3",IF(EK5>=60,"C4",IF(EK5>=55,"C5",IF(EK5>=50,"C6",IF(EK5>=45,"D7",IF(EK5>=40,"E8",IF(EK5>=6,"F",IF(EK5<5,"")))))))))) | EN5: =IF(EK5>=75,"Excellent",IF(EK5>=70,"V.Good",IF(EK5>=65,"Good",IF(EK5>=60,"Credit",IF(EK5>=55,"Credit",IF(EK5>=50,"Credit",IF(EK5>=45,"Pass",IF(EK5>=40,"Pass",IF(EK5>=6,"Fail",IF(EK5<5,"")))))))))) | EO5: 2 | EP5: =Data!B3 -> ALHAJI MUSTAPHA ABUBAKAR | EU5: =SUM(EQ5:ET5) -> 0 | EW5: =EU5+EV5 -> 0 | EX5: =IF(EW5<10,"",RANK(EW5,EW$4:EW$57)) | EY5: =IF(EW5>=75,"A1",IF(EW5>=70,"B2",IF(EW5>=65,"B3",IF(EW5>=60,"C4",IF(EW5>=55,"C5",IF(EW5>=50,"C6",IF(EW5>=45,"D7",IF(EW5>=40,"E8",IF(EW5>=6,"F",IF(EW5<5,"")))))))))) | EZ5: =IF(EW5>=75,"Excellent",IF(EW5>=70,"V.Good",IF(EW5>=65,"Good",IF(EW5>=60,"Credit",IF(EW5>=55,"Credit",IF(EW5>=50,"Credit",IF(EW5>=45,"Pass",IF(EW5>=40,"Pass",IF(EW5>=6,"Fail",IF(EW5<5,"")))))))))) | FA5: 2 | FB5: =Data!B3 -> ALHAJI MUSTAPHA ABUBAKAR | FG5: =SUM(FC5:FF5) -> 0 | FI5: =FG5+FH5 -> 0 | FJ5: =IF(FI5<10,"",RANK(FI5,FI$4:FI$57)) | FK5: =IF(FI5>=75,"A",IF(FI5>=70,"B2",IF(FI5>=50,"C",IF(FI5>=45,"D",IF(FI5>=40,"E",IF(FI5>=6,"F",IF(FI5<5,""))))))) | FL5: =IF(FI5>=75,"Excellent",IF(FI5>=70,"V.Good",IF(FI5>=65,"Good",IF(FI5>=60,"Credit",IF(FI5>=55,"Credit",IF(FI5>=50,"Credit",IF(FI5>=45,"Pass",IF(FI5>=40,"Pass",IF(FI5>=6,"Fail",IF(FI5<5,"")))))))))) | FM5: 2 | FN5: =Data!B3 -> ALHAJI MUSTAPHA ABUBAKAR | FS5: =SUM(FO5:FR5) -> 0 | FU5: =FS5+FT5 -> 0 | FV5: =IF(FU5<10,"",RANK(FU5,FU$4:FU$57)) | FW5: =IF(FU5>=75,"A",IF(FU5>=70,"B2",IF(FU5>=50,"C",IF(FU5>=45,"D",IF(FU5>=40,"E",IF(FU5>=6,"F",IF(FU5<5,""))))))) | FX5: =IF(FU5>=75,"Excellent",IF(FU5>=70,"V.Good",IF(FU5>=65,"Good",IF(FU5>=60,"Credit",IF(FU5>=55,"Credit",IF(FU5>=50,"Credit",IF(FU5>=45,"Pass",IF(FU5>=40,"Pass",IF(FU5>=6,"Fail",IF(FU5<5,"")))))))))) | FY5: 2 | FZ5: =Data!B3 -> ALHAJI MUSTAPHA ABUBAKAR | GA5: 6 | GB5: 5 | GC5: 2 | GD5: 2 | GE5: =SUM(GA5:GD5) -> 15 | GF5: 14 | GG5: =GE5+GF5 -> 29 | GH5: =IF(GG5<10,"",RANK(GG5,GG$4:GG$57)) -> 45 | GI5: =IF(GG5>=75,"A",IF(GG5>=70,"B2",IF(GG5>=50,"C",IF(GG5>=45,"D",IF(GG5>=40,"E",IF(GG5>=6,"F",IF(GG5<5,""))))))) -> F | GJ5: =IF(GG5>=75,"Excellent",IF(GG5>=70,"V.Good",IF(GG5>=65,"Good",IF(GG5>=60,"Credit",IF(GG5>=55,"Credit",IF(GG5>=50,"Credit",IF(GG5>=45,"Pass",IF(GG5>=40,"Pass",IF(GG5>=6,"Fail",IF(GG5<5,"")))))))))) -> Fail | GK5: 2 | GL5: =Data!B3 -> ALHAJI MUSTAPHA ABUBAKAR | GQ5: =SUM(GM5:GP5) -> 0 | GS5: =GQ5+GR5 -> 0 | GT5: =IF(GS5<10,"",RANK(GS5,GS$4:GS$57)) | GU5: =IF(GS5>=75,"A",IF(GS5>=70,"B2",IF(GS5>=50,"C",IF(GS5>=45,"D",IF(GS5>=40,"E",IF(GS5>=6,"F",IF(GS5<5,""))))))) | GV5: =IF(GS5>=75,"Excellent",IF(GS5>=70,"V.Good",IF(GS5>=65,"Good",IF(GS5>=60,"Credit",IF(GS5>=55,"Credit",IF(GS5>=50,"Credit",IF(GS5>=45,"Pass",IF(GS5>=40,"Pass",IF(GS5>=6,"Fail",IF(GS5<5,"")))))))))) | GW5: 2 | GX5: =Data!B3 -> ALHAJI MUSTAPHA ABUBAKAR | HC5: =SUM(GY5:HB5) -> 0 | HE5: =HC5+HD5 -> 0 | HF5: =IF(HE5<10,"",RANK(HE5,HE$4:HE$57)) | HG5: =IF(HE5>=75,"A",IF(HE5>=70,"B2",IF(HE5>=50,"C",IF(HE5>=45,"D",IF(HE5>=40,"E",IF(HE5>=6,"F",IF(HE5<5,""))))))) | HH5: =IF(HE5>=75,"Excellent",IF(HE5>=70,"V.Good",IF(HE5>=65,"Good",IF(HE5>=60,"Credit",IF(HE5>=55,"Credit",IF(HE5>=50,"Credit",IF(HE5>=45,"Pass",IF(HE5>=40,"Pass",IF(HE5>=6,"Fail",IF(HE5<5,"")))))))))) | HI5: 2 | HJ5: =Data!B3 -> ALHAJI MUSTAPHA ABUBAKAR | HO5: =SUM(HK5:HN5) -> 0 | HQ5: =HO5+HP5 -> 0 | HR5: =IF(HQ5<10,"",RANK(HQ5,HQ$4:HQ$57)) | HS5: =IF(HQ5>=75,"A",IF(HQ5>=70,"B2",IF(HQ5>=50,"C",IF(HQ5>=45,"D",IF(HQ5>=40,"E",IF(HQ5>=6,"F",IF(HQ5<5,""))))))) | HT5: =IF(HQ5>=75,"Excellent",IF(HQ5>=70,"V.Good",IF(HQ5>=65,"Good",IF(HQ5>=60,"Credit",IF(HQ5>=55,"Credit",IF(HQ5>=50,"Credit",IF(HQ5>=45,"Pass",IF(HQ5>=40,"Pass",IF(HQ5>=6,"Fail",IF(HQ5<5,"")))))))))) | HU5: 2 | HV5: =Data!B3 -> ALHAJI MUSTAPHA ABUBAKAR | IA5: =SUM(HW5:HZ5) -> 0 | IC5: =IA5+IB5 -> 0 | ID5: =IF(IC5<10,"",RANK(IC5,IC$4:IC$57)) | IE5: =IF(IC5>=75,"A",IF(IC5>=70,"B2",IF(IC5>=50,"C",IF(IC5>=45,"D",IF(IC5>=40,"E",IF(IC5>=6,"F",IF(IC5<5,""))))))) | IF5: =IF(IC5>=75,"Excellent",IF(IC5>=70,"V.Good",IF(IC5>=65,"Good",IF(IC5>=60,"Credit",IF(IC5>=55,"Credit",IF(IC5>=50,"Credit",IF(IC5>=45,"Pass",IF(IC5>=40,"Pass",IF(IC5>=6,"Fail",IF(IC5<5,"")))))))))) | IG5: 2 | IH5: =Data!B3 -> ALHAJI MUSTAPHA ABUBAKAR | IM5: =SUM(II5:IL5) -> 0 | IO5: =IM5+IN5 -> 0 | IP5: =IF(IO5<10,"",RANK(IO5,IO$4:IO$57)) | IQ5: =IF(IO5>=75,"A",IF(IO5>=70,"B2",IF(IO5>=50,"C",IF(IO5>=45,"D",IF(IO5>=40,"E",IF(IO5>=6,"F",IF(IO5<5,""))))))) | IR5: =IF(IO5>=75,"Excellent",IF(IO5>=70,"V.Good",IF(IO5>=65,"Good",IF(IO5>=60,"Credit",IF(IO5>=55,"Credit",IF(IO5>=50,"Credit",IF(IO5>=45,"Pass",IF(IO5>=40,"Pass",IF(IO5>=6,"Fail",IF(IO5<5,"")))))))))) | IS5: 2 | IT5: =IH5 -> ALHAJI MUSTAPHA ABUBAKAR | IU5: 4 | IV5: 2 | IW5: 1 | IX5: 1 | IY5: =SUM(IU5:IX5) -> 8 | IZ5: 42 | JA5: =IY5+IZ5 -> 50 | JB5: =IF(JA5<10,"",RANK(JA5,JA$4:JA$57)) -> 25 | JC5: =IF(JA5>=75,"A",IF(JA5>=70,"B2",IF(JA5>=50,"C",IF(JA5>=45,"D",IF(JA5>=40,"E",IF(JA5>=6,"F",IF(JA5<5,""))))))) -> C | JD5: =IF(JA5>=75,"Excellent",IF(JA5>=70,"V.Good",IF(JA5>=65,"Good",IF(JA5>=60,"Credit",IF(JA5>=55,"Credit",IF(JA5>=50,"Credit",IF(JA5>=45,"Pass",IF(JA5>=40,"Pass",IF(JA5>=6,"Fail",IF(JA5<5,"")))))))))) -> Credit | JE5: 2 | JF5: =IT5 -> ALHAJI MUSTAPHA ABUBAKAR | JK5: =SUM(JG5:JJ5) -> 0 | JM5: =JK5+JL5 -> 0 | JN5: =IF(JM5<10,"",RANK(JM5,JM$4:JM$57)) | JO5: =IF(JM5>=75,"A",IF(JM5>=70,"B2",IF(JM5>=50,"C",IF(JM5>=45,"D",IF(JM5>=40,"E",IF(JM5>=6,"F",IF(JM5<5,""))))))) | JP5: =IF(JM5>=75,"Excellent",IF(JM5>=70,"V.Good",IF(JM5>=65,"Good",IF(JM5>=60,"Credit",IF(JM5>=55,"Credit",IF(JM5>=50,"Credit",IF(JM5>=45,"Pass",IF(JM5>=40,"Pass",IF(JM5>=6,"Fail",IF(JM5<5,"")))))))))) | JQ5: 2 | JR5: =JF5 -> ALHAJI MUSTAPHA ABUBAKAR | JW5: =SUM(JS5:JV5) -> 0 | JY5: =JW5+JX5 -> 0 | JZ5: =IF(JY5<10,"",RANK(JY5,JY$4:JY$57)) | KA5: =IF(JY5>=75,"A",IF(JY5>=70,"B2",IF(JY5>=50,"C",IF(JY5>=45,"D",IF(JY5>=40,"E",IF(JY5>=6,"F",IF(JY5<5,""))))))) | KB5: =IF(JY5>=75,"Excellent",IF(JY5>=70,"V.Good",IF(JY5>=65,"Good",IF(JY5>=60,"Credit",IF(JY5>=55,"Credit",IF(JY5>=50,"Credit",IF(JY5>=45,"Pass",IF(JY5>=40,"Pass",IF(JY5>=6,"Fail",IF(JY5<5,""))))))))))
A6: 3 | B6: =Data!B4 -> ALI MUHAMMED UMAR | C6: 9 | D6: 2 | E6: 1 | F6: 5 | G6: =SUM(C6:F6) -> 17 | H6: 24 | I6: =G6+H6 -> 41 | J6: =IF(I6<10,"",RANK(I6,I$4:I$57)) -> 19 | K6: =IF(I6>=75,"A1",IF(I6>=70,"B2",IF(I6>=65,"B3",IF(I6>=60,"C4",IF(I6>=55,"C5",IF(I6>=50,"C6",IF(I6>=45,"D7",IF(I6>=40,"E8",IF(I6>=6,"F",IF(I6<5,"")))))))))) -> E8 | L6: =IF(I6>=75,"Excellent",IF(I6>=70,"V.Good",IF(I6>=65,"Good",IF(I6>=60,"Credit",IF(I6>=55,"Credit",IF(I6>=50,"Credit",IF(I6>=45,"Pass",IF(I6>=40,"Pass",IF(I6>=6,"Fail",IF(I6<5,"")))))))))) -> Pass | M6: 3 | N6: =Data!B4 -> ALI MUHAMMED UMAR | O6: 9 | P6: 2 | Q6: 1 | R6: 5 | S6: =SUM(O6:R6) -> 17 | T6: 24 | U6: =S6+T6 -> 41 | V6: =IF(U6<10,"",RANK(U6,U$4:U$57)) -> 13 | W6: =IF(U6>=75,"A1",IF(U6>=70,"B2",IF(U6>=65,"B3",IF(U6>=60,"C4",IF(U6>=55,"C5",IF(U6>=50,"C6",IF(U6>=45,"D7",IF(U6>=40,"E8",IF(U6>=6,"F",IF(U6<5,"")))))))))) -> E8 | X6: =IF(U6>=75,"Excellent",IF(U6>=70,"V.Good",IF(U6>=65,"Good",IF(U6>=60,"Credit",IF(U6>=55,"Credit",IF(U6>=50,"Credit",IF(U6>=45,"Pass",IF(U6>=40,"Pass",IF(U6>=6,"Fail",IF(U6<5,"")))))))))) -> Pass | Y6: 3 | Z6: =Data!B4 -> ALI MUHAMMED UMAR | AA6: 9 | AB6: 2 | AC6: 1 | AD6: 5 | AE6: =SUM(AA6:AD6) -> 17 | AF6: 42 | AG6: =AE6+AF6 -> 59 | AH6: =IF(AG6<10,"",RANK(AG6,AG$4:AG$57)) -> 17 | AI6: =IF(AG6>=75,"A1",IF(AG6>=70,"B2",IF(AG6>=65,"B3",IF(AG6>=60,"C4",IF(AG6>=55,"C5",IF(AG6>=50,"C6",IF(AG6>=45,"D7",IF(AG6>=40,"E8",IF(AG6>=6,"F",IF(AG6<5,"")))))))))) -> C5 | AJ6: =IF(AG6>=75,"Excellent",IF(AG6>=70,"V.Good",IF(AG6>=65,"Good",IF(AG6>=60,"Credit",IF(AG6>=55,"Credit",IF(AG6>=50,"Credit",IF(AG6>=45,"Pass",IF(AG6>=40,"Pass",IF(AG6>=6,"Fail",IF(AG6<5,"")))))))))) -> Credit | AK6: 3 | AL6: =Data!B4 -> ALI MUHAMMED UMAR | AQ6: =SUM(AM6:AP6) -> 0 | AS6: =AQ6+AR6 -> 0 | AT6: =IF(AS6<10,"",RANK(AS6,AS$4:AS$57)) | AU6: =IF(AS6>=75,"A1",IF(AS6>=70,"B2",IF(AS6>=65,"B3",IF(AS6>=60,"C4",IF(AS6>=55,"C5",IF(AS6>=50,"C6",IF(AS6>=45,"D7",IF(AS6>=40,"E8",IF(AS6>=6,"F",IF(AS6<5,"")))))))))) | AV6: =IF(AS6>=75,"Excellent",IF(AS6>=70,"V.Good",IF(AS6>=65,"Good",IF(AS6>=60,"Credit",IF(AS6>=55,"Credit",IF(AS6>=50,"Credit",IF(AS6>=45,"Pass",IF(AS6>=40,"Pass",IF(AS6>=6,"Fail",IF(AS6<5,"")))))))))) | AW6: 3 | AX6: =Data!B4 -> ALI MUHAMMED UMAR | BC6: =SUM(AY6:BB6) -> 0 | BE6: =BC6+BD6 -> 0 | BF6: =IF(BE6<10,"",RANK(BE6,BE$4:BE$57)) | BG6: =IF(BE6>=75,"A1",IF(BE6>=70,"B2",IF(BE6>=65,"B3",IF(BE6>=60,"C4",IF(BE6>=55,"C5",IF(BE6>=50,"C6",IF(BE6>=45,"D7",IF(BE6>=40,"E8",IF(BE6>=6,"F",IF(BE6<5,"")))))))))) | BH6: =IF(BE6>=75,"Excellent",IF(BE6>=70,"V.Good",IF(BE6>=65,"Good",IF(BE6>=60,"Credit",IF(BE6>=55,"Credit",IF(BE6>=50,"Credit",IF(BE6>=45,"Pass",IF(BE6>=40,"Pass",IF(BE6>=6,"Fail",IF(BE6<5,"")))))))))) | BI6: 3 | BJ6: =Data!B4 -> ALI MUHAMMED UMAR | BK6: 9 | BL6: 2 | BM6: 1 | BN6: 5 | BO6: =SUM(BK6:BN6) -> 17 | BP6: 42 | BQ6: =BO6+BP6 -> 59 | BR6: =IF(BQ6<10,"",RANK(BQ6,BQ$4:BQ$57)) -> 12 | BS6: =IF(BQ6>=75,"A1",IF(BQ6>=70,"B2",IF(BQ6>=65,"B3",IF(BQ6>=60,"C4",IF(BQ6>=55,"C5",IF(BQ6>=50,"C6",IF(BQ6>=45,"D7",IF(BQ6>=40,"E8",IF(BQ6>=6,"F",IF(BQ6<5,"")))))))))) -> C5 | BT6: =IF(BQ6>=75,"Excellent",IF(BQ6>=70,"V.Good",IF(BQ6>=65,"Good",IF(BQ6>=60,"Credit",IF(BQ6>=55,"Credit",IF(BQ6>=50,"Credit",IF(BQ6>=45,"Pass",IF(BQ6>=40,"Pass",IF(BQ6>=6,"Fail",IF(BQ6<5,"")))))))))) -> Credit | BU6: 3 | BV6: =Data!B4 -> ALI MUHAMMED UMAR | BW6: 6 | BX6: 4 | BY6: 8 | BZ6: 9 | CA6: =SUM(BW6:BZ6) -> 27 | CB6: 22 | CC6: =CA6+CB6 -> 49 | CD6: =IF(CC6<10,"",RANK(CC6,CC$4:CC$57)) -> 26 | CE6: =IF(CC6>=75,"A1",IF(CC6>=70,"B2",IF(CC6>=65,"B3",IF(CC6>=60,"C4",IF(CC6>=55,"C5",IF(CC6>=50,"C6",IF(CC6>=45,"D7",IF(CC6>=40,"E8",IF(CC6>=6,"F",IF(CC6<5,"")))))))))) -> D7 | CF6: =IF(CC6>=75,"Excellent",IF(CC6>=70,"V.Good",IF(CC6>=65,"Good",IF(CC6>=60,"Credit",IF(CC6>=55,"Credit",IF(CC6>=50,"Credit",IF(CC6>=45,"Pass",IF(CC6>=40,"Pass",IF(CC6>=6,"Fail",IF(CC6<5,"")))))))))) -> Pass | CG6: 3 | CH6: =Data!B4 -> ALI MUHAMMED UMAR | CM6: =SUM(CI6:CL6) -> 0 | CO6: =CM6+CN6 -> 0 | CP6: =IF(CO6<10,"",RANK(CO6,CO$4:CO$57)) | CQ6: =IF(CO6>=75,"A1",IF(CO6>=70,"B2",IF(CO6>=65,"B3",IF(CO6>=60,"C4",IF(CO6>=55,"C5",IF(CO6>=50,"C6",IF(CO6>=45,"D7",IF(CO6>=40,"E8",IF(CO6>=6,"F",IF(CO6<5,"")))))))))) | CR6: =IF(CO6>=75,"Excellent",IF(CO6>=70,"V.Good",IF(CO6>=65,"Good",IF(CO6>=60,"Credit",IF(CO6>=55,"Credit",IF(CO6>=50,"Credit",IF(CO6>=45,"Pass",IF(CO6>=40,"Pass",IF(CO6>=6,"Fail",IF(CO6<5,"")))))))))) | CS6: 3 | CT6: =Data!B4 -> ALI MUHAMMED UMAR | CY6: =SUM(CU6:CX6) -> 0 | DA6: =CY6+CZ6 -> 0 | DB6: =IF(DA6<10,"",RANK(DA6,DA$4:DA$57)) | DC6: =IF(DA6>=75,"A1",IF(DA6>=70,"B2",IF(DA6>=65,"B3",IF(DA6>=60,"C4",IF(DA6>=55,"C5",IF(DA6>=50,"C6",IF(DA6>=45,"D7",IF(DA6>=40,"E8",IF(DA6>=6,"F",IF(DA6<5,"")))))))))) | DD6: =IF(DA6>=75,"Excellent",IF(DA6>=70,"V.Good",IF(DA6>=65,"Good",IF(DA6>=60,"Credit",IF(DA6>=55,"Credit",IF(DA6>=50,"Credit",IF(DA6>=45,"Pass",IF(DA6>=40,"Pass",IF(DA6>=6,"Fail",IF(DA6<5,"")))))))))) | DE6: 3 | DF6: =Data!B4 -> ALI MUHAMMED UMAR | DG6: 2 | DH6: 1 | DI6: 2 | DJ6: 5 | DK6: =SUM(DG6:DJ6) -> 10 | DL6: 23 | DM6: =DK6+DL6 -> 33 | DN6: =IF(DM6<10,"",RANK(DM6,DM$4:DM$57)) -> 10 | DO6: =IF(DM6>=75,"A1",IF(DM6>=70,"B2",IF(DM6>=65,"B3",IF(DM6>=60,"C4",IF(DM6>=55,"C5",IF(DM6>=50,"C6",IF(DM6>=45,"D7",IF(DM6>=40,"E8",IF(DM6>=6,"F",IF(DM6<5,"")))))))))) -> F | DP6: =IF(DM6>=75,"Excellent",IF(DM6>=70,"V.Good",IF(DM6>=65,"Good",IF(DM6>=60,"Credit",IF(DM6>=55,"Credit",IF(DM6>=50,"Credit",IF(DM6>=45,"Pass",IF(DM6>=40,"Pass",IF(DM6>=6,"Fail",IF(DM6<5,"")))))))))) -> Fail | DQ6: 3 | DR6: =Data!B4 -> ALI MUHAMMED UMAR | DW6: =SUM(DS6:DV6) -> 0 | DY6: =DW6+DX6 -> 0 | DZ6: =IF(DY6<10,"",RANK(DY6,DY$4:DY$57)) | EA6: =IF(DY6>=75,"A1",IF(DY6>=70,"B2",IF(DY6>=65,"B3",IF(DY6>=60,"C4",IF(DY6>=55,"C5",IF(DY6>=50,"C6",IF(DY6>=45,"D7",IF(DY6>=40,"E8",IF(DY6>=6,"F",IF(DY6<5,"")))))))))) | EB6: =IF(DY6>=75,"Excellent",IF(DY6>=70,"V.Good",IF(DY6>=65,"Good",IF(DY6>=60,"Credit",IF(DY6>=55,"Credit",IF(DY6>=50,"Credit",IF(DY6>=45,"Pass",IF(DY6>=40,"Pass",IF(DY6>=6,"Fail",IF(DY6<5,"")))))))))) | EC6: 3 | ED6: =Data!B4 -> ALI MUHAMMED UMAR | EI6: =SUM(EE6:EH6) -> 0 | EK6: =EI6+EJ6 -> 0 | EL6: =IF(EK6<10,"",RANK(EK6,EK$4:EK$57)) | EM6: =IF(EK6>=75,"A1",IF(EK6>=70,"B2",IF(EK6>=65,"B3",IF(EK6>=60,"C4",IF(EK6>=55,"C5",IF(EK6>=50,"C6",IF(EK6>=45,"D7",IF(EK6>=40,"E8",IF(EK6>=6,"F",IF(EK6<5,"")))))))))) | EN6: =IF(EK6>=75,"Excellent",IF(EK6>=70,"V.Good",IF(EK6>=65,"Good",IF(EK6>=60,"Credit",IF(EK6>=55,"Credit",IF(EK6>=50,"Credit",IF(EK6>=45,"Pass",IF(EK6>=40,"Pass",IF(EK6>=6,"Fail",IF(EK6<5,"")))))))))) | EO6: 3 | EP6: =Data!B4 -> ALI MUHAMMED UMAR | EU6: =SUM(EQ6:ET6) -> 0 | EW6: =EU6+EV6 -> 0 | EX6: =IF(EW6<10,"",RANK(EW6,EW$4:EW$57)) | EY6: =IF(EW6>=75,"A1",IF(EW6>=70,"B2",IF(EW6>=65,"B3",IF(EW6>=60,"C4",IF(EW6>=55,"C5",IF(EW6>=50,"C6",IF(EW6>=45,"D7",IF(EW6>=40,"E8",IF(EW6>=6,"F",IF(EW6<5,"")))))))))) | EZ6: =IF(EW6>=75,"Excellent",IF(EW6>=70,"V.Good",IF(EW6>=65,"Good",IF(EW6>=60,"Credit",IF(EW6>=55,"Credit",IF(EW6>=50,"Credit",IF(EW6>=45,"Pass",IF(EW6>=40,"Pass",IF(EW6>=6,"Fail",IF(EW6<5,"")))))))))) | FA6: 3 | FB6: =Data!B4 -> ALI MUHAMMED UMAR | FG6: =SUM(FC6:FF6) -> 0 | FI6: =FG6+FH6 -> 0 | FJ6: =IF(FI6<10,"",RANK(FI6,FI$4:FI$57)) | FK6: =IF(FI6>=75,"A",IF(FI6>=70,"B2",IF(FI6>=50,"C",IF(FI6>=45,"D",IF(FI6>=40,"E",IF(FI6>=6,"F",IF(FI6<5,""))))))) | FL6: =IF(FI6>=75,"Excellent",IF(FI6>=70,"V.Good",IF(FI6>=65,"Good",IF(FI6>=60,"Credit",IF(FI6>=55,"Credit",IF(FI6>=50,"Credit",IF(FI6>=45,"Pass",IF(FI6>=40,"Pass",IF(FI6>=6,"Fail",IF(FI6<5,"")))))))))) | FM6: 3 | FN6: =Data!B4 -> ALI MUHAMMED UMAR | FS6: =SUM(FO6:FR6) -> 0 | FU6: =FS6+FT6 -> 0 | FV6: =IF(FU6<10,"",RANK(FU6,FU$4:FU$57)) | FW6: =IF(FU6>=75,"A",IF(FU6>=70,"B2",IF(FU6>=50,"C",IF(FU6>=45,"D",IF(FU6>=40,"E",IF(FU6>=6,"F",IF(FU6<5,""))))))) | FX6: =IF(FU6>=75,"Excellent",IF(FU6>=70,"V.Good",IF(FU6>=65,"Good",IF(FU6>=60,"Credit",IF(FU6>=55,"Credit",IF(FU6>=50,"Credit",IF(FU6>=45,"Pass",IF(FU6>=40,"Pass",IF(FU6>=6,"Fail",IF(FU6<5,"")))))))))) | FY6: 3 | FZ6: =Data!B4 -> ALI MUHAMMED UMAR | GA6: 7 | GB6: 7 | GC6: 8 | GD6: 8 | GE6: =SUM(GA6:GD6) -> 30 | GF6: 26 | GG6: =GE6+GF6 -> 56 | GH6: =IF(GG6<10,"",RANK(GG6,GG$4:GG$57)) -> 19 | GI6: =IF(GG6>=75,"A",IF(GG6>=70,"B2",IF(GG6>=50,"C",IF(GG6>=45,"D",IF(GG6>=40,"E",IF(GG6>=6,"F",IF(GG6<5,""))))))) -> C | GJ6: =IF(GG6>=75,"Excellent",IF(GG6>=70,"V.Good",IF(GG6>=65,"Good",IF(GG6>=60,"Credit",IF(GG6>=55,"Credit",IF(GG6>=50,"Credit",IF(GG6>=45,"Pass",IF(GG6>=40,"Pass",IF(GG6>=6,"Fail",IF(GG6<5,"")))))))))) -> Credit | GK6: 3 | GL6: =Data!B4 -> ALI MUHAMMED UMAR | GQ6: =SUM(GM6:GP6) -> 0 | GS6: =GQ6+GR6 -> 0 | GT6: =IF(GS6<10,"",RANK(GS6,GS$4:GS$57)) | GU6: =IF(GS6>=75,"A",IF(GS6>=70,"B2",IF(GS6>=50,"C",IF(GS6>=45,"D",IF(GS6>=40,"E",IF(GS6>=6,"F",IF(GS6<5,""))))))) | GV6: =IF(GS6>=75,"Excellent",IF(GS6>=70,"V.Good",IF(GS6>=65,"Good",IF(GS6>=60,"Credit",IF(GS6>=55,"Credit",IF(GS6>=50,"Credit",IF(GS6>=45,"Pass",IF(GS6>=40,"Pass",IF(GS6>=6,"Fail",IF(GS6<5,"")))))))))) | GW6: 3 | GX6: =Data!B4 -> ALI MUHAMMED UMAR | HC6: =SUM(GY6:HB6) -> 0 | HE6: =HC6+HD6 -> 0 | HF6: =IF(HE6<10,"",RANK(HE6,HE$4:HE$57)) | HG6: =IF(HE6>=75,"A",IF(HE6>=70,"B2",IF(HE6>=50,"C",IF(HE6>=45,"D",IF(HE6>=40,"E",IF(HE6>=6,"F",IF(HE6<5,""))))))) | HH6: =IF(HE6>=75,"Excellent",IF(HE6>=70,"V.Good",IF(HE6>=65,"Good",IF(HE6>=60,"Credit",IF(HE6>=55,"Credit",IF(HE6>=50,"Credit",IF(HE6>=45,"Pass",IF(HE6>=40,"Pass",IF(HE6>=6,"Fail",IF(HE6<5,"")))))))))) | HI6: 3 | HJ6: =Data!B4 -> ALI MUHAMMED UMAR | HO6: =SUM(HK6:HN6) -> 0 | HQ6: =HO6+HP6 -> 0 | HR6: =IF(HQ6<10,"",RANK(HQ6,HQ$4:HQ$57)) | HS6: =IF(HQ6>=75,"A",IF(HQ6>=70,"B2",IF(HQ6>=50,"C",IF(HQ6>=45,"D",IF(HQ6>=40,"E",IF(HQ6>=6,"F",IF(HQ6<5,""))))))) | HT6: =IF(HQ6>=75,"Excellent",IF(HQ6>=70,"V.Good",IF(HQ6>=65,"Good",IF(HQ6>=60,"Credit",IF(HQ6>=55,"Credit",IF(HQ6>=50,"Credit",IF(HQ6>=45,"Pass",IF(HQ6>=40,"Pass",IF(HQ6>=6,"Fail",IF(HQ6<5,"")))))))))) | HU6: 3 | HV6: =Data!B4 -> ALI MUHAMMED UMAR | IA6: =SUM(HW6:HZ6) -> 0 | IC6: =IA6+IB6 -> 0 | ID6: =IF(IC6<10,"",RANK(IC6,IC$4:IC$57)) | IE6: =IF(IC6>=75,"A",IF(IC6>=70,"B2",IF(IC6>=50,"C",IF(IC6>=45,"D",IF(IC6>=40,"E",IF(IC6>=6,"F",IF(IC6<5,""))))))) | IF6: =IF(IC6>=75,"Excellent",IF(IC6>=70,"V.Good",IF(IC6>=65,"Good",IF(IC6>=60,"Credit",IF(IC6>=55,"Credit",IF(IC6>=50,"Credit",IF(IC6>=45,"Pass",IF(IC6>=40,"Pass",IF(IC6>=6,"Fail",IF(IC6<5,"")))))))))) | IG6: 3 | IH6: =Data!B4 -> ALI MUHAMMED UMAR | IM6: =SUM(II6:IL6) -> 0 | IO6: =IM6+IN6 -> 0 | IP6: =IF(IO6<10,"",RANK(IO6,IO$4:IO$57)) | IQ6: =IF(IO6>=75,"A",IF(IO6>=70,"B2",IF(IO6>=50,"C",IF(IO6>=45,"D",IF(IO6>=40,"E",IF(IO6>=6,"F",IF(IO6<5,""))))))) | IR6: =IF(IO6>=75,"Excellent",IF(IO6>=70,"V.Good",IF(IO6>=65,"Good",IF(IO6>=60,"Credit",IF(IO6>=55,"Credit",IF(IO6>=50,"Credit",IF(IO6>=45,"Pass",IF(IO6>=40,"Pass",IF(IO6>=6,"Fail",IF(IO6<5,"")))))))))) | IS6: 3 | IT6: =IH6 -> ALI MUHAMMED UMAR | IU6: 9 | IV6: 2 | IW6: 1 | IX6: 5 | IY6: =SUM(IU6:IX6) -> 17 | IZ6: 42 | JA6: =IY6+IZ6 -> 59 | JB6: =IF(JA6<10,"",RANK(JA6,JA$4:JA$57)) -> 12 | JC6: =IF(JA6>=75,"A",IF(JA6>=70,"B2",IF(JA6>=50,"C",IF(JA6>=45,"D",IF(JA6>=40,"E",IF(JA6>=6,"F",IF(JA6<5,""))))))) -> C | JD6: =IF(JA6>=75,"Excellent",IF(JA6>=70,"V.Good",IF(JA6>=65,"Good",IF(JA6>=60,"Credit",IF(JA6>=55,"Credit",IF(JA6>=50,"Credit",IF(JA6>=45,"Pass",IF(JA6>=40,"Pass",IF(JA6>=6,"Fail",IF(JA6<5,"")))))))))) -> Credit | JE6: 3 | JF6: =IT6 -> ALI MUHAMMED UMAR | JK6: =SUM(JG6:JJ6) -> 0 | JM6: =JK6+JL6 -> 0 | JN6: =IF(JM6<10,"",RANK(JM6,JM$4:JM$57)) | JO6: =IF(JM6>=75,"A",IF(JM6>=70,"B2",IF(JM6>=50,"C",IF(JM6>=45,"D",IF(JM6>=40,"E",IF(JM6>=6,"F",IF(JM6<5,""))))))) | JP6: =IF(JM6>=75,"Excellent",IF(JM6>=70,"V.Good",IF(JM6>=65,"Good",IF(JM6>=60,"Credit",IF(JM6>=55,"Credit",IF(JM6>=50,"Credit",IF(JM6>=45,"Pass",IF(JM6>=40,"Pass",IF(JM6>=6,"Fail",IF(JM6<5,"")))))))))) | JQ6: 3 | JR6: =JF6 -> ALI MUHAMMED UMAR | JW6: =SUM(JS6:JV6) -> 0 | JY6: =JW6+JX6 -> 0 | JZ6: =IF(JY6<10,"",RANK(JY6,JY$4:JY$57)) | KA6: =IF(JY6>=75,"A",IF(JY6>=70,"B2",IF(JY6>=50,"C",IF(JY6>=45,"D",IF(JY6>=40,"E",IF(JY6>=6,"F",IF(JY6<5,""))))))) | KB6: =IF(JY6>=75,"Excellent",IF(JY6>=70,"V.Good",IF(JY6>=65,"Good",IF(JY6>=60,"Credit",IF(JY6>=55,"Credit",IF(JY6>=50,"Credit",IF(JY6>=45,"Pass",IF(JY6>=40,"Pass",IF(JY6>=6,"Fail",IF(JY6<5,""))))))))))
A7: 4 | B7: =Data!B5 -> ADAM UMAR LAMINU | G7: =SUM(C7:F7) -> 0 | I7: =G7+H7 -> 0 | J7: =IF(I7<10,"",RANK(I7,I$4:I$57)) | K7: =IF(I7>=75,"A1",IF(I7>=70,"B2",IF(I7>=65,"B3",IF(I7>=60,"C4",IF(I7>=55,"C5",IF(I7>=50,"C6",IF(I7>=45,"D7",IF(I7>=40,"E8",IF(I7>=6,"F",IF(I7<5,"")))))))))) | L7: =IF(I7>=75,"Excellent",IF(I7>=70,"V.Good",IF(I7>=65,"Good",IF(I7>=60,"Credit",IF(I7>=55,"Credit",IF(I7>=50,"Credit",IF(I7>=45,"Pass",IF(I7>=40,"Pass",IF(I7>=6,"Fail",IF(I7<5,"")))))))))) | M7: 4 | N7: =Data!B5 -> ADAM UMAR LAMINU | S7: =SUM(O7:R7) -> 0 | U7: =S7+T7 -> 0 | V7: =IF(U7<10,"",RANK(U7,U$4:U$57)) | W7: =IF(U7>=75,"A1",IF(U7>=70,"B2",IF(U7>=65,"B3",IF(U7>=60,"C4",IF(U7>=55,"C5",IF(U7>=50,"C6",IF(U7>=45,"D7",IF(U7>=40,"E8",IF(U7>=6,"F",IF(U7<5,"")))))))))) | X7: =IF(U7>=75,"Excellent",IF(U7>=70,"V.Good",IF(U7>=65,"Good",IF(U7>=60,"Credit",IF(U7>=55,"Credit",IF(U7>=50,"Credit",IF(U7>=45,"Pass",IF(U7>=40,"Pass",IF(U7>=6,"Fail",IF(U7<5,"")))))))))) | Y7: 4 | Z7: =Data!B5 -> ADAM UMAR LAMINU | AE7: =SUM(AA7:AD7) -> 0 | AF7: 42 | AG7: =AE7+AF7 -> 42 | AH7: =IF(AG7<10,"",RANK(AG7,AG$4:AG$57)) -> 40 | AI7: =IF(AG7>=75,"A1",IF(AG7>=70,"B2",IF(AG7>=65,"B3",IF(AG7>=60,"C4",IF(AG7>=55,"C5",IF(AG7>=50,"C6",IF(AG7>=45,"D7",IF(AG7>=40,"E8",IF(AG7>=6,"F",IF(AG7<5,"")))))))))) -> E8 | AJ7: =IF(AG7>=75,"Excellent",IF(AG7>=70,"V.Good",IF(AG7>=65,"Good",IF(AG7>=60,"Credit",IF(AG7>=55,"Credit",IF(AG7>=50,"Credit",IF(AG7>=45,"Pass",IF(AG7>=40,"Pass",IF(AG7>=6,"Fail",IF(AG7<5,"")))))))))) -> Pass | AK7: 4 | AL7: =Data!B5 -> ADAM UMAR LAMINU | AQ7: =SUM(AM7:AP7) -> 0 | AS7: =AQ7+AR7 -> 0 | AT7: =IF(AS7<10,"",RANK(AS7,AS$4:AS$57)) | AU7: =IF(AS7>=75,"A1",IF(AS7>=70,"B2",IF(AS7>=65,"B3",IF(AS7>=60,"C4",IF(AS7>=55,"C5",IF(AS7>=50,"C6",IF(AS7>=45,"D7",IF(AS7>=40,"E8",IF(AS7>=6,"F",IF(AS7<5,"")))))))))) | AV7: =IF(AS7>=75,"Excellent",IF(AS7>=70,"V.Good",IF(AS7>=65,"Good",IF(AS7>=60,"Credit",IF(AS7>=55,"Credit",IF(AS7>=50,"Credit",IF(AS7>=45,"Pass",IF(AS7>=40,"Pass",IF(AS7>=6,"Fail",IF(AS7<5,"")))))))))) | AW7: 4 | AX7: =Data!B5 -> ADAM UMAR LAMINU | BC7: =SUM(AY7:BB7) -> 0 | BE7: =BC7+BD7 -> 0 | BF7: =IF(BE7<10,"",RANK(BE7,BE$4:BE$57)) | BG7: =IF(BE7>=75,"A1",IF(BE7>=70,"B2",IF(BE7>=65,"B3",IF(BE7>=60,"C4",IF(BE7>=55,"C5",IF(BE7>=50,"C6",IF(BE7>=45,"D7",IF(BE7>=40,"E8",IF(BE7>=6,"F",IF(BE7<5,"")))))))))) | BH7: =IF(BE7>=75,"Excellent",IF(BE7>=70,"V.Good",IF(BE7>=65,"Good",IF(BE7>=60,"Credit",IF(BE7>=55,"Credit",IF(BE7>=50,"Credit",IF(BE7>=45,"Pass",IF(BE7>=40,"Pass",IF(BE7>=6,"Fail",IF(BE7<5,"")))))))))) | BI7: 4 | BJ7: =Data!B5 -> ADAM UMAR LAMINU | BO7: =SUM(BK7:BN7) -> 0 | BP7: 42 | BQ7: =BO7+BP7 -> 42 | BR7: =IF(BQ7<10,"",RANK(BQ7,BQ$4:BQ$57)) -> 28 | BS7: =IF(BQ7>=75,"A1",IF(BQ7>=70,"B2",IF(BQ7>=65,"B3",IF(BQ7>=60,"C4",IF(BQ7>=55,"C5",IF(BQ7>=50,"C6",IF(BQ7>=45,"D7",IF(BQ7>=40,"E8",IF(BQ7>=6,"F",IF(BQ7<5,"")))))))))) -> E8 | BT7: =IF(BQ7>=75,"Excellent",IF(BQ7>=70,"V.Good",IF(BQ7>=65,"Good",IF(BQ7>=60,"Credit",IF(BQ7>=55,"Credit",IF(BQ7>=50,"Credit",IF(BQ7>=45,"Pass",IF(BQ7>=40,"Pass",IF(BQ7>=6,"Fail",IF(BQ7<5,"")))))))))) -> Pass | BU7: 4 | BV7: =Data!B5 -> ADAM UMAR LAMINU | BW7: 7 | BX7: 7 | BY7: 9 | BZ7: 7 | CA7: =SUM(BW7:BZ7) -> 30 | CB7: 25 | CC7: =CA7+CB7 -> 55 | CD7: =IF(CC7<10,"",RANK(CC7,CC$4:CC$57)) -> 17 | CE7: =IF(CC7>=75,"A1",IF(CC7>=70,"B2",IF(CC7>=65,"B3",IF(CC7>=60,"C4",IF(CC7>=55,"C5",IF(CC7>=50,"C6",IF(CC7>=45,"D7",IF(CC7>=40,"E8",IF(CC7>=6,"F",IF(CC7<5,"")))))))))) -> C5 | CF7: =IF(CC7>=75,"Excellent",IF(CC7>=70,"V.Good",IF(CC7>=65,"Good",IF(CC7>=60,"Credit",IF(CC7>=55,"Credit",IF(CC7>=50,"Credit",IF(CC7>=45,"Pass",IF(CC7>=40,"Pass",IF(CC7>=6,"Fail",IF(CC7<5,"")))))))))) -> Credit | CG7: 4 | CH7: =Data!B5 -> ADAM UMAR LAMINU | CM7: =SUM(CI7:CL7) -> 0 | CO7: =CM7+CN7 -> 0 | CP7: =IF(CO7<10,"",RANK(CO7,CO$4:CO$57)) | CQ7: =IF(CO7>=75,"A1",IF(CO7>=70,"B2",IF(CO7>=65,"B3",IF(CO7>=60,"C4",IF(CO7>=55,"C5",IF(CO7>=50,"C6",IF(CO7>=45,"D7",IF(CO7>=40,"E8",IF(CO7>=6,"F",IF(CO7<5,"")))))))))) | CR7: =IF(CO7>=75,"Excellent",IF(CO7>=70,"V.Good",IF(CO7>=65,"Good",IF(CO7>=60,"Credit",IF(CO7>=55,"Credit",IF(CO7>=50,"Credit",IF(CO7>=45,"Pass",IF(CO7>=40,"Pass",IF(CO7>=6,"Fail",IF(CO7<5,"")))))))))) | CS7: 4 | CT7: =Data!B5 -> ADAM UMAR LAMINU | CY7: =SUM(CU7:CX7) -> 0 | DA7: =CY7+CZ7 -> 0 | DB7: =IF(DA7<10,"",RANK(DA7,DA$4:DA$57)) | DC7: =IF(DA7>=75,"A1",IF(DA7>=70,"B2",IF(DA7>=65,"B3",IF(DA7>=60,"C4",IF(DA7>=55,"C5",IF(DA7>=50,"C6",IF(DA7>=45,"D7",IF(DA7>=40,"E8",IF(DA7>=6,"F",IF(DA7<5,"")))))))))) | DD7: =IF(DA7>=75,"Excellent",IF(DA7>=70,"V.Good",IF(DA7>=65,"Good",IF(DA7>=60,"Credit",IF(DA7>=55,"Credit",IF(DA7>=50,"Credit",IF(DA7>=45,"Pass",IF(DA7>=40,"Pass",IF(DA7>=6,"Fail",IF(DA7<5,"")))))))))) | DE7: 4 | DF7: =Data!B5 -> ADAM UMAR LAMINU | DK7: =SUM(DG7:DJ7) -> 0 | DM7: =DK7+DL7 -> 0 | DN7: =IF(DM7<10,"",RANK(DM7,DM$4:DM$57)) | DO7: =IF(DM7>=75,"A1",IF(DM7>=70,"B2",IF(DM7>=65,"B3",IF(DM7>=60,"C4",IF(DM7>=55,"C5",IF(DM7>=50,"C6",IF(DM7>=45,"D7",IF(DM7>=40,"E8",IF(DM7>=6,"F",IF(DM7<5,"")))))))))) | DP7: =IF(DM7>=75,"Excellent",IF(DM7>=70,"V.Good",IF(DM7>=65,"Good",IF(DM7>=60,"Credit",IF(DM7>=55,"Credit",IF(DM7>=50,"Credit",IF(DM7>=45,"Pass",IF(DM7>=40,"Pass",IF(DM7>=6,"Fail",IF(DM7<5,"")))))))))) | DQ7: 4 | DR7: =Data!B5 -> ADAM UMAR LAMINU | DW7: =SUM(DS7:DV7) -> 0 | DY7: =DW7+DX7 -> 0 | DZ7: =IF(DY7<10,"",RANK(DY7,DY$4:DY$57)) | EA7: =IF(DY7>=75,"A1",IF(DY7>=70,"B2",IF(DY7>=65,"B3",IF(DY7>=60,"C4",IF(DY7>=55,"C5",IF(DY7>=50,"C6",IF(DY7>=45,"D7",IF(DY7>=40,"E8",IF(DY7>=6,"F",IF(DY7<5,"")))))))))) | EB7: =IF(DY7>=75,"Excellent",IF(DY7>=70,"V.Good",IF(DY7>=65,"Good",IF(DY7>=60,"Credit",IF(DY7>=55,"Credit",IF(DY7>=50,"Credit",IF(DY7>=45,"Pass",IF(DY7>=40,"Pass",IF(DY7>=6,"Fail",IF(DY7<5,"")))))))))) | EC7: 4 | ED7: =Data!B5 -> ADAM UMAR LAMINU | EI7: =SUM(EE7:EH7) -> 0 | EK7: =EI7+EJ7 -> 0 | EL7: =IF(EK7<10,"",RANK(EK7,EK$4:EK$57)) | EM7: =IF(EK7>=75,"A1",IF(EK7>=70,"B2",IF(EK7>=65,"B3",IF(EK7>=60,"C4",IF(EK7>=55,"C5",IF(EK7>=50,"C6",IF(EK7>=45,"D7",IF(EK7>=40,"E8",IF(EK7>=6,"F",IF(EK7<5,"")))))))))) | EN7: =IF(EK7>=75,"Excellent",IF(EK7>=70,"V.Good",IF(EK7>=65,"Good",IF(EK7>=60,"Credit",IF(EK7>=55,"Credit",IF(EK7>=50,"Credit",IF(EK7>=45,"Pass",IF(EK7>=40,"Pass",IF(EK7>=6,"Fail",IF(EK7<5,"")))))))))) | EO7: 4 | EP7: =Data!B5 -> ADAM UMAR LAMINU | EU7: =SUM(EQ7:ET7) -> 0 | EW7: =EU7+EV7 -> 0 | EX7: =IF(EW7<10,"",RANK(EW7,EW$4:EW$57)) | EY7: =IF(EW7>=75,"A1",IF(EW7>=70,"B2",IF(EW7>=65,"B3",IF(EW7>=60,"C4",IF(EW7>=55,"C5",IF(EW7>=50,"C6",IF(EW7>=45,"D7",IF(EW7>=40,"E8",IF(EW7>=6,"F",IF(EW7<5,"")))))))))) | EZ7: =IF(EW7>=75,"Excellent",IF(EW7>=70,"V.Good",IF(EW7>=65,"Good",IF(EW7>=60,"Credit",IF(EW7>=55,"Credit",IF(EW7>=50,"Credit",IF(EW7>=45,"Pass",IF(EW7>=40,"Pass",IF(EW7>=6,"Fail",IF(EW7<5,"")))))))))) | FA7: 4 | FB7: =Data!B5 -> ADAM UMAR LAMINU | FG7: =SUM(FC7:FF7) -> 0 | FI7: =FG7+FH7 -> 0 | FJ7: =IF(FI7<10,"",RANK(FI7,FI$4:FI$57)) | FK7: =IF(FI7>=75,"A",IF(FI7>=70,"B2",IF(FI7>=50,"C",IF(FI7>=45,"D",IF(FI7>=40,"E",IF(FI7>=6,"F",IF(FI7<5,""))))))) | FL7: =IF(FI7>=75,"Excellent",IF(FI7>=70,"V.Good",IF(FI7>=65,"Good",IF(FI7>=60,"Credit",IF(FI7>=55,"Credit",IF(FI7>=50,"Credit",IF(FI7>=45,"Pass",IF(FI7>=40,"Pass",IF(FI7>=6,"Fail",IF(FI7<5,"")))))))))) | FM7: 4 | FN7: =Data!B5 -> ADAM UMAR LAMINU | FS7: =SUM(FO7:FR7) -> 0 | FU7: =FS7+FT7 -> 0 | FV7: =IF(FU7<10,"",RANK(FU7,FU$4:FU$57)) | FW7: =IF(FU7>=75,"A",IF(FU7>=70,"B2",IF(FU7>=50,"C",IF(FU7>=45,"D",IF(FU7>=40,"E",IF(FU7>=6,"F",IF(FU7<5,""))))))) | FX7: =IF(FU7>=75,"Excellent",IF(FU7>=70,"V.Good",IF(FU7>=65,"Good",IF(FU7>=60,"Credit",IF(FU7>=55,"Credit",IF(FU7>=50,"Credit",IF(FU7>=45,"Pass",IF(FU7>=40,"Pass",IF(FU7>=6,"Fail",IF(FU7<5,"")))))))))) | FY7: 4 | FZ7: =Data!B5 -> ADAM UMAR LAMINU | GA7: 7 | GB7: 8 | GC7: 7 | GD7: 8 | GE7: =SUM(GA7:GD7) -> 30 | GF7: 24 | GG7: =GE7+GF7 -> 54 | GH7: =IF(GG7<10,"",RANK(GG7,GG$4:GG$57)) -> 25 | GI7: =IF(GG7>=75,"A",IF(GG7>=70,"B2",IF(GG7>=50,"C",IF(GG7>=45,"D",IF(GG7>=40,"E",IF(GG7>=6,"F",IF(GG7<5,""))))))) -> C | GJ7: =IF(GG7>=75,"Excellent",IF(GG7>=70,"V.Good",IF(GG7>=65,"Good",IF(GG7>=60,"Credit",IF(GG7>=55,"Credit",IF(GG7>=50,"Credit",IF(GG7>=45,"Pass",IF(GG7>=40,"Pass",IF(GG7>=6,"Fail",IF(GG7<5,"")))))))))) -> Credit | GK7: 4 | GL7: =Data!B5 -> ADAM UMAR LAMINU | GQ7: =SUM(GM7:GP7) -> 0 | GS7: =GQ7+GR7 -> 0 | GT7: =IF(GS7<10,"",RANK(GS7,GS$4:GS$57)) | GU7: =IF(GS7>=75,"A",IF(GS7>=70,"B2",IF(GS7>=50,"C",IF(GS7>=45,"D",IF(GS7>=40,"E",IF(GS7>=6,"F",IF(GS7<5,""))))))) | GV7: =IF(GS7>=75,"Excellent",IF(GS7>=70,"V.Good",IF(GS7>=65,"Good",IF(GS7>=60,"Credit",IF(GS7>=55,"Credit",IF(GS7>=50,"Credit",IF(GS7>=45,"Pass",IF(GS7>=40,"Pass",IF(GS7>=6,"Fail",IF(GS7<5,"")))))))))) | GW7: 4 | GX7: =Data!B5 -> ADAM UMAR LAMINU | HC7: =SUM(GY7:HB7) -> 0 | HE7: =HC7+HD7 -> 0 | HF7: =IF(HE7<10,"",RANK(HE7,HE$4:HE$57)) | HG7: =IF(HE7>=75,"A",IF(HE7>=70,"B2",IF(HE7>=50,"C",IF(HE7>=45,"D",IF(HE7>=40,"E",IF(HE7>=6,"F",IF(HE7<5,""))))))) | HH7: =IF(HE7>=75,"Excellent",IF(HE7>=70,"V.Good",IF(HE7>=65,"Good",IF(HE7>=60,"Credit",IF(HE7>=55,"Credit",IF(HE7>=50,"Credit",IF(HE7>=45,"Pass",IF(HE7>=40,"Pass",IF(HE7>=6,"Fail",IF(HE7<5,"")))))))))) | HI7: 4 | HJ7: =Data!B5 -> ADAM UMAR LAMINU | HO7: =SUM(HK7:HN7) -> 0 | HQ7: =HO7+HP7 -> 0 | HR7: =IF(HQ7<10,"",RANK(HQ7,HQ$4:HQ$57)) | HS7: =IF(HQ7>=75,"A",IF(HQ7>=70,"B2",IF(HQ7>=50,"C",IF(HQ7>=45,"D",IF(HQ7>=40,"E",IF(HQ7>=6,"F",IF(HQ7<5,""))))))) | HT7: =IF(HQ7>=75,"Excellent",IF(HQ7>=70,"V.Good",IF(HQ7>=65,"Good",IF(HQ7>=60,"Credit",IF(HQ7>=55,"Credit",IF(HQ7>=50,"Credit",IF(HQ7>=45,"Pass",IF(HQ7>=40,"Pass",IF(HQ7>=6,"Fail",IF(HQ7<5,"")))))))))) | HU7: 4 | HV7: =Data!B5 -> ADAM UMAR LAMINU | IA7: =SUM(HW7:HZ7) -> 0 | IC7: =IA7+IB7 -> 0 | ID7: =IF(IC7<10,"",RANK(IC7,IC$4:IC$57)) | IE7: =IF(IC7>=75,"A",IF(IC7>=70,"B2",IF(IC7>=50,"C",IF(IC7>=45,"D",IF(IC7>=40,"E",IF(IC7>=6,"F",IF(IC7<5,""))))))) | IF7: =IF(IC7>=75,"Excellent",IF(IC7>=70,"V.Good",IF(IC7>=65,"Good",IF(IC7>=60,"Credit",IF(IC7>=55,"Credit",IF(IC7>=50,"Credit",IF(IC7>=45,"Pass",IF(IC7>=40,"Pass",IF(IC7>=6,"Fail",IF(IC7<5,"")))))))))) | IG7: 4 | IH7: =Data!B5 -> ADAM UMAR LAMINU | IM7: =SUM(II7:IL7) -> 0 | IO7: =IM7+IN7 -> 0 | IP7: =IF(IO7<10,"",RANK(IO7,IO$4:IO$57)) | IQ7: =IF(IO7>=75,"A",IF(IO7>=70,"B2",IF(IO7>=50,"C",IF(IO7>=45,"D",IF(IO7>=40,"E",IF(IO7>=6,"F",IF(IO7<5,""))))))) | IR7: =IF(IO7>=75,"Excellent",IF(IO7>=70,"V.Good",IF(IO7>=65,"Good",IF(IO7>=60,"Credit",IF(IO7>=55,"Credit",IF(IO7>=50,"Credit",IF(IO7>=45,"Pass",IF(IO7>=40,"Pass",IF(IO7>=6,"Fail",IF(IO7<5,"")))))))))) | IS7: 4 | IT7: =IH7 -> ADAM UMAR LAMINU | IY7: =SUM(IU7:IX7) -> 0 | IZ7: 42 | JA7: =IY7+IZ7 -> 42 | JB7: =IF(JA7<10,"",RANK(JA7,JA$4:JA$57)) -> 28 | JC7: =IF(JA7>=75,"A",IF(JA7>=70,"B2",IF(JA7>=50,"C",IF(JA7>=45,"D",IF(JA7>=40,"E",IF(JA7>=6,"F",IF(JA7<5,""))))))) -> E | JD7: =IF(JA7>=75,"Excellent",IF(JA7>=70,"V.Good",IF(JA7>=65,"Good",IF(JA7>=60,"Credit",IF(JA7>=55,"Credit",IF(JA7>=50,"Credit",IF(JA7>=45,"Pass",IF(JA7>=40,"Pass",IF(JA7>=6,"Fail",IF(JA7<5,"")))))))))) -> Pass | JE7: 4 | JF7: =IT7 -> ADAM UMAR LAMINU | JK7: =SUM(JG7:JJ7) -> 0 | JM7: =JK7+JL7 -> 0 | JN7: =IF(JM7<10,"",RANK(JM7,JM$4:JM$57)) | JO7: =IF(JM7>=75,"A",IF(JM7>=70,"B2",IF(JM7>=50,"C",IF(JM7>=45,"D",IF(JM7>=40,"E",IF(JM7>=6,"F",IF(JM7<5,""))))))) | JP7: =IF(JM7>=75,"Excellent",IF(JM7>=70,"V.Good",IF(JM7>=65,"Good",IF(JM7>=60,"Credit",IF(JM7>=55,"Credit",IF(JM7>=50,"Credit",IF(JM7>=45,"Pass",IF(JM7>=40,"Pass",IF(JM7>=6,"Fail",IF(JM7<5,"")))))))))) | JQ7: 4 | JR7: =JF7 -> ADAM UMAR LAMINU | JW7: =SUM(JS7:JV7) -> 0 | JY7: =JW7+JX7 -> 0 | JZ7: =IF(JY7<10,"",RANK(JY7,JY$4:JY$57)) | KA7: =IF(JY7>=75,"A",IF(JY7>=70,"B2",IF(JY7>=50,"C",IF(JY7>=45,"D",IF(JY7>=40,"E",IF(JY7>=6,"F",IF(JY7<5,""))))))) | KB7: =IF(JY7>=75,"Excellent",IF(JY7>=70,"V.Good",IF(JY7>=65,"Good",IF(JY7>=60,"Credit",IF(JY7>=55,"Credit",IF(JY7>=50,"Credit",IF(JY7>=45,"Pass",IF(JY7>=40,"Pass",IF(JY7>=6,"Fail",IF(JY7<5,""))))))))))
A8: 5 | B8: =Data!B6 -> ABUBAKAR UMAR | C8: 6 | D8: 2 | E8: 1 | F8: 1 | G8: =SUM(C8:F8) -> 10 | H8: 32 | I8: =G8+H8 -> 42 | J8: =IF(I8<10,"",RANK(I8,I$4:I$57)) -> 17 | K8: =IF(I8>=75,"A1",IF(I8>=70,"B2",IF(I8>=65,"B3",IF(I8>=60,"C4",IF(I8>=55,"C5",IF(I8>=50,"C6",IF(I8>=45,"D7",IF(I8>=40,"E8",IF(I8>=6,"F",IF(I8<5,"")))))))))) -> E8 | L8: =IF(I8>=75,"Excellent",IF(I8>=70,"V.Good",IF(I8>=65,"Good",IF(I8>=60,"Credit",IF(I8>=55,"Credit",IF(I8>=50,"Credit",IF(I8>=45,"Pass",IF(I8>=40,"Pass",IF(I8>=6,"Fail",IF(I8<5,"")))))))))) -> Pass | M8: 5 | N8: =Data!B6 -> ABUBAKAR UMAR | O8: 6 | P8: 2 | Q8: 1 | R8: 1 | S8: =SUM(O8:R8) -> 10 | T8: 32 | U8: =S8+T8 -> 42 | V8: =IF(U8<10,"",RANK(U8,U$4:U$57)) -> 12 | W8: =IF(U8>=75,"A1",IF(U8>=70,"B2",IF(U8>=65,"B3",IF(U8>=60,"C4",IF(U8>=55,"C5",IF(U8>=50,"C6",IF(U8>=45,"D7",IF(U8>=40,"E8",IF(U8>=6,"F",IF(U8<5,"")))))))))) -> E8 | X8: =IF(U8>=75,"Excellent",IF(U8>=70,"V.Good",IF(U8>=65,"Good",IF(U8>=60,"Credit",IF(U8>=55,"Credit",IF(U8>=50,"Credit",IF(U8>=45,"Pass",IF(U8>=40,"Pass",IF(U8>=6,"Fail",IF(U8<5,"")))))))))) -> Pass | Y8: 5 | Z8: =Data!B6 -> ABUBAKAR UMAR | AA8: 6 | AB8: 2 | AC8: 1 | AD8: 1 | AE8: =SUM(AA8:AD8) -> 10 | AF8: 42 | AG8: =AE8+AF8 -> 52 | AH8: =IF(AG8<10,"",RANK(AG8,AG$4:AG$57)) -> 31 | AI8: =IF(AG8>=75,"A1",IF(AG8>=70,"B2",IF(AG8>=65,"B3",IF(AG8>=60,"C4",IF(AG8>=55,"C5",IF(AG8>=50,"C6",IF(AG8>=45,"D7",IF(AG8>=40,"E8",IF(AG8>=6,"F",IF(AG8<5,"")))))))))) -> C6 | AJ8: =IF(AG8>=75,"Excellent",IF(AG8>=70,"V.Good",IF(AG8>=65,"Good",IF(AG8>=60,"Credit",IF(AG8>=55,"Credit",IF(AG8>=50,"Credit",IF(AG8>=45,"Pass",IF(AG8>=40,"Pass",IF(AG8>=6,"Fail",IF(AG8<5,"")))))))))) -> Credit | AK8: 5 | AL8: =Data!B6 -> ABUBAKAR UMAR | AQ8: =SUM(AM8:AP8) -> 0 | AS8: =AQ8+AR8 -> 0 | AT8: =IF(AS8<10,"",RANK(AS8,AS$4:AS$57)) | AU8: =IF(AS8>=75,"A1",IF(AS8>=70,"B2",IF(AS8>=65,"B3",IF(AS8>=60,"C4",IF(AS8>=55,"C5",IF(AS8>=50,"C6",IF(AS8>=45,"D7",IF(AS8>=40,"E8",IF(AS8>=6,"F",IF(AS8<5,"")))))))))) | AV8: =IF(AS8>=75,"Excellent",IF(AS8>=70,"V.Good",IF(AS8>=65,"Good",IF(AS8>=60,"Credit",IF(AS8>=55,"Credit",IF(AS8>=50,"Credit",IF(AS8>=45,"Pass",IF(AS8>=40,"Pass",IF(AS8>=6,"Fail",IF(AS8<5,"")))))))))) | AW8: 5 | AX8: =Data!B6 -> ABUBAKAR UMAR | BC8: =SUM(AY8:BB8) -> 0 | BE8: =BC8+BD8 -> 0 | BF8: =IF(BE8<10,"",RANK(BE8,BE$4:BE$57)) | BG8: =IF(BE8>=75,"A1",IF(BE8>=70,"B2",IF(BE8>=65,"B3",IF(BE8>=60,"C4",IF(BE8>=55,"C5",IF(BE8>=50,"C6",IF(BE8>=45,"D7",IF(BE8>=40,"E8",IF(BE8>=6,"F",IF(BE8<5,"")))))))))) | BH8: =IF(BE8>=75,"Excellent",IF(BE8>=70,"V.Good",IF(BE8>=65,"Good",IF(BE8>=60,"Credit",IF(BE8>=55,"Credit",IF(BE8>=50,"Credit",IF(BE8>=45,"Pass",IF(BE8>=40,"Pass",IF(BE8>=6,"Fail",IF(BE8<5,"")))))))))) | BI8: 5 | BJ8: =Data!B6 -> ABUBAKAR UMAR | BK8: 6 | BL8: 2 | BM8: 1 | BN8: 1 | BO8: =SUM(BK8:BN8) -> 10 | BP8: 42 | BQ8: =BO8+BP8 -> 52 | BR8: =IF(BQ8<10,"",RANK(BQ8,BQ$4:BQ$57)) -> 22 | BS8: =IF(BQ8>=75,"A1",IF(BQ8>=70,"B2",IF(BQ8>=65,"B3",IF(BQ8>=60,"C4",IF(BQ8>=55,"C5",IF(BQ8>=50,"C6",IF(BQ8>=45,"D7",IF(BQ8>=40,"E8",IF(BQ8>=6,"F",IF(BQ8<5,"")))))))))) -> C6 | BT8: =IF(BQ8>=75,"Excellent",IF(BQ8>=70,"V.Good",IF(BQ8>=65,"Good",IF(BQ8>=60,"Credit",IF(BQ8>=55,"Credit",IF(BQ8>=50,"Credit",IF(BQ8>=45,"Pass",IF(BQ8>=40,"Pass",IF(BQ8>=6,"Fail",IF(BQ8<5,"")))))))))) -> Credit | BU8: 5 | BV8: =Data!B6 -> ABUBAKAR UMAR | BW8: 4 | BX8: 6 | BY8: 8 | CA8: =SUM(BW8:BZ8) -> 18 | CB8: 20 | CC8: =CA8+CB8 -> 38 | CD8: =IF(CC8<10,"",RANK(CC8,CC$4:CC$57)) -> 38 | CE8: =IF(CC8>=75,"A1",IF(CC8>=70,"B2",IF(CC8>=65,"B3",IF(CC8>=60,"C4",IF(CC8>=55,"C5",IF(CC8>=50,"C6",IF(CC8>=45,"D7",IF(CC8>=40,"E8",IF(CC8>=6,"F",IF(CC8<5,"")))))))))) -> F | CF8: =IF(CC8>=75,"Excellent",IF(CC8>=70,"V.Good",IF(CC8>=65,"Good",IF(CC8>=60,"Credit",IF(CC8>=55,"Credit",IF(CC8>=50,"Credit",IF(CC8>=45,"Pass",IF(CC8>=40,"Pass",IF(CC8>=6,"Fail",IF(CC8<5,"")))))))))) -> Fail | CG8: 5 | CH8: =Data!B6 -> ABUBAKAR UMAR | CM8: =SUM(CI8:CL8) -> 0 | CO8: =CM8+CN8 -> 0 | CP8: =IF(CO8<10,"",RANK(CO8,CO$4:CO$57)) | CQ8: =IF(CO8>=75,"A1",IF(CO8>=70,"B2",IF(CO8>=65,"B3",IF(CO8>=60,"C4",IF(CO8>=55,"C5",IF(CO8>=50,"C6",IF(CO8>=45,"D7",IF(CO8>=40,"E8",IF(CO8>=6,"F",IF(CO8<5,"")))))))))) | CR8: =IF(CO8>=75,"Excellent",IF(CO8>=70,"V.Good",IF(CO8>=65,"Good",IF(CO8>=60,"Credit",IF(CO8>=55,"Credit",IF(CO8>=50,"Credit",IF(CO8>=45,"Pass",IF(CO8>=40,"Pass",IF(CO8>=6,"Fail",IF(CO8<5,"")))))))))) | CS8: 5 | CT8: =Data!B6 -> ABUBAKAR UMAR | CY8: =SUM(CU8:CX8) -> 0 | DA8: =CY8+CZ8 -> 0 | DB8: =IF(DA8<10,"",RANK(DA8,DA$4:DA$57)) | DC8: =IF(DA8>=75,"A1",IF(DA8>=70,"B2",IF(DA8>=65,"B3",IF(DA8>=60,"C4",IF(DA8>=55,"C5",IF(DA8>=50,"C6",IF(DA8>=45,"D7",IF(DA8>=40,"E8",IF(DA8>=6,"F",IF(DA8<5,"")))))))))) | DD8: =IF(DA8>=75,"Excellent",IF(DA8>=70,"V.Good",IF(DA8>=65,"Good",IF(DA8>=60,"Credit",IF(DA8>=55,"Credit",IF(DA8>=50,"Credit",IF(DA8>=45,"Pass",IF(DA8>=40,"Pass",IF(DA8>=6,"Fail",IF(DA8<5,"")))))))))) | DE8: 5 | DF8: =Data!B6 -> ABUBAKAR UMAR | DK8: =SUM(DG8:DJ8) -> 0 | DM8: =DK8+DL8 -> 0 | DN8: =IF(DM8<10,"",RANK(DM8,DM$4:DM$57)) | DO8: =IF(DM8>=75,"A1",IF(DM8>=70,"B2",IF(DM8>=65,"B3",IF(DM8>=60,"C4",IF(DM8>=55,"C5",IF(DM8>=50,"C6",IF(DM8>=45,"D7",IF(DM8>=40,"E8",IF(DM8>=6,"F",IF(DM8<5,"")))))))))) | DP8: =IF(DM8>=75,"Excellent",IF(DM8>=70,"V.Good",IF(DM8>=65,"Good",IF(DM8>=60,"Credit",IF(DM8>=55,"Credit",IF(DM8>=50,"Credit",IF(DM8>=45,"Pass",IF(DM8>=40,"Pass",IF(DM8>=6,"Fail",IF(DM8<5,"")))))))))) | DQ8: 5 | DR8: =Data!B6 -> ABUBAKAR UMAR | DW8: =SUM(DS8:DV8) -> 0 | DY8: =DW8+DX8 -> 0 | DZ8: =IF(DY8<10,"",RANK(DY8,DY$4:DY$57)) | EA8: =IF(DY8>=75,"A1",IF(DY8>=70,"B2",IF(DY8>=65,"B3",IF(DY8>=60,"C4",IF(DY8>=55,"C5",IF(DY8>=50,"C6",IF(DY8>=45,"D7",IF(DY8>=40,"E8",IF(DY8>=6,"F",IF(DY8<5,"")))))))))) | EB8: =IF(DY8>=75,"Excellent",IF(DY8>=70,"V.Good",IF(DY8>=65,"Good",IF(DY8>=60,"Credit",IF(DY8>=55,"Credit",IF(DY8>=50,"Credit",IF(DY8>=45,"Pass",IF(DY8>=40,"Pass",IF(DY8>=6,"Fail",IF(DY8<5,"")))))))))) | EC8: 5 | ED8: =Data!B6 -> ABUBAKAR UMAR | EI8: =SUM(EE8:EH8) -> 0 | EK8: =EI8+EJ8 -> 0 | EL8: =IF(EK8<10,"",RANK(EK8,EK$4:EK$57)) | EM8: =IF(EK8>=75,"A1",IF(EK8>=70,"B2",IF(EK8>=65,"B3",IF(EK8>=60,"C4",IF(EK8>=55,"C5",IF(EK8>=50,"C6",IF(EK8>=45,"D7",IF(EK8>=40,"E8",IF(EK8>=6,"F",IF(EK8<5,"")))))))))) | EN8: =IF(EK8>=75,"Excellent",IF(EK8>=70,"V.Good",IF(EK8>=65,"Good",IF(EK8>=60,"Credit",IF(EK8>=55,"Credit",IF(EK8>=50,"Credit",IF(EK8>=45,"Pass",IF(EK8>=40,"Pass",IF(EK8>=6,"Fail",IF(EK8<5,"")))))))))) | EO8: 5 | EP8: =Data!B6 -> ABUBAKAR UMAR | EU8: =SUM(EQ8:ET8) -> 0 | EW8: =EU8+EV8 -> 0 | EX8: =IF(EW8<10,"",RANK(EW8,EW$4:EW$57)) | EY8: =IF(EW8>=75,"A1",IF(EW8>=70,"B2",IF(EW8>=65,"B3",IF(EW8>=60,"C4",IF(EW8>=55,"C5",IF(EW8>=50,"C6",IF(EW8>=45,"D7",IF(EW8>=40,"E8",IF(EW8>=6,"F",IF(EW8<5,"")))))))))) | EZ8: =IF(EW8>=75,"Excellent",IF(EW8>=70,"V.Good",IF(EW8>=65,"Good",IF(EW8>=60,"Credit",IF(EW8>=55,"Credit",IF(EW8>=50,"Credit",IF(EW8>=45,"Pass",IF(EW8>=40,"Pass",IF(EW8>=6,"Fail",IF(EW8<5,"")))))))))) | FA8: 5 | FB8: =Data!B6 -> ABUBAKAR UMAR | FG8: =SUM(FC8:FF8) -> 0 | FI8: =FG8+FH8 -> 0 | FJ8: =IF(FI8<10,"",RANK(FI8,FI$4:FI$57)) | FK8: =IF(FI8>=75,"A",IF(FI8>=70,"B2",IF(FI8>=50,"C",IF(FI8>=45,"D",IF(FI8>=40,"E",IF(FI8>=6,"F",IF(FI8<5,""))))))) | FL8: =IF(FI8>=75,"Excellent",IF(FI8>=70,"V.Good",IF(FI8>=65,"Good",IF(FI8>=60,"Credit",IF(FI8>=55,"Credit",IF(FI8>=50,"Credit",IF(FI8>=45,"Pass",IF(FI8>=40,"Pass",IF(FI8>=6,"Fail",IF(FI8<5,"")))))))))) | FM8: 5 | FN8: =Data!B6 -> ABUBAKAR UMAR | FS8: =SUM(FO8:FR8) -> 0 | FU8: =FS8+FT8 -> 0 | FV8: =IF(FU8<10,"",RANK(FU8,FU$4:FU$57)) | FW8: =IF(FU8>=75,"A",IF(FU8>=70,"B2",IF(FU8>=50,"C",IF(FU8>=45,"D",IF(FU8>=40,"E",IF(FU8>=6,"F",IF(FU8<5,""))))))) | FX8: =IF(FU8>=75,"Excellent",IF(FU8>=70,"V.Good",IF(FU8>=65,"Good",IF(FU8>=60,"Credit",IF(FU8>=55,"Credit",IF(FU8>=50,"Credit",IF(FU8>=45,"Pass",IF(FU8>=40,"Pass",IF(FU8>=6,"Fail",IF(FU8<5,"")))))))))) | FY8: 5 | FZ8: =Data!B6 -> ABUBAKAR UMAR | GA8: 6 | GB8: 6 | GC8: 2 | GD8: 2 | GE8: =SUM(GA8:GD8) -> 16 | GF8: 19 | GG8: =GE8+GF8 -> 35 | GH8: =IF(GG8<10,"",RANK(GG8,GG$4:GG$57)) -> 39 | GI8: =IF(GG8>=75,"A",IF(GG8>=70,"B2",IF(GG8>=50,"C",IF(GG8>=45,"D",IF(GG8>=40,"E",IF(GG8>=6,"F",IF(GG8<5,""))))))) -> F | GJ8: =IF(GG8>=75,"Excellent",IF(GG8>=70,"V.Good",IF(GG8>=65,"Good",IF(GG8>=60,"Credit",IF(GG8>=55,"Credit",IF(GG8>=50,"Credit",IF(GG8>=45,"Pass",IF(GG8>=40,"Pass",IF(GG8>=6,"Fail",IF(GG8<5,"")))))))))) -> Fail | GK8: 5 | GL8: =Data!B6 -> ABUBAKAR UMAR | GQ8: =SUM(GM8:GP8) -> 0 | GS8: =GQ8+GR8 -> 0 | GT8: =IF(GS8<10,"",RANK(GS8,GS$4:GS$57)) | GU8: =IF(GS8>=75,"A",IF(GS8>=70,"B2",IF(GS8>=50,"C",IF(GS8>=45,"D",IF(GS8>=40,"E",IF(GS8>=6,"F",IF(GS8<5,""))))))) | GV8: =IF(GS8>=75,"Excellent",IF(GS8>=70,"V.Good",IF(GS8>=65,"Good",IF(GS8>=60,"Credit",IF(GS8>=55,"Credit",IF(GS8>=50,"Credit",IF(GS8>=45,"Pass",IF(GS8>=40,"Pass",IF(GS8>=6,"Fail",IF(GS8<5,"")))))))))) | GW8: 5 | GX8: =Data!B6 -> ABUBAKAR UMAR | HC8: =SUM(GY8:HB8) -> 0 | HE8: =HC8+HD8 -> 0 | HF8: =IF(HE8<10,"",RANK(HE8,HE$4:HE$57)) | HG8: =IF(HE8>=75,"A",IF(HE8>=70,"B2",IF(HE8>=50,"C",IF(HE8>=45,"D",IF(HE8>=40,"E",IF(HE8>=6,"F",IF(HE8<5,""))))))) | HH8: =IF(HE8>=75,"Excellent",IF(HE8>=70,"V.Good",IF(HE8>=65,"Good",IF(HE8>=60,"Credit",IF(HE8>=55,"Credit",IF(HE8>=50,"Credit",IF(HE8>=45,"Pass",IF(HE8>=40,"Pass",IF(HE8>=6,"Fail",IF(HE8<5,"")))))))))) | HI8: 5 | HJ8: =Data!B6 -> ABUBAKAR UMAR | HK8: 1 | HL8: 8 | HM8: 8 | HN8: 10 | HO8: =SUM(HK8:HN8) -> 27 | HQ8: =HO8+HP8 -> 27 | HR8: =IF(HQ8<10,"",RANK(HQ8,HQ$4:HQ$57)) -> 5 | HS8: =IF(HQ8>=75,"A",IF(HQ8>=70,"B2",IF(HQ8>=50,"C",IF(HQ8>=45,"D",IF(HQ8>=40,"E",IF(HQ8>=6,"F",IF(HQ8<5,""))))))) -> F | HT8: =IF(HQ8>=75,"Excellent",IF(HQ8>=70,"V.Good",IF(HQ8>=65,"Good",IF(HQ8>=60,"Credit",IF(HQ8>=55,"Credit",IF(HQ8>=50,"Credit",IF(HQ8>=45,"Pass",IF(HQ8>=40,"Pass",IF(HQ8>=6,"Fail",IF(HQ8<5,"")))))))))) -> Fail | HU8: 5 | HV8: =Data!B6 -> ABUBAKAR UMAR | IA8: =SUM(HW8:HZ8) -> 0 | IC8: =IA8+IB8 -> 0 | ID8: =IF(IC8<10,"",RANK(IC8,IC$4:IC$57)) | IE8: =IF(IC8>=75,"A",IF(IC8>=70,"B2",IF(IC8>=50,"C",IF(IC8>=45,"D",IF(IC8>=40,"E",IF(IC8>=6,"F",IF(IC8<5,""))))))) | IF8: =IF(IC8>=75,"Excellent",IF(IC8>=70,"V.Good",IF(IC8>=65,"Good",IF(IC8>=60,"Credit",IF(IC8>=55,"Credit",IF(IC8>=50,"Credit",IF(IC8>=45,"Pass",IF(IC8>=40,"Pass",IF(IC8>=6,"Fail",IF(IC8<5,"")))))))))) | IG8: 5 | IH8: =Data!B6 -> ABUBAKAR UMAR | IM8: =SUM(II8:IL8) -> 0 | IO8: =IM8+IN8 -> 0 | IP8: =IF(IO8<10,"",RANK(IO8,IO$4:IO$57)) | IQ8: =IF(IO8>=75,"A",IF(IO8>=70,"B2",IF(IO8>=50,"C",IF(IO8>=45,"D",IF(IO8>=40,"E",IF(IO8>=6,"F",IF(IO8<5,""))))))) | IR8: =IF(IO8>=75,"Excellent",IF(IO8>=70,"V.Good",IF(IO8>=65,"Good",IF(IO8>=60,"Credit",IF(IO8>=55,"Credit",IF(IO8>=50,"Credit",IF(IO8>=45,"Pass",IF(IO8>=40,"Pass",IF(IO8>=6,"Fail",IF(IO8<5,"")))))))))) | IS8: 5 | IT8: =IH8 -> ABUBAKAR UMAR | IU8: 6 | IV8: 2 | IW8: 1 | IX8: 1 | IY8: =SUM(IU8:IX8) -> 10 | IZ8: 42 | JA8: =IY8+IZ8 -> 52 | JB8: =IF(JA8<10,"",RANK(JA8,JA$4:JA$57)) -> 22 | JC8: =IF(JA8>=75,"A",IF(JA8>=70,"B2",IF(JA8>=50,"C",IF(JA8>=45,"D",IF(JA8>=40,"E",IF(JA8>=6,"F",IF(JA8<5,""))))))) -> C | JD8: =IF(JA8>=75,"Excellent",IF(JA8>=70,"V.Good",IF(JA8>=65,"Good",IF(JA8>=60,"Credit",IF(JA8>=55,"Credit",IF(JA8>=50,"Credit",IF(JA8>=45,"Pass",IF(JA8>=40,"Pass",IF(JA8>=6,"Fail",IF(JA8<5,"")))))))))) -> Credit | JE8: 5 | JF8: =IT8 -> ABUBAKAR UMAR | JK8: =SUM(JG8:JJ8) -> 0 | JM8: =JK8+JL8 -> 0 | JN8: =IF(JM8<10,"",RANK(JM8,JM$4:JM$57)) | JO8: =IF(JM8>=75,"A",IF(JM8>=70,"B2",IF(JM8>=50,"C",IF(JM8>=45,"D",IF(JM8>=40,"E",IF(JM8>=6,"F",IF(JM8<5,""))))))) | JP8: =IF(JM8>=75,"Excellent",IF(JM8>=70,"V.Good",IF(JM8>=65,"Good",IF(JM8>=60,"Credit",IF(JM8>=55,"Credit",IF(JM8>=50,"Credit",IF(JM8>=45,"Pass",IF(JM8>=40,"Pass",IF(JM8>=6,"Fail",IF(JM8<5,"")))))))))) | JQ8: 5 | JR8: =JF8 -> ABUBAKAR UMAR | JW8: =SUM(JS8:JV8) -> 0 | JY8: =JW8+JX8 -> 0 | JZ8: =IF(JY8<10,"",RANK(JY8,JY$4:JY$57)) | KA8: =IF(JY8>=75,"A",IF(JY8>=70,"B2",IF(JY8>=50,"C",IF(JY8>=45,"D",IF(JY8>=40,"E",IF(JY8>=6,"F",IF(JY8<5,""))))))) | KB8: =IF(JY8>=75,"Excellent",IF(JY8>=70,"V.Good",IF(JY8>=65,"Good",IF(JY8>=60,"Credit",IF(JY8>=55,"Credit",IF(JY8>=50,"Credit",IF(JY8>=45,"Pass",IF(JY8>=40,"Pass",IF(JY8>=6,"Fail",IF(JY8<5,""))))))))))
A9: 6 | B9: =Data!B7 -> BABAGANA ISA ABBA | C9: 7 | D9: 2 | E9: 1 | F9: 5 | G9: =SUM(C9:F9) -> 15 | H9: 25 | I9: =G9+H9 -> 40 | J9: =IF(I9<10,"",RANK(I9,I$4:I$57)) -> 23 | K9: =IF(I9>=75,"A1",IF(I9>=70,"B2",IF(I9>=65,"B3",IF(I9>=60,"C4",IF(I9>=55,"C5",IF(I9>=50,"C6",IF(I9>=45,"D7",IF(I9>=40,"E8",IF(I9>=6,"F",IF(I9<5,"")))))))))) -> E8 | L9: =IF(I9>=75,"Excellent",IF(I9>=70,"V.Good",IF(I9>=65,"Good",IF(I9>=60,"Credit",IF(I9>=55,"Credit",IF(I9>=50,"Credit",IF(I9>=45,"Pass",IF(I9>=40,"Pass",IF(I9>=6,"Fail",IF(I9<5,"")))))))))) -> Pass | M9: 6 | N9: =Data!B7 -> BABAGANA ISA ABBA | O9: 7 | P9: 2 | Q9: 1 | R9: 5 | S9: =SUM(O9:R9) -> 15 | T9: 25 | U9: =S9+T9 -> 40 | V9: =IF(U9<10,"",RANK(U9,U$4:U$57)) -> 15 | W9: =IF(U9>=75,"A1",IF(U9>=70,"B2",IF(U9>=65,"B3",IF(U9>=60,"C4",IF(U9>=55,"C5",IF(U9>=50,"C6",IF(U9>=45,"D7",IF(U9>=40,"E8",IF(U9>=6,"F",IF(U9<5,"")))))))))) -> E8 | X9: =IF(U9>=75,"Excellent",IF(U9>=70,"V.Good",IF(U9>=65,"Good",IF(U9>=60,"Credit",IF(U9>=55,"Credit",IF(U9>=50,"Credit",IF(U9>=45,"Pass",IF(U9>=40,"Pass",IF(U9>=6,"Fail",IF(U9<5,"")))))))))) -> Pass | Y9: 6 | Z9: =Data!B7 -> BABAGANA ISA ABBA | AA9: 7 | AB9: 2 | AC9: 1 | AD9: 5 | AE9: =SUM(AA9:AD9) -> 15 | AF9: 42 | AG9: =AE9+AF9 -> 57 | AH9: =IF(AG9<10,"",RANK(AG9,AG$4:AG$57)) -> 23 | AI9: =IF(AG9>=75,"A1",IF(AG9>=70,"B2",IF(AG9>=65,"B3",IF(AG9>=60,"C4",IF(AG9>=55,"C5",IF(AG9>=50,"C6",IF(AG9>=45,"D7",IF(AG9>=40,"E8",IF(AG9>=6,"F",IF(AG9<5,"")))))))))) -> C5 | AJ9: =IF(AG9>=75,"Excellent",IF(AG9>=70,"V.Good",IF(AG9>=65,"Good",IF(AG9>=60,"Credit",IF(AG9>=55,"Credit",IF(AG9>=50,"Credit",IF(AG9>=45,"Pass",IF(AG9>=40,"Pass",IF(AG9>=6,"Fail",IF(AG9<5,"")))))))))) -> Credit | AK9: 6 | AL9: =Data!B7 -> BABAGANA ISA ABBA | AQ9: =SUM(AM9:AP9) -> 0 | AS9: =AQ9+AR9 -> 0 | AT9: =IF(AS9<10,"",RANK(AS9,AS$4:AS$57)) | AU9: =IF(AS9>=75,"A1",IF(AS9>=70,"B2",IF(AS9>=65,"B3",IF(AS9>=60,"C4",IF(AS9>=55,"C5",IF(AS9>=50,"C6",IF(AS9>=45,"D7",IF(AS9>=40,"E8",IF(AS9>=6,"F",IF(AS9<5,"")))))))))) | AV9: =IF(AS9>=75,"Excellent",IF(AS9>=70,"V.Good",IF(AS9>=65,"Good",IF(AS9>=60,"Credit",IF(AS9>=55,"Credit",IF(AS9>=50,"Credit",IF(AS9>=45,"Pass",IF(AS9>=40,"Pass",IF(AS9>=6,"Fail",IF(AS9<5,"")))))))))) | AW9: 6 | AX9: =Data!B7 -> BABAGANA ISA ABBA | BC9: =SUM(AY9:BB9) -> 0 | BE9: =BC9+BD9 -> 0 | BF9: =IF(BE9<10,"",RANK(BE9,BE$4:BE$57)) | BG9: =IF(BE9>=75,"A1",IF(BE9>=70,"B2",IF(BE9>=65,"B3",IF(BE9>=60,"C4",IF(BE9>=55,"C5",IF(BE9>=50,"C6",IF(BE9>=45,"D7",IF(BE9>=40,"E8",IF(BE9>=6,"F",IF(BE9<5,"")))))))))) | BH9: =IF(BE9>=75,"Excellent",IF(BE9>=70,"V.Good",IF(BE9>=65,"Good",IF(BE9>=60,"Credit",IF(BE9>=55,"Credit",IF(BE9>=50,"Credit",IF(BE9>=45,"Pass",IF(BE9>=40,"Pass",IF(BE9>=6,"Fail",IF(BE9<5,"")))))))))) | BI9: 6 | BJ9: =Data!B7 -> BABAGANA ISA ABBA | BK9: 7 | BL9: 2 | BM9: 1 | BN9: 5 | BO9: =SUM(BK9:BN9) -> 15 | BP9: 42 | BQ9: =BO9+BP9 -> 57 | BR9: =IF(BQ9<10,"",RANK(BQ9,BQ$4:BQ$57)) -> 16 | BS9: =IF(BQ9>=75,"A1",IF(BQ9>=70,"B2",IF(BQ9>=65,"B3",IF(BQ9>=60,"C4",IF(BQ9>=55,"C5",IF(BQ9>=50,"C6",IF(BQ9>=45,"D7",IF(BQ9>=40,"E8",IF(BQ9>=6,"F",IF(BQ9<5,"")))))))))) -> C5 | BT9: =IF(BQ9>=75,"Excellent",IF(BQ9>=70,"V.Good",IF(BQ9>=65,"Good",IF(BQ9>=60,"Credit",IF(BQ9>=55,"Credit",IF(BQ9>=50,"Credit",IF(BQ9>=45,"Pass",IF(BQ9>=40,"Pass",IF(BQ9>=6,"Fail",IF(BQ9<5,"")))))))))) -> Credit | BU9: 6 | BV9: =Data!B7 -> BABAGANA ISA ABBA | BW9: 4 | BX9: 1 | BY9: 8 | BZ9: 7 | CA9: =SUM(BW9:BZ9) -> 20 | CB9: 18 | CC9: =CA9+CB9 -> 38 | CD9: =IF(CC9<10,"",RANK(CC9,CC$4:CC$57)) -> 38 | CE9: =IF(CC9>=75,"A1",IF(CC9>=70,"B2",IF(CC9>=65,"B3",IF(CC9>=60,"C4",IF(CC9>=55,"C5",IF(CC9>=50,"C6",IF(CC9>=45,"D7",IF(CC9>=40,"E8",IF(CC9>=6,"F",IF(CC9<5,"")))))))))) -> F | CF9: =IF(CC9>=75,"Excellent",IF(CC9>=70,"V.Good",IF(CC9>=65,"Good",IF(CC9>=60,"Credit",IF(CC9>=55,"Credit",IF(CC9>=50,"Credit",IF(CC9>=45,"Pass",IF(CC9>=40,"Pass",IF(CC9>=6,"Fail",IF(CC9<5,"")))))))))) -> Fail | CG9: 6 | CH9: =Data!B7 -> BABAGANA ISA ABBA | CM9: =SUM(CI9:CL9) -> 0 | CO9: =CM9+CN9 -> 0 | CP9: =IF(CO9<10,"",RANK(CO9,CO$4:CO$57)) | CQ9: =IF(CO9>=75,"A1",IF(CO9>=70,"B2",IF(CO9>=65,"B3",IF(CO9>=60,"C4",IF(CO9>=55,"C5",IF(CO9>=50,"C6",IF(CO9>=45,"D7",IF(CO9>=40,"E8",IF(CO9>=6,"F",IF(CO9<5,"")))))))))) | CR9: =IF(CO9>=75,"Excellent",IF(CO9>=70,"V.Good",IF(CO9>=65,"Good",IF(CO9>=60,"Credit",IF(CO9>=55,"Credit",IF(CO9>=50,"Credit",IF(CO9>=45,"Pass",IF(CO9>=40,"Pass",IF(CO9>=6,"Fail",IF(CO9<5,"")))))))))) | CS9: 6 | CT9: =Data!B7 -> BABAGANA ISA ABBA | CY9: =SUM(CU9:CX9) -> 0 | DA9: =CY9+CZ9 -> 0 | DB9: =IF(DA9<10,"",RANK(DA9,DA$4:DA$57)) | DC9: =IF(DA9>=75,"A1",IF(DA9>=70,"B2",IF(DA9>=65,"B3",IF(DA9>=60,"C4",IF(DA9>=55,"C5",IF(DA9>=50,"C6",IF(DA9>=45,"D7",IF(DA9>=40,"E8",IF(DA9>=6,"F",IF(DA9<5,"")))))))))) | DD9: =IF(DA9>=75,"Excellent",IF(DA9>=70,"V.Good",IF(DA9>=65,"Good",IF(DA9>=60,"Credit",IF(DA9>=55,"Credit",IF(DA9>=50,"Credit",IF(DA9>=45,"Pass",IF(DA9>=40,"Pass",IF(DA9>=6,"Fail",IF(DA9<5,"")))))))))) | DE9: 6 | DF9: =Data!B7 -> BABAGANA ISA ABBA | DK9: =SUM(DG9:DJ9) -> 0 | DM9: =DK9+DL9 -> 0 | DN9: =IF(DM9<10,"",RANK(DM9,DM$4:DM$57)) | DO9: =IF(DM9>=75,"A1",IF(DM9>=70,"B2",IF(DM9>=65,"B3",IF(DM9>=60,"C4",IF(DM9>=55,"C5",IF(DM9>=50,"C6",IF(DM9>=45,"D7",IF(DM9>=40,"E8",IF(DM9>=6,"F",IF(DM9<5,"")))))))))) | DP9: =IF(DM9>=75,"Excellent",IF(DM9>=70,"V.Good",IF(DM9>=65,"Good",IF(DM9>=60,"Credit",IF(DM9>=55,"Credit",IF(DM9>=50,"Credit",IF(DM9>=45,"Pass",IF(DM9>=40,"Pass",IF(DM9>=6,"Fail",IF(DM9<5,"")))))))))) | DQ9: 6 | DR9: =Data!B7 -> BABAGANA ISA ABBA | DW9: =SUM(DS9:DV9) -> 0 | DY9: =DW9+DX9 -> 0 | DZ9: =IF(DY9<10,"",RANK(DY9,DY$4:DY$57)) | EA9: =IF(DY9>=75,"A1",IF(DY9>=70,"B2",IF(DY9>=65,"B3",IF(DY9>=60,"C4",IF(DY9>=55,"C5",IF(DY9>=50,"C6",IF(DY9>=45,"D7",IF(DY9>=40,"E8",IF(DY9>=6,"F",IF(DY9<5,"")))))))))) | EB9: =IF(DY9>=75,"Excellent",IF(DY9>=70,"V.Good",IF(DY9>=65,"Good",IF(DY9>=60,"Credit",IF(DY9>=55,"Credit",IF(DY9>=50,"Credit",IF(DY9>=45,"Pass",IF(DY9>=40,"Pass",IF(DY9>=6,"Fail",IF(DY9<5,"")))))))))) | EC9: 6 | ED9: =Data!B7 -> BABAGANA ISA ABBA | EI9: =SUM(EE9:EH9) -> 0 | EK9: =EI9+EJ9 -> 0 | EL9: =IF(EK9<10,"",RANK(EK9,EK$4:EK$57)) | EM9: =IF(EK9>=75,"A1",IF(EK9>=70,"B2",IF(EK9>=65,"B3",IF(EK9>=60,"C4",IF(EK9>=55,"C5",IF(EK9>=50,"C6",IF(EK9>=45,"D7",IF(EK9>=40,"E8",IF(EK9>=6,"F",IF(EK9<5,"")))))))))) | EN9: =IF(EK9>=75,"Excellent",IF(EK9>=70,"V.Good",IF(EK9>=65,"Good",IF(EK9>=60,"Credit",IF(EK9>=55,"Credit",IF(EK9>=50,"Credit",IF(EK9>=45,"Pass",IF(EK9>=40,"Pass",IF(EK9>=6,"Fail",IF(EK9<5,"")))))))))) | EO9: 6 | EP9: =Data!B7 -> BABAGANA ISA ABBA | EU9: =SUM(EQ9:ET9) -> 0 | EW9: =EU9+EV9 -> 0 | EX9: =IF(EW9<10,"",RANK(EW9,EW$4:EW$57)) | EY9: =IF(EW9>=75,"A1",IF(EW9>=70,"B2",IF(EW9>=65,"B3",IF(EW9>=60,"C4",IF(EW9>=55,"C5",IF(EW9>=50,"C6",IF(EW9>=45,"D7",IF(EW9>=40,"E8",IF(EW9>=6,"F",IF(EW9<5,"")))))))))) | EZ9: =IF(EW9>=75,"Excellent",IF(EW9>=70,"V.Good",IF(EW9>=65,"Good",IF(EW9>=60,"Credit",IF(EW9>=55,"Credit",IF(EW9>=50,"Credit",IF(EW9>=45,"Pass",IF(EW9>=40,"Pass",IF(EW9>=6,"Fail",IF(EW9<5,"")))))))))) | FA9: 6 | FB9: =Data!B7 -> BABAGANA ISA ABBA | FG9: =SUM(FC9:FF9) -> 0 | FI9: =FG9+FH9 -> 0 | FJ9: =IF(FI9<10,"",RANK(FI9,FI$4:FI$57)) | FK9: =IF(FI9>=75,"A",IF(FI9>=70,"B2",IF(FI9>=50,"C",IF(FI9>=45,"D",IF(FI9>=40,"E",IF(FI9>=6,"F",IF(FI9<5,""))))))) | FL9: =IF(FI9>=75,"Excellent",IF(FI9>=70,"V.Good",IF(FI9>=65,"Good",IF(FI9>=60,"Credit",IF(FI9>=55,"Credit",IF(FI9>=50,"Credit",IF(FI9>=45,"Pass",IF(FI9>=40,"Pass",IF(FI9>=6,"Fail",IF(FI9<5,"")))))))))) | FM9: 6 | FN9: =Data!B7 -> BABAGANA ISA ABBA | FS9: =SUM(FO9:FR9) -> 0 | FU9: =FS9+FT9 -> 0 | FV9: =IF(FU9<10,"",RANK(FU9,FU$4:FU$57)) | FW9: =IF(FU9>=75,"A",IF(FU9>=70,"B2",IF(FU9>=50,"C",IF(FU9>=45,"D",IF(FU9>=40,"E",IF(FU9>=6,"F",IF(FU9<5,""))))))) | FX9: =IF(FU9>=75,"Excellent",IF(FU9>=70,"V.Good",IF(FU9>=65,"Good",IF(FU9>=60,"Credit",IF(FU9>=55,"Credit",IF(FU9>=50,"Credit",IF(FU9>=45,"Pass",IF(FU9>=40,"Pass",IF(FU9>=6,"Fail",IF(FU9<5,"")))))))))) | FY9: 6 | FZ9: =Data!B7 -> BABAGANA ISA ABBA | GA9: 5 | GB9: 6 | GC9: 5 | GD9: 6 | GE9: =SUM(GA9:GD9) -> 22 | GF9: 11 | GG9: =GE9+GF9 -> 33 | GH9: =IF(GG9<10,"",RANK(GG9,GG$4:GG$57)) -> 41 | GI9: =IF(GG9>=75,"A",IF(GG9>=70,"B2",IF(GG9>=50,"C",IF(GG9>=45,"D",IF(GG9>=40,"E",IF(GG9>=6,"F",IF(GG9<5,""))))))) -> F | GJ9: =IF(GG9>=75,"Excellent",IF(GG9>=70,"V.Good",IF(GG9>=65,"Good",IF(GG9>=60,"Credit",IF(GG9>=55,"Credit",IF(GG9>=50,"Credit",IF(GG9>=45,"Pass",IF(GG9>=40,"Pass",IF(GG9>=6,"Fail",IF(GG9<5,"")))))))))) -> Fail | GK9: 6 | GL9: =Data!B7 -> BABAGANA ISA ABBA | GQ9: =SUM(GM9:GP9) -> 0 | GS9: =GQ9+GR9 -> 0 | GT9: =IF(GS9<10,"",RANK(GS9,GS$4:GS$57)) | GU9: =IF(GS9>=75,"A",IF(GS9>=70,"B2",IF(GS9>=50,"C",IF(GS9>=45,"D",IF(GS9>=40,"E",IF(GS9>=6,"F",IF(GS9<5,""))))))) | GV9: =IF(GS9>=75,"Excellent",IF(GS9>=70,"V.Good",IF(GS9>=65,"Good",IF(GS9>=60,"Credit",IF(GS9>=55,"Credit",IF(GS9>=50,"Credit",IF(GS9>=45,"Pass",IF(GS9>=40,"Pass",IF(GS9>=6,"Fail",IF(GS9<5,"")))))))))) | GW9: 6 | GX9: =Data!B7 -> BABAGANA ISA ABBA | HC9: =SUM(GY9:HB9) -> 0 | HE9: =HC9+HD9 -> 0 | HF9: =IF(HE9<10,"",RANK(HE9,HE$4:HE$57)) | HG9: =IF(HE9>=75,"A",IF(HE9>=70,"B2",IF(HE9>=50,"C",IF(HE9>=45,"D",IF(HE9>=40,"E",IF(HE9>=6,"F",IF(HE9<5,""))))))) | HH9: =IF(HE9>=75,"Excellent",IF(HE9>=70,"V.Good",IF(HE9>=65,"Good",IF(HE9>=60,"Credit",IF(HE9>=55,"Credit",IF(HE9>=50,"Credit",IF(HE9>=45,"Pass",IF(HE9>=40,"Pass",IF(HE9>=6,"Fail",IF(HE9<5,"")))))))))) | HI9: 6 | HJ9: =Data!B7 -> BABAGANA ISA ABBA | HL9: 5 | HO9: =SUM(HK9:HN9) -> 5 | HQ9: =HO9+HP9 -> 5 | HR9: =IF(HQ9<10,"",RANK(HQ9,HQ$4:HQ$57)) | HS9: =IF(HQ9>=75,"A",IF(HQ9>=70,"B2",IF(HQ9>=50,"C",IF(HQ9>=45,"D",IF(HQ9>=40,"E",IF(HQ9>=6,"F",IF(HQ9<5,""))))))) -> FALSE | HT9: =IF(HQ9>=75,"Excellent",IF(HQ9>=70,"V.Good",IF(HQ9>=65,"Good",IF(HQ9>=60,"Credit",IF(HQ9>=55,"Credit",IF(HQ9>=50,"Credit",IF(HQ9>=45,"Pass",IF(HQ9>=40,"Pass",IF(HQ9>=6,"Fail",IF(HQ9<5,"")))))))))) -> FALSE | HU9: 6 | HV9: =Data!B7 -> BABAGANA ISA ABBA | IA9: =SUM(HW9:HZ9) -> 0 | IC9: =IA9+IB9 -> 0 | ID9: =IF(IC9<10,"",RANK(IC9,IC$4:IC$57)) | IE9: =IF(IC9>=75,"A",IF(IC9>=70,"B2",IF(IC9>=50,"C",IF(IC9>=45,"D",IF(IC9>=40,"E",IF(IC9>=6,"F",IF(IC9<5,""))))))) | IF9: =IF(IC9>=75,"Excellent",IF(IC9>=70,"V.Good",IF(IC9>=65,"Good",IF(IC9>=60,"Credit",IF(IC9>=55,"Credit",IF(IC9>=50,"Credit",IF(IC9>=45,"Pass",IF(IC9>=40,"Pass",IF(IC9>=6,"Fail",IF(IC9<5,"")))))))))) | IG9: 6 | IH9: =Data!B7 -> BABAGANA ISA ABBA | IM9: =SUM(II9:IL9) -> 0 | IO9: =IM9+IN9 -> 0 | IP9: =IF(IO9<10,"",RANK(IO9,IO$4:IO$57)) | IQ9: =IF(IO9>=75,"A",IF(IO9>=70,"B2",IF(IO9>=50,"C",IF(IO9>=45,"D",IF(IO9>=40,"E",IF(IO9>=6,"F",IF(IO9<5,""))))))) | IR9: =IF(IO9>=75,"Excellent",IF(IO9>=70,"V.Good",IF(IO9>=65,"Good",IF(IO9>=60,"Credit",IF(IO9>=55,"Credit",IF(IO9>=50,"Credit",IF(IO9>=45,"Pass",IF(IO9>=40,"Pass",IF(IO9>=6,"Fail",IF(IO9<5,"")))))))))) | IS9: 6 | IT9: =IH9 -> BABAGANA ISA ABBA | IU9: 7 | IV9: 2 | IW9: 1 | IX9: 5 | IY9: =SUM(IU9:IX9) -> 15 | IZ9: 42 | JA9: =IY9+IZ9 -> 57 | JB9: =IF(JA9<10,"",RANK(JA9,JA$4:JA$57)) -> 16 | JC9: =IF(JA9>=75,"A",IF(JA9>=70,"B2",IF(JA9>=50,"C",IF(JA9>=45,"D",IF(JA9>=40,"E",IF(JA9>=6,"F",IF(JA9<5,""))))))) -> C | JD9: =IF(JA9>=75,"Excellent",IF(JA9>=70,"V.Good",IF(JA9>=65,"Good",IF(JA9>=60,"Credit",IF(JA9>=55,"Credit",IF(JA9>=50,"Credit",IF(JA9>=45,"Pass",IF(JA9>=40,"Pass",IF(JA9>=6,"Fail",IF(JA9<5,"")))))))))) -> Credit | JE9: 6 | JF9: =IT9 -> BABAGANA ISA ABBA | JK9: =SUM(JG9:JJ9) -> 0 | JM9: =JK9+JL9 -> 0 | JN9: =IF(JM9<10,"",RANK(JM9,JM$4:JM$57)) | JO9: =IF(JM9>=75,"A",IF(JM9>=70,"B2",IF(JM9>=50,"C",IF(JM9>=45,"D",IF(JM9>=40,"E",IF(JM9>=6,"F",IF(JM9<5,""))))))) | JP9: =IF(JM9>=75,"Excellent",IF(JM9>=70,"V.Good",IF(JM9>=65,"Good",IF(JM9>=60,"Credit",IF(JM9>=55,"Credit",IF(JM9>=50,"Credit",IF(JM9>=45,"Pass",IF(JM9>=40,"Pass",IF(JM9>=6,"Fail",IF(JM9<5,"")))))))))) | JQ9: 6 | JR9: =JF9 -> BABAGANA ISA ABBA | JW9: =SUM(JS9:JV9) -> 0 | JY9: =JW9+JX9 -> 0 | JZ9: =IF(JY9<10,"",RANK(JY9,JY$4:JY$57)) | KA9: =IF(JY9>=75,"A",IF(JY9>=70,"B2",IF(JY9>=50,"C",IF(JY9>=45,"D",IF(JY9>=40,"E",IF(JY9>=6,"F",IF(JY9<5,""))))))) | KB9: =IF(JY9>=75,"Excellent",IF(JY9>=70,"V.Good",IF(JY9>=65,"Good",IF(JY9>=60,"Credit",IF(JY9>=55,"Credit",IF(JY9>=50,"Credit",IF(JY9>=45,"Pass",IF(JY9>=40,"Pass",IF(JY9>=6,"Fail",IF(JY9<5,""))))))))))
A10: 7 | B10: =Data!B8 -> BABASHEHU ABDULLAHI | C10: 7 | D10: 1 | E10: 1 | F10: 4 | G10: =SUM(C10:F10) -> 13 | H10: 22 | I10: =G10+H10 -> 35 | J10: =IF(I10<10,"",RANK(I10,I$4:I$57)) -> 27 | K10: =IF(I10>=75,"A1",IF(I10>=70,"B2",IF(I10>=65,"B3",IF(I10>=60,"C4",IF(I10>=55,"C5",IF(I10>=50,"C6",IF(I10>=45,"D7",IF(I10>=40,"E8",IF(I10>=6,"F",IF(I10<5,"")))))))))) -> F | L10: =IF(I10>=75,"Excellent",IF(I10>=70,"V.Good",IF(I10>=65,"Good",IF(I10>=60,"Credit",IF(I10>=55,"Credit",IF(I10>=50,"Credit",IF(I10>=45,"Pass",IF(I10>=40,"Pass",IF(I10>=6,"Fail",IF(I10<5,"")))))))))) -> Fail | M10: 7 | N10: =Data!B8 -> BABASHEHU ABDULLAHI | O10: 7 | P10: 1 | Q10: 1 | R10: 4 | S10: =SUM(O10:R10) -> 13 | T10: 22 | U10: =S10+T10 -> 35 | V10: =IF(U10<10,"",RANK(U10,U$4:U$57)) -> 18 | W10: =IF(U10>=75,"A1",IF(U10>=70,"B2",IF(U10>=65,"B3",IF(U10>=60,"C4",IF(U10>=55,"C5",IF(U10>=50,"C6",IF(U10>=45,"D7",IF(U10>=40,"E8",IF(U10>=6,"F",IF(U10<5,"")))))))))) -> F | X10: =IF(U10>=75,"Excellent",IF(U10>=70,"V.Good",IF(U10>=65,"Good",IF(U10>=60,"Credit",IF(U10>=55,"Credit",IF(U10>=50,"Credit",IF(U10>=45,"Pass",IF(U10>=40,"Pass",IF(U10>=6,"Fail",IF(U10<5,"")))))))))) -> Fail | Y10: 7 | Z10: =Data!B8 -> BABASHEHU ABDULLAHI | AA10: 7 | AB10: 1 | AC10: 1 | AD10: 4 | AE10: =SUM(AA10:AD10) -> 13 | AF10: 42 | AG10: =AE10+AF10 -> 55 | AH10: =IF(AG10<10,"",RANK(AG10,AG$4:AG$57)) -> 25 | AI10: =IF(AG10>=75,"A1",IF(AG10>=70,"B2",IF(AG10>=65,"B3",IF(AG10>=60,"C4",IF(AG10>=55,"C5",IF(AG10>=50,"C6",IF(AG10>=45,"D7",IF(AG10>=40,"E8",IF(AG10>=6,"F",IF(AG10<5,"")))))))))) -> C5 | AJ10: =IF(AG10>=75,"Excellent",IF(AG10>=70,"V.Good",IF(AG10>=65,"Good",IF(AG10>=60,"Credit",IF(AG10>=55,"Credit",IF(AG10>=50,"Credit",IF(AG10>=45,"Pass",IF(AG10>=40,"Pass",IF(AG10>=6,"Fail",IF(AG10<5,"")))))))))) -> Credit | AK10: 7 | AL10: =Data!B8 -> BABASHEHU ABDULLAHI | AQ10: =SUM(AM10:AP10) -> 0 | AS10: =AQ10+AR10 -> 0 | AT10: =IF(AS10<10,"",RANK(AS10,AS$4:AS$57)) | AU10: =IF(AS10>=75,"A1",IF(AS10>=70,"B2",IF(AS10>=65,"B3",IF(AS10>=60,"C4",IF(AS10>=55,"C5",IF(AS10>=50,"C6",IF(AS10>=45,"D7",IF(AS10>=40,"E8",IF(AS10>=6,"F",IF(AS10<5,"")))))))))) | AV10: =IF(AS10>=75,"Excellent",IF(AS10>=70,"V.Good",IF(AS10>=65,"Good",IF(AS10>=60,"Credit",IF(AS10>=55,"Credit",IF(AS10>=50,"Credit",IF(AS10>=45,"Pass",IF(AS10>=40,"Pass",IF(AS10>=6,"Fail",IF(AS10<5,"")))))))))) | AW10: 7 | AX10: =Data!B8 -> BABASHEHU ABDULLAHI | BC10: =SUM(AY10:BB10) -> 0 | BE10: =BC10+BD10 -> 0 | BF10: =IF(BE10<10,"",RANK(BE10,BE$4:BE$57)) | BG10: =IF(BE10>=75,"A1",IF(BE10>=70,"B2",IF(BE10>=65,"B3",IF(BE10>=60,"C4",IF(BE10>=55,"C5",IF(BE10>=50,"C6",IF(BE10>=45,"D7",IF(BE10>=40,"E8",IF(BE10>=6,"F",IF(BE10<5,"")))))))))) | BH10: =IF(BE10>=75,"Excellent",IF(BE10>=70,"V.Good",IF(BE10>=65,"Good",IF(BE10>=60,"Credit",IF(BE10>=55,"Credit",IF(BE10>=50,"Credit",IF(BE10>=45,"Pass",IF(BE10>=40,"Pass",IF(BE10>=6,"Fail",IF(BE10<5,"")))))))))) | BI10: 7 | BJ10: =Data!B8 -> BABASHEHU ABDULLAHI | BK10: 7 | BL10: 1 | BM10: 1 | BN10: 4 | BO10: =SUM(BK10:BN10) -> 13 | BP10: 42 | BQ10: =BO10+BP10 -> 55 | BR10: =IF(BQ10<10,"",RANK(BQ10,BQ$4:BQ$57)) -> 17 | BS10: =IF(BQ10>=75,"A1",IF(BQ10>=70,"B2",IF(BQ10>=65,"B3",IF(BQ10>=60,"C4",IF(BQ10>=55,"C5",IF(BQ10>=50,"C6",IF(BQ10>=45,"D7",IF(BQ10>=40,"E8",IF(BQ10>=6,"F",IF(BQ10<5,"")))))))))) -> C5 | BT10: =IF(BQ10>=75,"Excellent",IF(BQ10>=70,"V.Good",IF(BQ10>=65,"Good",IF(BQ10>=60,"Credit",IF(BQ10>=55,"Credit",IF(BQ10>=50,"Credit",IF(BQ10>=45,"Pass",IF(BQ10>=40,"Pass",IF(BQ10>=6,"Fail",IF(BQ10<5,"")))))))))) -> Credit | BU10: 7 | BV10: =Data!B8 -> BABASHEHU ABDULLAHI | BW10: 6 | BX10: 5 | BY10: 9 | BZ10: 8 | CA10: =SUM(BW10:BZ10) -> 28 | CB10: 18 | CC10: =CA10+CB10 -> 46 | CD10: =IF(CC10<10,"",RANK(CC10,CC$4:CC$57)) -> 29 | CE10: =IF(CC10>=75,"A1",IF(CC10>=70,"B2",IF(CC10>=65,"B3",IF(CC10>=60,"C4",IF(CC10>=55,"C5",IF(CC10>=50,"C6",IF(CC10>=45,"D7",IF(CC10>=40,"E8",IF(CC10>=6,"F",IF(CC10<5,"")))))))))) -> D7 | CF10: =IF(CC10>=75,"Excellent",IF(CC10>=70,"V.Good",IF(CC10>=65,"Good",IF(CC10>=60,"Credit",IF(CC10>=55,"Credit",IF(CC10>=50,"Credit",IF(CC10>=45,"Pass",IF(CC10>=40,"Pass",IF(CC10>=6,"Fail",IF(CC10<5,"")))))))))) -> Pass | CG10: 7 | CH10: =Data!B8 -> BABASHEHU ABDULLAHI | CM10: =SUM(CI10:CL10) -> 0 | CO10: =CM10+CN10 -> 0 | CP10: =IF(CO10<10,"",RANK(CO10,CO$4:CO$57)) | CQ10: =IF(CO10>=75,"A1",IF(CO10>=70,"B2",IF(CO10>=65,"B3",IF(CO10>=60,"C4",IF(CO10>=55,"C5",IF(CO10>=50,"C6",IF(CO10>=45,"D7",IF(CO10>=40,"E8",IF(CO10>=6,"F",IF(CO10<5,"")))))))))) | CR10: =IF(CO10>=75,"Excellent",IF(CO10>=70,"V.Good",IF(CO10>=65,"Good",IF(CO10>=60,"Credit",IF(CO10>=55,"Credit",IF(CO10>=50,"Credit",IF(CO10>=45,"Pass",IF(CO10>=40,"Pass",IF(CO10>=6,"Fail",IF(CO10<5,"")))))))))) | CS10: 7 | CT10: =Data!B8 -> BABASHEHU ABDULLAHI | CY10: =SUM(CU10:CX10) -> 0 | DA10: =CY10+CZ10 -> 0 | DB10: =IF(DA10<10,"",RANK(DA10,DA$4:DA$57)) | DC10: =IF(DA10>=75,"A1",IF(DA10>=70,"B2",IF(DA10>=65,"B3",IF(DA10>=60,"C4",IF(DA10>=55,"C5",IF(DA10>=50,"C6",IF(DA10>=45,"D7",IF(DA10>=40,"E8",IF(DA10>=6,"F",IF(DA10<5,"")))))))))) | DD10: =IF(DA10>=75,"Excellent",IF(DA10>=70,"V.Good",IF(DA10>=65,"Good",IF(DA10>=60,"Credit",IF(DA10>=55,"Credit",IF(DA10>=50,"Credit",IF(DA10>=45,"Pass",IF(DA10>=40,"Pass",IF(DA10>=6,"Fail",IF(DA10<5,"")))))))))) | DE10: 7 | DF10: =Data!B8 -> BABASHEHU ABDULLAHI | DG10: 4 | DH10: 2 | DI10: 2 | DJ10: 5 | DK10: =SUM(DG10:DJ10) -> 13 | DL10: 30 | DM10: =DK10+DL10 -> 43 | DN10: =IF(DM10<10,"",RANK(DM10,DM$4:DM$57)) -> 3 | DO10: =IF(DM10>=75,"A1",IF(DM10>=70,"B2",IF(DM10>=65,"B3",IF(DM10>=60,"C4",IF(DM10>=55,"C5",IF(DM10>=50,"C6",IF(DM10>=45,"D7",IF(DM10>=40,"E8",IF(DM10>=6,"F",IF(DM10<5,"")))))))))) -> E8 | DP10: =IF(DM10>=75,"Excellent",IF(DM10>=70,"V.Good",IF(DM10>=65,"Good",IF(DM10>=60,"Credit",IF(DM10>=55,"Credit",IF(DM10>=50,"Credit",IF(DM10>=45,"Pass",IF(DM10>=40,"Pass",IF(DM10>=6,"Fail",IF(DM10<5,"")))))))))) -> Pass | DQ10: 7 | DR10: =Data!B8 -> BABASHEHU ABDULLAHI | DW10: =SUM(DS10:DV10) -> 0 | DY10: =DW10+DX10 -> 0 | DZ10: =IF(DY10<10,"",RANK(DY10,DY$4:DY$57)) | EA10: =IF(DY10>=75,"A1",IF(DY10>=70,"B2",IF(DY10>=65,"B3",IF(DY10>=60,"C4",IF(DY10>=55,"C5",IF(DY10>=50,"C6",IF(DY10>=45,"D7",IF(DY10>=40,"E8",IF(DY10>=6,"F",IF(DY10<5,"")))))))))) | EB10: =IF(DY10>=75,"Excellent",IF(DY10>=70,"V.Good",IF(DY10>=65,"Good",IF(DY10>=60,"Credit",IF(DY10>=55,"Credit",IF(DY10>=50,"Credit",IF(DY10>=45,"Pass",IF(DY10>=40,"Pass",IF(DY10>=6,"Fail",IF(DY10<5,"")))))))))) | EC10: 7 | ED10: =Data!B8 -> BABASHEHU ABDULLAHI | EI10: =SUM(EE10:EH10) -> 0 | EK10: =EI10+EJ10 -> 0 | EL10: =IF(EK10<10,"",RANK(EK10,EK$4:EK$57)) | EM10: =IF(EK10>=75,"A1",IF(EK10>=70,"B2",IF(EK10>=65,"B3",IF(EK10>=60,"C4",IF(EK10>=55,"C5",IF(EK10>=50,"C6",IF(EK10>=45,"D7",IF(EK10>=40,"E8",IF(EK10>=6,"F",IF(EK10<5,"")))))))))) | EN10: =IF(EK10>=75,"Excellent",IF(EK10>=70,"V.Good",IF(EK10>=65,"Good",IF(EK10>=60,"Credit",IF(EK10>=55,"Credit",IF(EK10>=50,"Credit",IF(EK10>=45,"Pass",IF(EK10>=40,"Pass",IF(EK10>=6,"Fail",IF(EK10<5,"")))))))))) | EO10: 7 | EP10: =Data!B8 -> BABASHEHU ABDULLAHI | EU10: =SUM(EQ10:ET10) -> 0 | EW10: =EU10+EV10 -> 0 | EX10: =IF(EW10<10,"",RANK(EW10,EW$4:EW$57)) | EY10: =IF(EW10>=75,"A1",IF(EW10>=70,"B2",IF(EW10>=65,"B3",IF(EW10>=60,"C4",IF(EW10>=55,"C5",IF(EW10>=50,"C6",IF(EW10>=45,"D7",IF(EW10>=40,"E8",IF(EW10>=6,"F",IF(EW10<5,"")))))))))) | EZ10: =IF(EW10>=75,"Excellent",IF(EW10>=70,"V.Good",IF(EW10>=65,"Good",IF(EW10>=60,"Credit",IF(EW10>=55,"Credit",IF(EW10>=50,"Credit",IF(EW10>=45,"Pass",IF(EW10>=40,"Pass",IF(EW10>=6,"Fail",IF(EW10<5,"")))))))))) | FA10: 7 | FB10: =Data!B8 -> BABASHEHU ABDULLAHI | FG10: =SUM(FC10:FF10) -> 0 | FI10: =FG10+FH10 -> 0 | FJ10: =IF(FI10<10,"",RANK(FI10,FI$4:FI$57)) | FK10: =IF(FI10>=75,"A",IF(FI10>=70,"B2",IF(FI10>=50,"C",IF(FI10>=45,"D",IF(FI10>=40,"E",IF(FI10>=6,"F",IF(FI10<5,""))))))) | FL10: =IF(FI10>=75,"Excellent",IF(FI10>=70,"V.Good",IF(FI10>=65,"Good",IF(FI10>=60,"Credit",IF(FI10>=55,"Credit",IF(FI10>=50,"Credit",IF(FI10>=45,"Pass",IF(FI10>=40,"Pass",IF(FI10>=6,"Fail",IF(FI10<5,"")))))))))) | FM10: 7 | FN10: =Data!B8 -> BABASHEHU ABDULLAHI | FS10: =SUM(FO10:FR10) -> 0 | FU10: =FS10+FT10 -> 0 | FV10: =IF(FU10<10,"",RANK(FU10,FU$4:FU$57)) | FW10: =IF(FU10>=75,"A",IF(FU10>=70,"B2",IF(FU10>=50,"C",IF(FU10>=45,"D",IF(FU10>=40,"E",IF(FU10>=6,"F",IF(FU10<5,""))))))) | FX10: =IF(FU10>=75,"Excellent",IF(FU10>=70,"V.Good",IF(FU10>=65,"Good",IF(FU10>=60,"Credit",IF(FU10>=55,"Credit",IF(FU10>=50,"Credit",IF(FU10>=45,"Pass",IF(FU10>=40,"Pass",IF(FU10>=6,"Fail",IF(FU10<5,"")))))))))) | FY10: 7 | FZ10: =Data!B8 -> BABASHEHU ABDULLAHI | GA10: 7 | GB10: 8 | GC10: 4 | GD10: 4 | GE10: =SUM(GA10:GD10) -> 23 | GF10: 32 | GG10: =GE10+GF10 -> 55 | GH10: =IF(GG10<10,"",RANK(GG10,GG$4:GG$57)) -> 21 | GI10: =IF(GG10>=75,"A",IF(GG10>=70,"B2",IF(GG10>=50,"C",IF(GG10>=45,"D",IF(GG10>=40,"E",IF(GG10>=6,"F",IF(GG10<5,""))))))) -> C | GJ10: =IF(GG10>=75,"Excellent",IF(GG10>=70,"V.Good",IF(GG10>=65,"Good",IF(GG10>=60,"Credit",IF(GG10>=55,"Credit",IF(GG10>=50,"Credit",IF(GG10>=45,"Pass",IF(GG10>=40,"Pass",IF(GG10>=6,"Fail",IF(GG10<5,"")))))))))) -> Credit | GK10: 7 | GL10: =Data!B8 -> BABASHEHU ABDULLAHI | GQ10: =SUM(GM10:GP10) -> 0 | GS10: =GQ10+GR10 -> 0 | GT10: =IF(GS10<10,"",RANK(GS10,GS$4:GS$57)) | GU10: =IF(GS10>=75,"A",IF(GS10>=70,"B2",IF(GS10>=50,"C",IF(GS10>=45,"D",IF(GS10>=40,"E",IF(GS10>=6,"F",IF(GS10<5,""))))))) | GV10: =IF(GS10>=75,"Excellent",IF(GS10>=70,"V.Good",IF(GS10>=65,"Good",IF(GS10>=60,"Credit",IF(GS10>=55,"Credit",IF(GS10>=50,"Credit",IF(GS10>=45,"Pass",IF(GS10>=40,"Pass",IF(GS10>=6,"Fail",IF(GS10<5,"")))))))))) | GW10: 7 | GX10: =Data!B8 -> BABASHEHU ABDULLAHI | HC10: =SUM(GY10:HB10) -> 0 | HE10: =HC10+HD10 -> 0 | HF10: =IF(HE10<10,"",RANK(HE10,HE$4:HE$57)) | HG10: =IF(HE10>=75,"A",IF(HE10>=70,"B2",IF(HE10>=50,"C",IF(HE10>=45,"D",IF(HE10>=40,"E",IF(HE10>=6,"F",IF(HE10<5,""))))))) | HH10: =IF(HE10>=75,"Excellent",IF(HE10>=70,"V.Good",IF(HE10>=65,"Good",IF(HE10>=60,"Credit",IF(HE10>=55,"Credit",IF(HE10>=50,"Credit",IF(HE10>=45,"Pass",IF(HE10>=40,"Pass",IF(HE10>=6,"Fail",IF(HE10<5,"")))))))))) | HI10: 7 | HJ10: =Data!B8 -> BABASHEHU ABDULLAHI | HO10: =SUM(HK10:HN10) -> 0 | HQ10: =HO10+HP10 -> 0 | HR10: =IF(HQ10<10,"",RANK(HQ10,HQ$4:HQ$57)) | HS10: =IF(HQ10>=75,"A",IF(HQ10>=70,"B2",IF(HQ10>=50,"C",IF(HQ10>=45,"D",IF(HQ10>=40,"E",IF(HQ10>=6,"F",IF(HQ10<5,""))))))) | HT10: =IF(HQ10>=75,"Excellent",IF(HQ10>=70,"V.Good",IF(HQ10>=65,"Good",IF(HQ10>=60,"Credit",IF(HQ10>=55,"Credit",IF(HQ10>=50,"Credit",IF(HQ10>=45,"Pass",IF(HQ10>=40,"Pass",IF(HQ10>=6,"Fail",IF(HQ10<5,"")))))))))) | HU10: 7 | HV10: =Data!B8 -> BABASHEHU ABDULLAHI | IA10: =SUM(HW10:HZ10) -> 0 | IC10: =IA10+IB10 -> 0 | ID10: =IF(IC10<10,"",RANK(IC10,IC$4:IC$57)) | IE10: =IF(IC10>=75,"A",IF(IC10>=70,"B2",IF(IC10>=50,"C",IF(IC10>=45,"D",IF(IC10>=40,"E",IF(IC10>=6,"F",IF(IC10<5,""))))))) | IF10: =IF(IC10>=75,"Excellent",IF(IC10>=70,"V.Good",IF(IC10>=65,"Good",IF(IC10>=60,"Credit",IF(IC10>=55,"Credit",IF(IC10>=50,"Credit",IF(IC10>=45,"Pass",IF(IC10>=40,"Pass",IF(IC10>=6,"Fail",IF(IC10<5,"")))))))))) | IG10: 7 | IH10: =Data!B8 -> BABASHEHU ABDULLAHI | IM10: =SUM(II10:IL10) -> 0 | IO10: =IM10+IN10 -> 0 | IP10: =IF(IO10<10,"",RANK(IO10,IO$4:IO$57)) | IQ10: =IF(IO10>=75,"A",IF(IO10>=70,"B2",IF(IO10>=50,"C",IF(IO10>=45,"D",IF(IO10>=40,"E",IF(IO10>=6,"F",IF(IO10<5,""))))))) | IR10: =IF(IO10>=75,"Excellent",IF(IO10>=70,"V.Good",IF(IO10>=65,"Good",IF(IO10>=60,"Credit",IF(IO10>=55,"Credit",IF(IO10>=50,"Credit",IF(IO10>=45,"Pass",IF(IO10>=40,"Pass",IF(IO10>=6,"Fail",IF(IO10<5,"")))))))))) | IS10: 7 | IT10: =IH10 -> BABASHEHU ABDULLAHI | IU10: 7 | IV10: 1 | IW10: 1 | IX10: 4 | IY10: =SUM(IU10:IX10) -> 13 | IZ10: 42 | JA10: =IY10+IZ10 -> 55 | JB10: =IF(JA10<10,"",RANK(JA10,JA$4:JA$57)) -> 17 | JC10: =IF(JA10>=75,"A",IF(JA10>=70,"B2",IF(JA10>=50,"C",IF(JA10>=45,"D",IF(JA10>=40,"E",IF(JA10>=6,"F",IF(JA10<5,""))))))) -> C | JD10: =IF(JA10>=75,"Excellent",IF(JA10>=70,"V.Good",IF(JA10>=65,"Good",IF(JA10>=60,"Credit",IF(JA10>=55,"Credit",IF(JA10>=50,"Credit",IF(JA10>=45,"Pass",IF(JA10>=40,"Pass",IF(JA10>=6,"Fail",IF(JA10<5,"")))))))))) -> Credit | JE10: 7 | JF10: =IT10 -> BABASHEHU ABDULLAHI | JK10: =SUM(JG10:JJ10) -> 0 | JM10: =JK10+JL10 -> 0 | JN10: =IF(JM10<10,"",RANK(JM10,JM$4:JM$57)) | JO10: =IF(JM10>=75,"A",IF(JM10>=70,"B2",IF(JM10>=50,"C",IF(JM10>=45,"D",IF(JM10>=40,"E",IF(JM10>=6,"F",IF(JM10<5,""))))))) | JP10: =IF(JM10>=75,"Excellent",IF(JM10>=70,"V.Good",IF(JM10>=65,"Good",IF(JM10>=60,"Credit",IF(JM10>=55,"Credit",IF(JM10>=50,"Credit",IF(JM10>=45,"Pass",IF(JM10>=40,"Pass",IF(JM10>=6,"Fail",IF(JM10<5,"")))))))))) | JQ10: 7 | JR10: =JF10 -> BABASHEHU ABDULLAHI | JW10: =SUM(JS10:JV10) -> 0 | JY10: =JW10+JX10 -> 0 | JZ10: =IF(JY10<10,"",RANK(JY10,JY$4:JY$57)) | KA10: =IF(JY10>=75,"A",IF(JY10>=70,"B2",IF(JY10>=50,"C",IF(JY10>=45,"D",IF(JY10>=40,"E",IF(JY10>=6,"F",IF(JY10<5,""))))))) | KB10: =IF(JY10>=75,"Excellent",IF(JY10>=70,"V.Good",IF(JY10>=65,"Good",IF(JY10>=60,"Credit",IF(JY10>=55,"Credit",IF(JY10>=50,"Credit",IF(JY10>=45,"Pass",IF(JY10>=40,"Pass",IF(JY10>=6,"Fail",IF(JY10<5,""))))))))))
A11: 8 | B11: =Data!B9 -> BUKAR MUHAMMED GAMBO | C11: 10 | D11: 4 | E11: 1 | F11: 5 | G11: =SUM(C11:F11) -> 20 | H11: 32 | I11: =G11+H11 -> 52 | J11: =IF(I11<10,"",RANK(I11,I$4:I$57)) -> 10 | K11: =IF(I11>=75,"A1",IF(I11>=70,"B2",IF(I11>=65,"B3",IF(I11>=60,"C4",IF(I11>=55,"C5",IF(I11>=50,"C6",IF(I11>=45,"D7",IF(I11>=40,"E8",IF(I11>=6,"F",IF(I11<5,"")))))))))) -> C6 | L11: =IF(I11>=75,"Excellent",IF(I11>=70,"V.Good",IF(I11>=65,"Good",IF(I11>=60,"Credit",IF(I11>=55,"Credit",IF(I11>=50,"Credit",IF(I11>=45,"Pass",IF(I11>=40,"Pass",IF(I11>=6,"Fail",IF(I11<5,"")))))))))) -> Credit | M11: 8 | N11: =Data!B9 -> BUKAR MUHAMMED GAMBO | O11: 10 | P11: 4 | Q11: 1 | R11: 5 | S11: =SUM(O11:R11) -> 20 | T11: 32 | U11: =S11+T11 -> 52 | V11: =IF(U11<10,"",RANK(U11,U$4:U$57)) -> 8 | W11: =IF(U11>=75,"A1",IF(U11>=70,"B2",IF(U11>=65,"B3",IF(U11>=60,"C4",IF(U11>=55,"C5",IF(U11>=50,"C6",IF(U11>=45,"D7",IF(U11>=40,"E8",IF(U11>=6,"F",IF(U11<5,"")))))))))) -> C6 | X11: =IF(U11>=75,"Excellent",IF(U11>=70,"V.Good",IF(U11>=65,"Good",IF(U11>=60,"Credit",IF(U11>=55,"Credit",IF(U11>=50,"Credit",IF(U11>=45,"Pass",IF(U11>=40,"Pass",IF(U11>=6,"Fail",IF(U11<5,"")))))))))) -> Credit | Y11: 8 | Z11: =Data!B9 -> BUKAR MUHAMMED GAMBO | AA11: 10 | AB11: 4 | AC11: 1 | AD11: 5 | AE11: =SUM(AA11:AD11) -> 20 | AF11: 42 | AG11: =AE11+AF11 -> 62 | AH11: =IF(AG11<10,"",RANK(AG11,AG$4:AG$57)) -> 15 | AI11: =IF(AG11>=75,"A1",IF(AG11>=70,"B2",IF(AG11>=65,"B3",IF(AG11>=60,"C4",IF(AG11>=55,"C5",IF(AG11>=50,"C6",IF(AG11>=45,"D7",IF(AG11>=40,"E8",IF(AG11>=6,"F",IF(AG11<5,"")))))))))) -> C4 | AJ11: =IF(AG11>=75,"Excellent",IF(AG11>=70,"V.Good",IF(AG11>=65,"Good",IF(AG11>=60,"Credit",IF(AG11>=55,"Credit",IF(AG11>=50,"Credit",IF(AG11>=45,"Pass",IF(AG11>=40,"Pass",IF(AG11>=6,"Fail",IF(AG11<5,"")))))))))) -> Credit | AK11: 8 | AL11: =Data!B9 -> BUKAR MUHAMMED GAMBO | AQ11: =SUM(AM11:AP11) -> 0 | AS11: =AQ11+AR11 -> 0 | AT11: =IF(AS11<10,"",RANK(AS11,AS$4:AS$57)) | AU11: =IF(AS11>=75,"A1",IF(AS11>=70,"B2",IF(AS11>=65,"B3",IF(AS11>=60,"C4",IF(AS11>=55,"C5",IF(AS11>=50,"C6",IF(AS11>=45,"D7",IF(AS11>=40,"E8",IF(AS11>=6,"F",IF(AS11<5,"")))))))))) | AV11: =IF(AS11>=75,"Excellent",IF(AS11>=70,"V.Good",IF(AS11>=65,"Good",IF(AS11>=60,"Credit",IF(AS11>=55,"Credit",IF(AS11>=50,"Credit",IF(AS11>=45,"Pass",IF(AS11>=40,"Pass",IF(AS11>=6,"Fail",IF(AS11<5,"")))))))))) | AW11: 8 | AX11: =Data!B9 -> BUKAR MUHAMMED GAMBO | BC11: =SUM(AY11:BB11) -> 0 | BE11: =BC11+BD11 -> 0 | BF11: =IF(BE11<10,"",RANK(BE11,BE$4:BE$57)) | BG11: =IF(BE11>=75,"A1",IF(BE11>=70,"B2",IF(BE11>=65,"B3",IF(BE11>=60,"C4",IF(BE11>=55,"C5",IF(BE11>=50,"C6",IF(BE11>=45,"D7",IF(BE11>=40,"E8",IF(BE11>=6,"F",IF(BE11<5,"")))))))))) | BH11: =IF(BE11>=75,"Excellent",IF(BE11>=70,"V.Good",IF(BE11>=65,"Good",IF(BE11>=60,"Credit",IF(BE11>=55,"Credit",IF(BE11>=50,"Credit",IF(BE11>=45,"Pass",IF(BE11>=40,"Pass",IF(BE11>=6,"Fail",IF(BE11<5,"")))))))))) | BI11: 8 | BJ11: =Data!B9 -> BUKAR MUHAMMED GAMBO | BK11: 10 | BL11: 4 | BM11: 1 | BN11: 5 | BO11: =SUM(BK11:BN11) -> 20 | BP11: 42 | BQ11: =BO11+BP11 -> 62 | BR11: =IF(BQ11<10,"",RANK(BQ11,BQ$4:BQ$57)) -> 11 | BS11: =IF(BQ11>=75,"A1",IF(BQ11>=70,"B2",IF(BQ11>=65,"B3",IF(BQ11>=60,"C4",IF(BQ11>=55,"C5",IF(BQ11>=50,"C6",IF(BQ11>=45,"D7",IF(BQ11>=40,"E8",IF(BQ11>=6,"F",IF(BQ11<5,"")))))))))) -> C4 | BT11: =IF(BQ11>=75,"Excellent",IF(BQ11>=70,"V.Good",IF(BQ11>=65,"Good",IF(BQ11>=60,"Credit",IF(BQ11>=55,"Credit",IF(BQ11>=50,"Credit",IF(BQ11>=45,"Pass",IF(BQ11>=40,"Pass",IF(BQ11>=6,"Fail",IF(BQ11<5,"")))))))))) -> Credit | BU11: 8 | BV11: =Data!B9 -> BUKAR MUHAMMED GAMBO | BW11: 7 | BX11: 8 | BY11: 10 | BZ11: 9 | CA11: =SUM(BW11:BZ11) -> 34 | CB11: 40 | CC11: =CA11+CB11 -> 74 | CD11: =IF(CC11<10,"",RANK(CC11,CC$4:CC$57)) -> 8 | CE11: =IF(CC11>=75,"A1",IF(CC11>=70,"B2",IF(CC11>=65,"B3",IF(CC11>=60,"C4",IF(CC11>=55,"C5",IF(CC11>=50,"C6",IF(CC11>=45,"D7",IF(CC11>=40,"E8",IF(CC11>=6,"F",IF(CC11<5,"")))))))))) -> B2 | CF11: =IF(CC11>=75,"Excellent",IF(CC11>=70,"V.Good",IF(CC11>=65,"Good",IF(CC11>=60,"Credit",IF(CC11>=55,"Credit",IF(CC11>=50,"Credit",IF(CC11>=45,"Pass",IF(CC11>=40,"Pass",IF(CC11>=6,"Fail",IF(CC11<5,"")))))))))) -> V.Good | CG11: 8 | CH11: =Data!B9 -> BUKAR MUHAMMED GAMBO | CM11: =SUM(CI11:CL11) -> 0 | CO11: =CM11+CN11 -> 0 | CP11: =IF(CO11<10,"",RANK(CO11,CO$4:CO$57)) | CQ11: =IF(CO11>=75,"A1",IF(CO11>=70,"B2",IF(CO11>=65,"B3",IF(CO11>=60,"C4",IF(CO11>=55,"C5",IF(CO11>=50,"C6",IF(CO11>=45,"D7",IF(CO11>=40,"E8",IF(CO11>=6,"F",IF(CO11<5,"")))))))))) | CR11: =IF(CO11>=75,"Excellent",IF(CO11>=70,"V.Good",IF(CO11>=65,"Good",IF(CO11>=60,"Credit",IF(CO11>=55,"Credit",IF(CO11>=50,"Credit",IF(CO11>=45,"Pass",IF(CO11>=40,"Pass",IF(CO11>=6,"Fail",IF(CO11<5,"")))))))))) | CS11: 8 | CT11: =Data!B9 -> BUKAR MUHAMMED GAMBO | CY11: =SUM(CU11:CX11) -> 0 | DA11: =CY11+CZ11 -> 0 | DB11: =IF(DA11<10,"",RANK(DA11,DA$4:DA$57)) | DC11: =IF(DA11>=75,"A1",IF(DA11>=70,"B2",IF(DA11>=65,"B3",IF(DA11>=60,"C4",IF(DA11>=55,"C5",IF(DA11>=50,"C6",IF(DA11>=45,"D7",IF(DA11>=40,"E8",IF(DA11>=6,"F",IF(DA11<5,"")))))))))) | DD11: =IF(DA11>=75,"Excellent",IF(DA11>=70,"V.Good",IF(DA11>=65,"Good",IF(DA11>=60,"Credit",IF(DA11>=55,"Credit",IF(DA11>=50,"Credit",IF(DA11>=45,"Pass",IF(DA11>=40,"Pass",IF(DA11>=6,"Fail",IF(DA11<5,"")))))))))) | DE11: 8 | DF11: =Data!B9 -> BUKAR MUHAMMED GAMBO | DK11: =SUM(DG11:DJ11) -> 0 | DM11: =DK11+DL11 -> 0 | DN11: =IF(DM11<10,"",RANK(DM11,DM$4:DM$57)) | DO11: =IF(DM11>=75,"A1",IF(DM11>=70,"B2",IF(DM11>=65,"B3",IF(DM11>=60,"C4",IF(DM11>=55,"C5",IF(DM11>=50,"C6",IF(DM11>=45,"D7",IF(DM11>=40,"E8",IF(DM11>=6,"F",IF(DM11<5,"")))))))))) | DP11: =IF(DM11>=75,"Excellent",IF(DM11>=70,"V.Good",IF(DM11>=65,"Good",IF(DM11>=60,"Credit",IF(DM11>=55,"Credit",IF(DM11>=50,"Credit",IF(DM11>=45,"Pass",IF(DM11>=40,"Pass",IF(DM11>=6,"Fail",IF(DM11<5,"")))))))))) | DQ11: 8 | DR11: =Data!B9 -> BUKAR MUHAMMED GAMBO | DW11: =SUM(DS11:DV11) -> 0 | DY11: =DW11+DX11 -> 0 | DZ11: =IF(DY11<10,"",RANK(DY11,DY$4:DY$57)) | EA11: =IF(DY11>=75,"A1",IF(DY11>=70,"B2",IF(DY11>=65,"B3",IF(DY11>=60,"C4",IF(DY11>=55,"C5",IF(DY11>=50,"C6",IF(DY11>=45,"D7",IF(DY11>=40,"E8",IF(DY11>=6,"F",IF(DY11<5,"")))))))))) | EB11: =IF(DY11>=75,"Excellent",IF(DY11>=70,"V.Good",IF(DY11>=65,"Good",IF(DY11>=60,"Credit",IF(DY11>=55,"Credit",IF(DY11>=50,"Credit",IF(DY11>=45,"Pass",IF(DY11>=40,"Pass",IF(DY11>=6,"Fail",IF(DY11<5,"")))))))))) | EC11: 8 | ED11: =Data!B9 -> BUKAR MUHAMMED GAMBO | EI11: =SUM(EE11:EH11) -> 0 | EK11: =EI11+EJ11 -> 0 | EL11: =IF(EK11<10,"",RANK(EK11,EK$4:EK$57)) | EM11: =IF(EK11>=75,"A1",IF(EK11>=70,"B2",IF(EK11>=65,"B3",IF(EK11>=60,"C4",IF(EK11>=55,"C5",IF(EK11>=50,"C6",IF(EK11>=45,"D7",IF(EK11>=40,"E8",IF(EK11>=6,"F",IF(EK11<5,"")))))))))) | EN11: =IF(EK11>=75,"Excellent",IF(EK11>=70,"V.Good",IF(EK11>=65,"Good",IF(EK11>=60,"Credit",IF(EK11>=55,"Credit",IF(EK11>=50,"Credit",IF(EK11>=45,"Pass",IF(EK11>=40,"Pass",IF(EK11>=6,"Fail",IF(EK11<5,"")))))))))) | EO11: 8 | EP11: =Data!B9 -> BUKAR MUHAMMED GAMBO | EU11: =SUM(EQ11:ET11) -> 0 | EW11: =EU11+EV11 -> 0 | EX11: =IF(EW11<10,"",RANK(EW11,EW$4:EW$57)) | EY11: =IF(EW11>=75,"A1",IF(EW11>=70,"B2",IF(EW11>=65,"B3",IF(EW11>=60,"C4",IF(EW11>=55,"C5",IF(EW11>=50,"C6",IF(EW11>=45,"D7",IF(EW11>=40,"E8",IF(EW11>=6,"F",IF(EW11<5,"")))))))))) | EZ11: =IF(EW11>=75,"Excellent",IF(EW11>=70,"V.Good",IF(EW11>=65,"Good",IF(EW11>=60,"Credit",IF(EW11>=55,"Credit",IF(EW11>=50,"Credit",IF(EW11>=45,"Pass",IF(EW11>=40,"Pass",IF(EW11>=6,"Fail",IF(EW11<5,"")))))))))) | FA11: 8 | FB11: =Data!B9 -> BUKAR MUHAMMED GAMBO | FG11: =SUM(FC11:FF11) -> 0 | FI11: =FG11+FH11 -> 0 | FJ11: =IF(FI11<10,"",RANK(FI11,FI$4:FI$57)) | FK11: =IF(FI11>=75,"A",IF(FI11>=70,"B2",IF(FI11>=50,"C",IF(FI11>=45,"D",IF(FI11>=40,"E",IF(FI11>=6,"F",IF(FI11<5,""))))))) | FL11: =IF(FI11>=75,"Excellent",IF(FI11>=70,"V.Good",IF(FI11>=65,"Good",IF(FI11>=60,"Credit",IF(FI11>=55,"Credit",IF(FI11>=50,"Credit",IF(FI11>=45,"Pass",IF(FI11>=40,"Pass",IF(FI11>=6,"Fail",IF(FI11<5,"")))))))))) | FM11: 8 | FN11: =Data!B9 -> BUKAR MUHAMMED GAMBO | FS11: =SUM(FO11:FR11) -> 0 | FU11: =FS11+FT11 -> 0 | FV11: =IF(FU11<10,"",RANK(FU11,FU$4:FU$57)) | FW11: =IF(FU11>=75,"A",IF(FU11>=70,"B2",IF(FU11>=50,"C",IF(FU11>=45,"D",IF(FU11>=40,"E",IF(FU11>=6,"F",IF(FU11<5,""))))))) | FX11: =IF(FU11>=75,"Excellent",IF(FU11>=70,"V.Good",IF(FU11>=65,"Good",IF(FU11>=60,"Credit",IF(FU11>=55,"Credit",IF(FU11>=50,"Credit",IF(FU11>=45,"Pass",IF(FU11>=40,"Pass",IF(FU11>=6,"Fail",IF(FU11<5,"")))))))))) | FY11: 8 | FZ11: =Data!B9 -> BUKAR MUHAMMED GAMBO | GA11: 8 | GB11: 9 | GC11: 9 | GD11: 8 | GE11: =SUM(GA11:GD11) -> 34 | GF11: 33 | GG11: =GE11+GF11 -> 67 | GH11: =IF(GG11<10,"",RANK(GG11,GG$4:GG$57)) -> 7 | GI11: =IF(GG11>=75,"A",IF(GG11>=70,"B2",IF(GG11>=50,"C",IF(GG11>=45,"D",IF(GG11>=40,"E",IF(GG11>=6,"F",IF(GG11<5,""))))))) -> C | GJ11: =IF(GG11>=75,"Excellent",IF(GG11>=70,"V.Good",IF(GG11>=65,"Good",IF(GG11>=60,"Credit",IF(GG11>=55,"Credit",IF(GG11>=50,"Credit",IF(GG11>=45,"Pass",IF(GG11>=40,"Pass",IF(GG11>=6,"Fail",IF(GG11<5,"")))))))))) -> Good | GK11: 8 | GL11: =Data!B9 -> BUKAR MUHAMMED GAMBO | GQ11: =SUM(GM11:GP11) -> 0 | GS11: =GQ11+GR11 -> 0 | GT11: =IF(GS11<10,"",RANK(GS11,GS$4:GS$57)) | GU11: =IF(GS11>=75,"A",IF(GS11>=70,"B2",IF(GS11>=50,"C",IF(GS11>=45,"D",IF(GS11>=40,"E",IF(GS11>=6,"F",IF(GS11<5,""))))))) | GV11: =IF(GS11>=75,"Excellent",IF(GS11>=70,"V.Good",IF(GS11>=65,"Good",IF(GS11>=60,"Credit",IF(GS11>=55,"Credit",IF(GS11>=50,"Credit",IF(GS11>=45,"Pass",IF(GS11>=40,"Pass",IF(GS11>=6,"Fail",IF(GS11<5,"")))))))))) | GW11: 8 | GX11: =Data!B9 -> BUKAR MUHAMMED GAMBO | GY11: 10 | GZ11: 8 | HA11: 7 | HB11: 10 | HC11: =SUM(GY11:HB11) -> 35 | HE11: =HC11+HD11 -> 35 | HF11: =IF(HE11<10,"",RANK(HE11,HE$4:HE$57)) -> 4 | HG11: =IF(HE11>=75,"A",IF(HE11>=70,"B2",IF(HE11>=50,"C",IF(HE11>=45,"D",IF(HE11>=40,"E",IF(HE11>=6,"F",IF(HE11<5,""))))))) -> F | HH11: =IF(HE11>=75,"Excellent",IF(HE11>=70,"V.Good",IF(HE11>=65,"Good",IF(HE11>=60,"Credit",IF(HE11>=55,"Credit",IF(HE11>=50,"Credit",IF(HE11>=45,"Pass",IF(HE11>=40,"Pass",IF(HE11>=6,"Fail",IF(HE11<5,"")))))))))) -> Fail | HI11: 8 | HJ11: =Data!B9 -> BUKAR MUHAMMED GAMBO | HO11: =SUM(HK11:HN11) -> 0 | HQ11: =HO11+HP11 -> 0 | HR11: =IF(HQ11<10,"",RANK(HQ11,HQ$4:HQ$57)) | HS11: =IF(HQ11>=75,"A",IF(HQ11>=70,"B2",IF(HQ11>=50,"C",IF(HQ11>=45,"D",IF(HQ11>=40,"E",IF(HQ11>=6,"F",IF(HQ11<5,""))))))) | HT11: =IF(HQ11>=75,"Excellent",IF(HQ11>=70,"V.Good",IF(HQ11>=65,"Good",IF(HQ11>=60,"Credit",IF(HQ11>=55,"Credit",IF(HQ11>=50,"Credit",IF(HQ11>=45,"Pass",IF(HQ11>=40,"Pass",IF(HQ11>=6,"Fail",IF(HQ11<5,"")))))))))) | HU11: 8 | HV11: =Data!B9 -> BUKAR MUHAMMED GAMBO | IA11: =SUM(HW11:HZ11) -> 0 | IC11: =IA11+IB11 -> 0 | ID11: =IF(IC11<10,"",RANK(IC11,IC$4:IC$57)) | IE11: =IF(IC11>=75,"A",IF(IC11>=70,"B2",IF(IC11>=50,"C",IF(IC11>=45,"D",IF(IC11>=40,"E",IF(IC11>=6,"F",IF(IC11<5,""))))))) | IF11: =IF(IC11>=75,"Excellent",IF(IC11>=70,"V.Good",IF(IC11>=65,"Good",IF(IC11>=60,"Credit",IF(IC11>=55,"Credit",IF(IC11>=50,"Credit",IF(IC11>=45,"Pass",IF(IC11>=40,"Pass",IF(IC11>=6,"Fail",IF(IC11<5,"")))))))))) | IG11: 8 | IH11: =Data!B9 -> BUKAR MUHAMMED GAMBO | IM11: =SUM(II11:IL11) -> 0 | IO11: =IM11+IN11 -> 0 | IP11: =IF(IO11<10,"",RANK(IO11,IO$4:IO$57)) | IQ11: =IF(IO11>=75,"A",IF(IO11>=70,"B2",IF(IO11>=50,"C",IF(IO11>=45,"D",IF(IO11>=40,"E",IF(IO11>=6,"F",IF(IO11<5,""))))))) | IR11: =IF(IO11>=75,"Excellent",IF(IO11>=70,"V.Good",IF(IO11>=65,"Good",IF(IO11>=60,"Credit",IF(IO11>=55,"Credit",IF(IO11>=50,"Credit",IF(IO11>=45,"Pass",IF(IO11>=40,"Pass",IF(IO11>=6,"Fail",IF(IO11<5,"")))))))))) | IS11: 8 | IT11: =IH11 -> BUKAR MUHAMMED GAMBO | IU11: 10 | IV11: 4 | IW11: 1 | IX11: 5 | IY11: =SUM(IU11:IX11) -> 20 | IZ11: 42 | JA11: =IY11+IZ11 -> 62 | JB11: =IF(JA11<10,"",RANK(JA11,JA$4:JA$57)) -> 11 | JC11: =IF(JA11>=75,"A",IF(JA11>=70,"B2",IF(JA11>=50,"C",IF(JA11>=45,"D",IF(JA11>=40,"E",IF(JA11>=6,"F",IF(JA11<5,""))))))) -> C | JD11: =IF(JA11>=75,"Excellent",IF(JA11>=70,"V.Good",IF(JA11>=65,"Good",IF(JA11>=60,"Credit",IF(JA11>=55,"Credit",IF(JA11>=50,"Credit",IF(JA11>=45,"Pass",IF(JA11>=40,"Pass",IF(JA11>=6,"Fail",IF(JA11<5,"")))))))))) -> Credit | JE11: 8 | JF11: =IT11 -> BUKAR MUHAMMED GAMBO | JK11: =SUM(JG11:JJ11) -> 0 | JM11: =JK11+JL11 -> 0 | JN11: =IF(JM11<10,"",RANK(JM11,JM$4:JM$57)) | JO11: =IF(JM11>=75,"A",IF(JM11>=70,"B2",IF(JM11>=50,"C",IF(JM11>=45,"D",IF(JM11>=40,"E",IF(JM11>=6,"F",IF(JM11<5,""))))))) | JP11: =IF(JM11>=75,"Excellent",IF(JM11>=70,"V.Good",IF(JM11>=65,"Good",IF(JM11>=60,"Credit",IF(JM11>=55,"Credit",IF(JM11>=50,"Credit",IF(JM11>=45,"Pass",IF(JM11>=40,"Pass",IF(JM11>=6,"Fail",IF(JM11<5,"")))))))))) | JQ11: 8 | JR11: =JF11 -> BUKAR MUHAMMED GAMBO | JW11: =SUM(JS11:JV11) -> 0 | JY11: =JW11+JX11 -> 0 | JZ11: =IF(JY11<10,"",RANK(JY11,JY$4:JY$57)) | KA11: =IF(JY11>=75,"A",IF(JY11>=70,"B2",IF(JY11>=50,"C",IF(JY11>=45,"D",IF(JY11>=40,"E",IF(JY11>=6,"F",IF(JY11<5,""))))))) | KB11: =IF(JY11>=75,"Excellent",IF(JY11>=70,"V.Good",IF(JY11>=65,"Good",IF(JY11>=60,"Credit",IF(JY11>=55,"Credit",IF(JY11>=50,"Credit",IF(JY11>=45,"Pass",IF(JY11>=40,"Pass",IF(JY11>=6,"Fail",IF(JY11<5,""))))))))))
A12: 9 | B12: =Data!B10 -> ELKANAH DANIEL KAIGAMA | C12: 5 | D12: 2 | E12: 10 | F12: 10 | H12: 25 | I12: =G12+H12 -> 25 | J12: =IF(I12<10,"",RANK(I12,I$4:I$57)) -> 37 | K12: =IF(I12>=75,"A1",IF(I12>=70,"B2",IF(I12>=65,"B3",IF(I12>=60,"C4",IF(I12>=55,"C5",IF(I12>=50,"C6",IF(I12>=45,"D7",IF(I12>=40,"E8",IF(I12>=6,"F",IF(I12<5,"")))))))))) -> F | L12: =IF(I12>=75,"Excellent",IF(I12>=70,"V.Good",IF(I12>=65,"Good",IF(I12>=60,"Credit",IF(I12>=55,"Credit",IF(I12>=50,"Credit",IF(I12>=45,"Pass",IF(I12>=40,"Pass",IF(I12>=6,"Fail",IF(I12<5,"")))))))))) -> Fail | M12: 9 | N12: =Data!B10 -> ELKANAH DANIEL KAIGAMA | O12: 5 | P12: 2 | Q12: 10 | R12: 10 | T12: 25 | U12: =S12+T12 -> 25 | V12: =IF(U12<10,"",RANK(U12,U$4:U$57)) -> 25 | W12: =IF(U12>=75,"A1",IF(U12>=70,"B2",IF(U12>=65,"B3",IF(U12>=60,"C4",IF(U12>=55,"C5",IF(U12>=50,"C6",IF(U12>=45,"D7",IF(U12>=40,"E8",IF(U12>=6,"F",IF(U12<5,"")))))))))) -> F | X12: =IF(U12>=75,"Excellent",IF(U12>=70,"V.Good",IF(U12>=65,"Good",IF(U12>=60,"Credit",IF(U12>=55,"Credit",IF(U12>=50,"Credit",IF(U12>=45,"Pass",IF(U12>=40,"Pass",IF(U12>=6,"Fail",IF(U12<5,"")))))))))) -> Fail | Y12: 9 | Z12: =Data!B10 -> ELKANAH DANIEL KAIGAMA | AA12: 5 | AB12: 2 | AC12: 10 | AD12: 10 | AE12: =SUM(AA12:AD12) -> 27 | AF12: 42 | AG12: =AE12+AF12 -> 69 | AH12: =IF(AG12<10,"",RANK(AG12,AG$4:AG$57)) -> 7 | AI12: =IF(AG12>=75,"A1",IF(AG12>=70,"B2",IF(AG12>=65,"B3",IF(AG12>=60,"C4",IF(AG12>=55,"C5",IF(AG12>=50,"C6",IF(AG12>=45,"D7",IF(AG12>=40,"E8",IF(AG12>=6,"F",IF(AG12<5,"")))))))))) -> B3 | AJ12: =IF(AG12>=75,"Excellent",IF(AG12>=70,"V.Good",IF(AG12>=65,"Good",IF(AG12>=60,"Credit",IF(AG12>=55,"Credit",IF(AG12>=50,"Credit",IF(AG12>=45,"Pass",IF(AG12>=40,"Pass",IF(AG12>=6,"Fail",IF(AG12<5,"")))))))))) -> Good | AK12: 9 | AL12: =Data!B10 -> ELKANAH DANIEL KAIGAMA | AQ12: =SUM(AM12:AP12) -> 0 | AS12: =AQ12+AR12 -> 0 | AT12: =IF(AS12<10,"",RANK(AS12,AS$4:AS$57)) | AU12: =IF(AS12>=75,"A1",IF(AS12>=70,"B2",IF(AS12>=65,"B3",IF(AS12>=60,"C4",IF(AS12>=55,"C5",IF(AS12>=50,"C6",IF(AS12>=45,"D7",IF(AS12>=40,"E8",IF(AS12>=6,"F",IF(AS12<5,"")))))))))) | AV12: =IF(AS12>=75,"Excellent",IF(AS12>=70,"V.Good",IF(AS12>=65,"Good",IF(AS12>=60,"Credit",IF(AS12>=55,"Credit",IF(AS12>=50,"Credit",IF(AS12>=45,"Pass",IF(AS12>=40,"Pass",IF(AS12>=6,"Fail",IF(AS12<5,"")))))))))) | AW12: 9 | AX12: =Data!B10 -> ELKANAH DANIEL KAIGAMA | BC12: =SUM(AY12:BB12) -> 0 | BE12: =BC12+BD12 -> 0 | BF12: =IF(BE12<10,"",RANK(BE12,BE$4:BE$57)) | BG12: =IF(BE12>=75,"A1",IF(BE12>=70,"B2",IF(BE12>=65,"B3",IF(BE12>=60,"C4",IF(BE12>=55,"C5",IF(BE12>=50,"C6",IF(BE12>=45,"D7",IF(BE12>=40,"E8",IF(BE12>=6,"F",IF(BE12<5,"")))))))))) | BH12: =IF(BE12>=75,"Excellent",IF(BE12>=70,"V.Good",IF(BE12>=65,"Good",IF(BE12>=60,"Credit",IF(BE12>=55,"Credit",IF(BE12>=50,"Credit",IF(BE12>=45,"Pass",IF(BE12>=40,"Pass",IF(BE12>=6,"Fail",IF(BE12<5,"")))))))))) | BI12: 9 | BJ12: =Data!B10 -> ELKANAH DANIEL KAIGAMA | BK12: 5 | BL12: 2 | BM12: 10 | BN12: 10 | BO12: =SUM(BK12:BN12) -> 27 | BP12: 42 | BQ12: =BO12+BP12 -> 69 | BR12: =IF(BQ12<10,"",RANK(BQ12,BQ$4:BQ$57)) -> 6 | BS12: =IF(BQ12>=75,"A1",IF(BQ12>=70,"B2",IF(BQ12>=65,"B3",IF(BQ12>=60,"C4",IF(BQ12>=55,"C5",IF(BQ12>=50,"C6",IF(BQ12>=45,"D7",IF(BQ12>=40,"E8",IF(BQ12>=6,"F",IF(BQ12<5,"")))))))))) -> B3 | BT12: =IF(BQ12>=75,"Excellent",IF(BQ12>=70,"V.Good",IF(BQ12>=65,"Good",IF(BQ12>=60,"Credit",IF(BQ12>=55,"Credit",IF(BQ12>=50,"Credit",IF(BQ12>=45,"Pass",IF(BQ12>=40,"Pass",IF(BQ12>=6,"Fail",IF(BQ12<5,"")))))))))) -> Good | BU12: 9 | BV12: =Data!B10 -> ELKANAH DANIEL KAIGAMA | BW12: 7 | BX12: 4 | BY12: 10 | BZ12: 9 | CA12: =SUM(BW12:BZ12) -> 30 | CB12: 21 | CC12: =CA12+CB12 -> 51 | CD12: =IF(CC12<10,"",RANK(CC12,CC$4:CC$57)) -> 19 | CE12: =IF(CC12>=75,"A1",IF(CC12>=70,"B2",IF(CC12>=65,"B3",IF(CC12>=60,"C4",IF(CC12>=55,"C5",IF(CC12>=50,"C6",IF(CC12>=45,"D7",IF(CC12>=40,"E8",IF(CC12>=6,"F",IF(CC12<5,"")))))))))) -> C6 | CF12: =IF(CC12>=75,"Excellent",IF(CC12>=70,"V.Good",IF(CC12>=65,"Good",IF(CC12>=60,"Credit",IF(CC12>=55,"Credit",IF(CC12>=50,"Credit",IF(CC12>=45,"Pass",IF(CC12>=40,"Pass",IF(CC12>=6,"Fail",IF(CC12<5,"")))))))))) -> Credit | CG12: 9 | CH12: =Data!B10 -> ELKANAH DANIEL KAIGAMA | CM12: =SUM(CI12:CL12) -> 0 | CO12: =CM12+CN12 -> 0 | CP12: =IF(CO12<10,"",RANK(CO12,CO$4:CO$57)) | CQ12: =IF(CO12>=75,"A1",IF(CO12>=70,"B2",IF(CO12>=65,"B3",IF(CO12>=60,"C4",IF(CO12>=55,"C5",IF(CO12>=50,"C6",IF(CO12>=45,"D7",IF(CO12>=40,"E8",IF(CO12>=6,"F",IF(CO12<5,"")))))))))) | CR12: =IF(CO12>=75,"Excellent",IF(CO12>=70,"V.Good",IF(CO12>=65,"Good",IF(CO12>=60,"Credit",IF(CO12>=55,"Credit",IF(CO12>=50,"Credit",IF(CO12>=45,"Pass",IF(CO12>=40,"Pass",IF(CO12>=6,"Fail",IF(CO12<5,"")))))))))) | CS12: 9 | CT12: =Data!B10 -> ELKANAH DANIEL KAIGAMA | CY12: =SUM(CU12:CX12) -> 0 | DA12: =CY12+CZ12 -> 0 | DB12: =IF(DA12<10,"",RANK(DA12,DA$4:DA$57)) | DC12: =IF(DA12>=75,"A1",IF(DA12>=70,"B2",IF(DA12>=65,"B3",IF(DA12>=60,"C4",IF(DA12>=55,"C5",IF(DA12>=50,"C6",IF(DA12>=45,"D7",IF(DA12>=40,"E8",IF(DA12>=6,"F",IF(DA12<5,"")))))))))) | DD12: =IF(DA12>=75,"Excellent",IF(DA12>=70,"V.Good",IF(DA12>=65,"Good",IF(DA12>=60,"Credit",IF(DA12>=55,"Credit",IF(DA12>=50,"Credit",IF(DA12>=45,"Pass",IF(DA12>=40,"Pass",IF(DA12>=6,"Fail",IF(DA12<5,"")))))))))) | DE12: 9 | DF12: =Data!B10 -> ELKANAH DANIEL KAIGAMA | DG12: 7 | DH12: 2 | DI12: 2 | DJ12: 5 | DK12: =SUM(DG12:DJ12) -> 16 | DL12: 23 | DM12: =DK12+DL12 -> 39 | DN12: =IF(DM12<10,"",RANK(DM12,DM$4:DM$57)) -> 6 | DO12: =IF(DM12>=75,"A1",IF(DM12>=70,"B2",IF(DM12>=65,"B3",IF(DM12>=60,"C4",IF(DM12>=55,"C5",IF(DM12>=50,"C6",IF(DM12>=45,"D7",IF(DM12>=40,"E8",IF(DM12>=6,"F",IF(DM12<5,"")))))))))) -> F | DP12: =IF(DM12>=75,"Excellent",IF(DM12>=70,"V.Good",IF(DM12>=65,"Good",IF(DM12>=60,"Credit",IF(DM12>=55,"Credit",IF(DM12>=50,"Credit",IF(DM12>=45,"Pass",IF(DM12>=40,"Pass",IF(DM12>=6,"Fail",IF(DM12<5,"")))))))))) -> Fail | DQ12: 9 | DR12: =Data!B10 -> ELKANAH DANIEL KAIGAMA | DW12: =SUM(DS12:DV12) -> 0 | DY12: =DW12+DX12 -> 0 | DZ12: =IF(DY12<10,"",RANK(DY12,DY$4:DY$57)) | EA12: =IF(DY12>=75,"A1",IF(DY12>=70,"B2",IF(DY12>=65,"B3",IF(DY12>=60,"C4",IF(DY12>=55,"C5",IF(DY12>=50,"C6",IF(DY12>=45,"D7",IF(DY12>=40,"E8",IF(DY12>=6,"F",IF(DY12<5,"")))))))))) | EB12: =IF(DY12>=75,"Excellent",IF(DY12>=70,"V.Good",IF(DY12>=65,"Good",IF(DY12>=60,"Credit",IF(DY12>=55,"Credit",IF(DY12>=50,"Credit",IF(DY12>=45,"Pass",IF(DY12>=40,"Pass",IF(DY12>=6,"Fail",IF(DY12<5,"")))))))))) | EC12: 9 | ED12: =Data!B10 -> ELKANAH DANIEL KAIGAMA | EI12: =SUM(EE12:EH12) -> 0 | EK12: =EI12+EJ12 -> 0 | EL12: =IF(EK12<10,"",RANK(EK12,EK$4:EK$57)) | EM12: =IF(EK12>=75,"A1",IF(EK12>=70,"B2",IF(EK12>=65,"B3",IF(EK12>=60,"C4",IF(EK12>=55,"C5",IF(EK12>=50,"C6",IF(EK12>=45,"D7",IF(EK12>=40,"E8",IF(EK12>=6,"F",IF(EK12<5,"")))))))))) | EN12: =IF(EK12>=75,"Excellent",IF(EK12>=70,"V.Good",IF(EK12>=65,"Good",IF(EK12>=60,"Credit",IF(EK12>=55,"Credit",IF(EK12>=50,"Credit",IF(EK12>=45,"Pass",IF(EK12>=40,"Pass",IF(EK12>=6,"Fail",IF(EK12<5,"")))))))))) | EO12: 9 | EP12: =Data!B10 -> ELKANAH DANIEL KAIGAMA | EU12: =SUM(EQ12:ET12) -> 0 | EW12: =EU12+EV12 -> 0 | EX12: =IF(EW12<10,"",RANK(EW12,EW$4:EW$57)) | EY12: =IF(EW12>=75,"A1",IF(EW12>=70,"B2",IF(EW12>=65,"B3",IF(EW12>=60,"C4",IF(EW12>=55,"C5",IF(EW12>=50,"C6",IF(EW12>=45,"D7",IF(EW12>=40,"E8",IF(EW12>=6,"F",IF(EW12<5,"")))))))))) | EZ12: =IF(EW12>=75,"Excellent",IF(EW12>=70,"V.Good",IF(EW12>=65,"Good",IF(EW12>=60,"Credit",IF(EW12>=55,"Credit",IF(EW12>=50,"Credit",IF(EW12>=45,"Pass",IF(EW12>=40,"Pass",IF(EW12>=6,"Fail",IF(EW12<5,"")))))))))) | FA12: 9 | FB12: =Data!B10 -> ELKANAH DANIEL KAIGAMA | FG12: =SUM(FC12:FF12) -> 0 | FI12: =FG12+FH12 -> 0 | FJ12: =IF(FI12<10,"",RANK(FI12,FI$4:FI$57)) | FK12: =IF(FI12>=75,"A",IF(FI12>=70,"B2",IF(FI12>=50,"C",IF(FI12>=45,"D",IF(FI12>=40,"E",IF(FI12>=6,"F",IF(FI12<5,""))))))) | FL12: =IF(FI12>=75,"Excellent",IF(FI12>=70,"V.Good",IF(FI12>=65,"Good",IF(FI12>=60,"Credit",IF(FI12>=55,"Credit",IF(FI12>=50,"Credit",IF(FI12>=45,"Pass",IF(FI12>=40,"Pass",IF(FI12>=6,"Fail",IF(FI12<5,"")))))))))) | FM12: 9 | FN12: =Data!B10 -> ELKANAH DANIEL KAIGAMA | FS12: =SUM(FO12:FR12) -> 0 | FU12: =FS12+FT12 -> 0 | FV12: =IF(FU12<10,"",RANK(FU12,FU$4:FU$57)) | FW12: =IF(FU12>=75,"A",IF(FU12>=70,"B2",IF(FU12>=50,"C",IF(FU12>=45,"D",IF(FU12>=40,"E",IF(FU12>=6,"F",IF(FU12<5,""))))))) | FX12: =IF(FU12>=75,"Excellent",IF(FU12>=70,"V.Good",IF(FU12>=65,"Good",IF(FU12>=60,"Credit",IF(FU12>=55,"Credit",IF(FU12>=50,"Credit",IF(FU12>=45,"Pass",IF(FU12>=40,"Pass",IF(FU12>=6,"Fail",IF(FU12<5,"")))))))))) | FY12: 9 | FZ12: =Data!B10 -> ELKANAH DANIEL KAIGAMA | GA12: 4 | GB12: 9 | GC12: 7 | GD12: 9 | GE12: =SUM(GA12:GD12) -> 29 | GF12: 33 | GG12: =GE12+GF12 -> 62 | GH12: =IF(GG12<10,"",RANK(GG12,GG$4:GG$57)) -> 11 | GI12: =IF(GG12>=75,"A",IF(GG12>=70,"B2",IF(GG12>=50,"C",IF(GG12>=45,"D",IF(GG12>=40,"E",IF(GG12>=6,"F",IF(GG12<5,""))))))) -> C | GJ12: =IF(GG12>=75,"Excellent",IF(GG12>=70,"V.Good",IF(GG12>=65,"Good",IF(GG12>=60,"Credit",IF(GG12>=55,"Credit",IF(GG12>=50,"Credit",IF(GG12>=45,"Pass",IF(GG12>=40,"Pass",IF(GG12>=6,"Fail",IF(GG12<5,"")))))))))) -> Credit | GK12: 9 | GL12: =Data!B10 -> ELKANAH DANIEL KAIGAMA | GQ12: =SUM(GM12:GP12) -> 0 | GS12: =GQ12+GR12 -> 0 | GT12: =IF(GS12<10,"",RANK(GS12,GS$4:GS$57)) | GU12: =IF(GS12>=75,"A",IF(GS12>=70,"B2",IF(GS12>=50,"C",IF(GS12>=45,"D",IF(GS12>=40,"E",IF(GS12>=6,"F",IF(GS12<5,""))))))) | GV12: =IF(GS12>=75,"Excellent",IF(GS12>=70,"V.Good",IF(GS12>=65,"Good",IF(GS12>=60,"Credit",IF(GS12>=55,"Credit",IF(GS12>=50,"Credit",IF(GS12>=45,"Pass",IF(GS12>=40,"Pass",IF(GS12>=6,"Fail",IF(GS12<5,"")))))))))) | GW12: 9 | GX12: =Data!B10 -> ELKANAH DANIEL KAIGAMA | HC12: =SUM(GY12:HB12) -> 0 | HE12: =HC12+HD12 -> 0 | HF12: =IF(HE12<10,"",RANK(HE12,HE$4:HE$57)) | HG12: =IF(HE12>=75,"A",IF(HE12>=70,"B2",IF(HE12>=50,"C",IF(HE12>=45,"D",IF(HE12>=40,"E",IF(HE12>=6,"F",IF(HE12<5,""))))))) | HH12: =IF(HE12>=75,"Excellent",IF(HE12>=70,"V.Good",IF(HE12>=65,"Good",IF(HE12>=60,"Credit",IF(HE12>=55,"Credit",IF(HE12>=50,"Credit",IF(HE12>=45,"Pass",IF(HE12>=40,"Pass",IF(HE12>=6,"Fail",IF(HE12<5,"")))))))))) | HI12: 9 | HJ12: =Data!B10 -> ELKANAH DANIEL KAIGAMA | HO12: =SUM(HK12:HN12) -> 0 | HQ12: =HO12+HP12 -> 0 | HR12: =IF(HQ12<10,"",RANK(HQ12,HQ$4:HQ$57)) | HS12: =IF(HQ12>=75,"A",IF(HQ12>=70,"B2",IF(HQ12>=50,"C",IF(HQ12>=45,"D",IF(HQ12>=40,"E",IF(HQ12>=6,"F",IF(HQ12<5,""))))))) | HT12: =IF(HQ12>=75,"Excellent",IF(HQ12>=70,"V.Good",IF(HQ12>=65,"Good",IF(HQ12>=60,"Credit",IF(HQ12>=55,"Credit",IF(HQ12>=50,"Credit",IF(HQ12>=45,"Pass",IF(HQ12>=40,"Pass",IF(HQ12>=6,"Fail",IF(HQ12<5,"")))))))))) | HU12: 9 | HV12: =Data!B10 -> ELKANAH DANIEL KAIGAMA | IA12: =SUM(HW12:HZ12) -> 0 | IC12: =IA12+IB12 -> 0 | ID12: =IF(IC12<10,"",RANK(IC12,IC$4:IC$57)) | IE12: =IF(IC12>=75,"A",IF(IC12>=70,"B2",IF(IC12>=50,"C",IF(IC12>=45,"D",IF(IC12>=40,"E",IF(IC12>=6,"F",IF(IC12<5,""))))))) | IF12: =IF(IC12>=75,"Excellent",IF(IC12>=70,"V.Good",IF(IC12>=65,"Good",IF(IC12>=60,"Credit",IF(IC12>=55,"Credit",IF(IC12>=50,"Credit",IF(IC12>=45,"Pass",IF(IC12>=40,"Pass",IF(IC12>=6,"Fail",IF(IC12<5,"")))))))))) | IG12: 9 | IH12: =Data!B10 -> ELKANAH DANIEL KAIGAMA | IM12: =SUM(II12:IL12) -> 0 | IO12: =IM12+IN12 -> 0 | IP12: =IF(IO12<10,"",RANK(IO12,IO$4:IO$57)) | IQ12: =IF(IO12>=75,"A",IF(IO12>=70,"B2",IF(IO12>=50,"C",IF(IO12>=45,"D",IF(IO12>=40,"E",IF(IO12>=6,"F",IF(IO12<5,""))))))) | IR12: =IF(IO12>=75,"Excellent",IF(IO12>=70,"V.Good",IF(IO12>=65,"Good",IF(IO12>=60,"Credit",IF(IO12>=55,"Credit",IF(IO12>=50,"Credit",IF(IO12>=45,"Pass",IF(IO12>=40,"Pass",IF(IO12>=6,"Fail",IF(IO12<5,"")))))))))) | IS12: 9 | IT12: =IH12 -> ELKANAH DANIEL KAIGAMA | IU12: 5 | IV12: 2 | IW12: 10 | IX12: 10 | IY12: =SUM(IU12:IX12) -> 27 | IZ12: 42 | JA12: =IY12+IZ12 -> 69 | JB12: =IF(JA12<10,"",RANK(JA12,JA$4:JA$57)) -> 6 | JC12: =IF(JA12>=75,"A",IF(JA12>=70,"B2",IF(JA12>=50,"C",IF(JA12>=45,"D",IF(JA12>=40,"E",IF(JA12>=6,"F",IF(JA12<5,""))))))) -> C | JD12: =IF(JA12>=75,"Excellent",IF(JA12>=70,"V.Good",IF(JA12>=65,"Good",IF(JA12>=60,"Credit",IF(JA12>=55,"Credit",IF(JA12>=50,"Credit",IF(JA12>=45,"Pass",IF(JA12>=40,"Pass",IF(JA12>=6,"Fail",IF(JA12<5,"")))))))))) -> Good | JE12: 9 | JF12: =IT12 -> ELKANAH DANIEL KAIGAMA | JK12: =SUM(JG12:JJ12) -> 0 | JM12: =JK12+JL12 -> 0 | JN12: =IF(JM12<10,"",RANK(JM12,JM$4:JM$57)) | JO12: =IF(JM12>=75,"A",IF(JM12>=70,"B2",IF(JM12>=50,"C",IF(JM12>=45,"D",IF(JM12>=40,"E",IF(JM12>=6,"F",IF(JM12<5,""))))))) | JP12: =IF(JM12>=75,"Excellent",IF(JM12>=70,"V.Good",IF(JM12>=65,"Good",IF(JM12>=60,"Credit",IF(JM12>=55,"Credit",IF(JM12>=50,"Credit",IF(JM12>=45,"Pass",IF(JM12>=40,"Pass",IF(JM12>=6,"Fail",IF(JM12<5,"")))))))))) | JQ12: 9 | JR12: =JF12 -> ELKANAH DANIEL KAIGAMA | JW12: =SUM(JS12:JV12) -> 0 | JY12: =JW12+JX12 -> 0 | JZ12: =IF(JY12<10,"",RANK(JY12,JY$4:JY$57)) | KA12: =IF(JY12>=75,"A",IF(JY12>=70,"B2",IF(JY12>=50,"C",IF(JY12>=45,"D",IF(JY12>=40,"E",IF(JY12>=6,"F",IF(JY12<5,""))))))) | KB12: =IF(JY12>=75,"Excellent",IF(JY12>=70,"V.Good",IF(JY12>=65,"Good",IF(JY12>=60,"Credit",IF(JY12>=55,"Credit",IF(JY12>=50,"Credit",IF(JY12>=45,"Pass",IF(JY12>=40,"Pass",IF(JY12>=6,"Fail",IF(JY12<5,""))))))))))
A13: 10 | B13: =Data!B11 -> GANA ABUBAKAR ALHAJ | C13: 6 | D13: 1 | E13: 1 | F13: 1 | G13: =SUM(C13:F13) -> 9 | H13: 18 | I13: =G13+H13 -> 27 | J13: =IF(I13<10,"",RANK(I13,I$4:I$57)) -> 33 | K13: =IF(I13>=75,"A1",IF(I13>=70,"B2",IF(I13>=65,"B3",IF(I13>=60,"C4",IF(I13>=55,"C5",IF(I13>=50,"C6",IF(I13>=45,"D7",IF(I13>=40,"E8",IF(I13>=6,"F",IF(I13<5,"")))))))))) -> F | L13: =IF(I13>=75,"Excellent",IF(I13>=70,"V.Good",IF(I13>=65,"Good",IF(I13>=60,"Credit",IF(I13>=55,"Credit",IF(I13>=50,"Credit",IF(I13>=45,"Pass",IF(I13>=40,"Pass",IF(I13>=6,"Fail",IF(I13<5,"")))))))))) -> Fail | M13: 10 | N13: =Data!B11 -> GANA ABUBAKAR ALHAJ | O13: 6 | P13: 1 | Q13: 1 | R13: 1 | S13: =SUM(O13:R13) -> 9 | T13: 18 | U13: =S13+T13 -> 27 | V13: =IF(U13<10,"",RANK(U13,U$4:U$57)) -> 22 | W13: =IF(U13>=75,"A1",IF(U13>=70,"B2",IF(U13>=65,"B3",IF(U13>=60,"C4",IF(U13>=55,"C5",IF(U13>=50,"C6",IF(U13>=45,"D7",IF(U13>=40,"E8",IF(U13>=6,"F",IF(U13<5,"")))))))))) -> F | X13: =IF(U13>=75,"Excellent",IF(U13>=70,"V.Good",IF(U13>=65,"Good",IF(U13>=60,"Credit",IF(U13>=55,"Credit",IF(U13>=50,"Credit",IF(U13>=45,"Pass",IF(U13>=40,"Pass",IF(U13>=6,"Fail",IF(U13<5,"")))))))))) -> Fail | Y13: 10 | Z13: =Data!B11 -> GANA ABUBAKAR ALHAJ | AA13: 6 | AB13: 1 | AC13: 1 | AD13: 1 | AE13: =SUM(AA13:AD13) -> 9 | AF13: 42 | AG13: =AE13+AF13 -> 51 | AH13: =IF(AG13<10,"",RANK(AG13,AG$4:AG$57)) -> 34 | AI13: =IF(AG13>=75,"A1",IF(AG13>=70,"B2",IF(AG13>=65,"B3",IF(AG13>=60,"C4",IF(AG13>=55,"C5",IF(AG13>=50,"C6",IF(AG13>=45,"D7",IF(AG13>=40,"E8",IF(AG13>=6,"F",IF(AG13<5,"")))))))))) -> C6 | AJ13: =IF(AG13>=75,"Excellent",IF(AG13>=70,"V.Good",IF(AG13>=65,"Good",IF(AG13>=60,"Credit",IF(AG13>=55,"Credit",IF(AG13>=50,"Credit",IF(AG13>=45,"Pass",IF(AG13>=40,"Pass",IF(AG13>=6,"Fail",IF(AG13<5,"")))))))))) -> Credit | AK13: 10 | AL13: =Data!B11 -> GANA ABUBAKAR ALHAJ | AQ13: =SUM(AM13:AP13) -> 0 | AS13: =AQ13+AR13 -> 0 | AT13: =IF(AS13<10,"",RANK(AS13,AS$4:AS$57)) | AU13: =IF(AS13>=75,"A1",IF(AS13>=70,"B2",IF(AS13>=65,"B3",IF(AS13>=60,"C4",IF(AS13>=55,"C5",IF(AS13>=50,"C6",IF(AS13>=45,"D7",IF(AS13>=40,"E8",IF(AS13>=6,"F",IF(AS13<5,"")))))))))) | AV13: =IF(AS13>=75,"Excellent",IF(AS13>=70,"V.Good",IF(AS13>=65,"Good",IF(AS13>=60,"Credit",IF(AS13>=55,"Credit",IF(AS13>=50,"Credit",IF(AS13>=45,"Pass",IF(AS13>=40,"Pass",IF(AS13>=6,"Fail",IF(AS13<5,"")))))))))) | AW13: 10 | AX13: =Data!B11 -> GANA ABUBAKAR ALHAJ | BC13: =SUM(AY13:BB13) -> 0 | BE13: =BC13+BD13 -> 0 | BF13: =IF(BE13<10,"",RANK(BE13,BE$4:BE$57)) | BG13: =IF(BE13>=75,"A1",IF(BE13>=70,"B2",IF(BE13>=65,"B3",IF(BE13>=60,"C4",IF(BE13>=55,"C5",IF(BE13>=50,"C6",IF(BE13>=45,"D7",IF(BE13>=40,"E8",IF(BE13>=6,"F",IF(BE13<5,"")))))))))) | BH13: =IF(BE13>=75,"Excellent",IF(BE13>=70,"V.Good",IF(BE13>=65,"Good",IF(BE13>=60,"Credit",IF(BE13>=55,"Credit",IF(BE13>=50,"Credit",IF(BE13>=45,"Pass",IF(BE13>=40,"Pass",IF(BE13>=6,"Fail",IF(BE13<5,"")))))))))) | BI13: 10 | BJ13: =Data!B11 -> GANA ABUBAKAR ALHAJ | BK13: 6 | BL13: 1 | BM13: 1 | BN13: 1 | BO13: =SUM(BK13:BN13) -> 9 | BP13: 42 | BQ13: =BO13+BP13 -> 51 | BR13: =IF(BQ13<10,"",RANK(BQ13,BQ$4:BQ$57)) -> 24 | BS13: =IF(BQ13>=75,"A1",IF(BQ13>=70,"B2",IF(BQ13>=65,"B3",IF(BQ13>=60,"C4",IF(BQ13>=55,"C5",IF(BQ13>=50,"C6",IF(BQ13>=45,"D7",IF(BQ13>=40,"E8",IF(BQ13>=6,"F",IF(BQ13<5,"")))))))))) -> C6 | BT13: =IF(BQ13>=75,"Excellent",IF(BQ13>=70,"V.Good",IF(BQ13>=65,"Good",IF(BQ13>=60,"Credit",IF(BQ13>=55,"Credit",IF(BQ13>=50,"Credit",IF(BQ13>=45,"Pass",IF(BQ13>=40,"Pass",IF(BQ13>=6,"Fail",IF(BQ13<5,"")))))))))) -> Credit | BU13: 10 | BV13: =Data!B11 -> GANA ABUBAKAR ALHAJ | BW13: 3 | BX13: 3 | BY13: 9 | BZ13: 5 | CA13: =SUM(BW13:BZ13) -> 20 | CB13: 11 | CC13: =CA13+CB13 -> 31 | CD13: =IF(CC13<10,"",RANK(CC13,CC$4:CC$57)) -> 44 | CE13: =IF(CC13>=75,"A1",IF(CC13>=70,"B2",IF(CC13>=65,"B3",IF(CC13>=60,"C4",IF(CC13>=55,"C5",IF(CC13>=50,"C6",IF(CC13>=45,"D7",IF(CC13>=40,"E8",IF(CC13>=6,"F",IF(CC13<5,"")))))))))) -> F | CF13: =IF(CC13>=75,"Excellent",IF(CC13>=70,"V.Good",IF(CC13>=65,"Good",IF(CC13>=60,"Credit",IF(CC13>=55,"Credit",IF(CC13>=50,"Credit",IF(CC13>=45,"Pass",IF(CC13>=40,"Pass",IF(CC13>=6,"Fail",IF(CC13<5,"")))))))))) -> Fail | CG13: 10 | CH13: =Data!B11 -> GANA ABUBAKAR ALHAJ | CM13: =SUM(CI13:CL13) -> 0 | CO13: =CM13+CN13 -> 0 | CP13: =IF(CO13<10,"",RANK(CO13,CO$4:CO$57)) | CQ13: =IF(CO13>=75,"A1",IF(CO13>=70,"B2",IF(CO13>=65,"B3",IF(CO13>=60,"C4",IF(CO13>=55,"C5",IF(CO13>=50,"C6",IF(CO13>=45,"D7",IF(CO13>=40,"E8",IF(CO13>=6,"F",IF(CO13<5,"")))))))))) | CR13: =IF(CO13>=75,"Excellent",IF(CO13>=70,"V.Good",IF(CO13>=65,"Good",IF(CO13>=60,"Credit",IF(CO13>=55,"Credit",IF(CO13>=50,"Credit",IF(CO13>=45,"Pass",IF(CO13>=40,"Pass",IF(CO13>=6,"Fail",IF(CO13<5,"")))))))))) | CS13: 10 | CT13: =Data!B11 -> GANA ABUBAKAR ALHAJ | CY13: =SUM(CU13:CX13) -> 0 | DA13: =CY13+CZ13 -> 0 | DB13: =IF(DA13<10,"",RANK(DA13,DA$4:DA$57)) | DC13: =IF(DA13>=75,"A1",IF(DA13>=70,"B2",IF(DA13>=65,"B3",IF(DA13>=60,"C4",IF(DA13>=55,"C5",IF(DA13>=50,"C6",IF(DA13>=45,"D7",IF(DA13>=40,"E8",IF(DA13>=6,"F",IF(DA13<5,"")))))))))) | DD13: =IF(DA13>=75,"Excellent",IF(DA13>=70,"V.Good",IF(DA13>=65,"Good",IF(DA13>=60,"Credit",IF(DA13>=55,"Credit",IF(DA13>=50,"Credit",IF(DA13>=45,"Pass",IF(DA13>=40,"Pass",IF(DA13>=6,"Fail",IF(DA13<5,"")))))))))) | DE13: 10 | DF13: =Data!B11 -> GANA ABUBAKAR ALHAJ | DG13: 3 | DH13: 2 | DK13: =SUM(DG13:DJ13) -> 5 | DL13: 18 | DM13: =DK13+DL13 -> 23 | DN13: =IF(DM13<10,"",RANK(DM13,DM$4:DM$57)) -> 14 | DO13: =IF(DM13>=75,"A1",IF(DM13>=70,"B2",IF(DM13>=65,"B3",IF(DM13>=60,"C4",IF(DM13>=55,"C5",IF(DM13>=50,"C6",IF(DM13>=45,"D7",IF(DM13>=40,"E8",IF(DM13>=6,"F",IF(DM13<5,"")))))))))) -> F | DP13: =IF(DM13>=75,"Excellent",IF(DM13>=70,"V.Good",IF(DM13>=65,"Good",IF(DM13>=60,"Credit",IF(DM13>=55,"Credit",IF(DM13>=50,"Credit",IF(DM13>=45,"Pass",IF(DM13>=40,"Pass",IF(DM13>=6,"Fail",IF(DM13<5,"")))))))))) -> Fail | DQ13: 10 | DR13: =Data!B11 -> GANA ABUBAKAR ALHAJ | DW13: =SUM(DS13:DV13) -> 0 | DY13: =DW13+DX13 -> 0 | DZ13: =IF(DY13<10,"",RANK(DY13,DY$4:DY$57)) | EA13: =IF(DY13>=75,"A1",IF(DY13>=70,"B2",IF(DY13>=65,"B3",IF(DY13>=60,"C4",IF(DY13>=55,"C5",IF(DY13>=50,"C6",IF(DY13>=45,"D7",IF(DY13>=40,"E8",IF(DY13>=6,"F",IF(DY13<5,"")))))))))) | EB13: =IF(DY13>=75,"Excellent",IF(DY13>=70,"V.Good",IF(DY13>=65,"Good",IF(DY13>=60,"Credit",IF(DY13>=55,"Credit",IF(DY13>=50,"Credit",IF(DY13>=45,"Pass",IF(DY13>=40,"Pass",IF(DY13>=6,"Fail",IF(DY13<5,"")))))))))) | EC13: 10 | ED13: =Data!B11 -> GANA ABUBAKAR ALHAJ | EI13: =SUM(EE13:EH13) -> 0 | EK13: =EI13+EJ13 -> 0 | EL13: =IF(EK13<10,"",RANK(EK13,EK$4:EK$57)) | EM13: =IF(EK13>=75,"A1",IF(EK13>=70,"B2",IF(EK13>=65,"B3",IF(EK13>=60,"C4",IF(EK13>=55,"C5",IF(EK13>=50,"C6",IF(EK13>=45,"D7",IF(EK13>=40,"E8",IF(EK13>=6,"F",IF(EK13<5,"")))))))))) | EN13: =IF(EK13>=75,"Excellent",IF(EK13>=70,"V.Good",IF(EK13>=65,"Good",IF(EK13>=60,"Credit",IF(EK13>=55,"Credit",IF(EK13>=50,"Credit",IF(EK13>=45,"Pass",IF(EK13>=40,"Pass",IF(EK13>=6,"Fail",IF(EK13<5,"")))))))))) | EO13: 10 | EP13: =Data!B11 -> GANA ABUBAKAR ALHAJ | EU13: =SUM(EQ13:ET13) -> 0 | EW13: =EU13+EV13 -> 0 | EX13: =IF(EW13<10,"",RANK(EW13,EW$4:EW$57)) | EY13: =IF(EW13>=75,"A1",IF(EW13>=70,"B2",IF(EW13>=65,"B3",IF(EW13>=60,"C4",IF(EW13>=55,"C5",IF(EW13>=50,"C6",IF(EW13>=45,"D7",IF(EW13>=40,"E8",IF(EW13>=6,"F",IF(EW13<5,"")))))))))) | EZ13: =IF(EW13>=75,"Excellent",IF(EW13>=70,"V.Good",IF(EW13>=65,"Good",IF(EW13>=60,"Credit",IF(EW13>=55,"Credit",IF(EW13>=50,"Credit",IF(EW13>=45,"Pass",IF(EW13>=40,"Pass",IF(EW13>=6,"Fail",IF(EW13<5,"")))))))))) | FA13: 10 | FB13: =Data!B11 -> GANA ABUBAKAR ALHAJ | FG13: =SUM(FC13:FF13) -> 0 | FI13: =FG13+FH13 -> 0 | FJ13: =IF(FI13<10,"",RANK(FI13,FI$4:FI$57)) | FK13: =IF(FI13>=75,"A",IF(FI13>=70,"B2",IF(FI13>=50,"C",IF(FI13>=45,"D",IF(FI13>=40,"E",IF(FI13>=6,"F",IF(FI13<5,""))))))) | FL13: =IF(FI13>=75,"Excellent",IF(FI13>=70,"V.Good",IF(FI13>=65,"Good",IF(FI13>=60,"Credit",IF(FI13>=55,"Credit",IF(FI13>=50,"Credit",IF(FI13>=45,"Pass",IF(FI13>=40,"Pass",IF(FI13>=6,"Fail",IF(FI13<5,"")))))))))) | FM13: 10 | FN13: =Data!B11 -> GANA ABUBAKAR ALHAJ | FS13: =SUM(FO13:FR13) -> 0 | FU13: =FS13+FT13 -> 0 | FV13: =IF(FU13<10,"",RANK(FU13,FU$4:FU$57)) | FW13: =IF(FU13>=75,"A",IF(FU13>=70,"B2",IF(FU13>=50,"C",IF(FU13>=45,"D",IF(FU13>=40,"E",IF(FU13>=6,"F",IF(FU13<5,""))))))) | FX13: =IF(FU13>=75,"Excellent",IF(FU13>=70,"V.Good",IF(FU13>=65,"Good",IF(FU13>=60,"Credit",IF(FU13>=55,"Credit",IF(FU13>=50,"Credit",IF(FU13>=45,"Pass",IF(FU13>=40,"Pass",IF(FU13>=6,"Fail",IF(FU13<5,"")))))))))) | FY13: 10 | FZ13: =Data!B11 -> GANA ABUBAKAR ALHAJ | GA13: 5 | GB13: 8 | GC13: 2 | GD13: 2 | GE13: =SUM(GA13:GD13) -> 17 | GF13: 16 | GG13: =GE13+GF13 -> 33 | GH13: =IF(GG13<10,"",RANK(GG13,GG$4:GG$57)) -> 41 | GI13: =IF(GG13>=75,"A",IF(GG13>=70,"B2",IF(GG13>=50,"C",IF(GG13>=45,"D",IF(GG13>=40,"E",IF(GG13>=6,"F",IF(GG13<5,""))))))) -> F | GJ13: =IF(GG13>=75,"Excellent",IF(GG13>=70,"V.Good",IF(GG13>=65,"Good",IF(GG13>=60,"Credit",IF(GG13>=55,"Credit",IF(GG13>=50,"Credit",IF(GG13>=45,"Pass",IF(GG13>=40,"Pass",IF(GG13>=6,"Fail",IF(GG13<5,"")))))))))) -> Fail | GK13: 10 | GL13: =Data!B11 -> GANA ABUBAKAR ALHAJ | GQ13: =SUM(GM13:GP13) -> 0 | GS13: =GQ13+GR13 -> 0 | GT13: =IF(GS13<10,"",RANK(GS13,GS$4:GS$57)) | GU13: =IF(GS13>=75,"A",IF(GS13>=70,"B2",IF(GS13>=50,"C",IF(GS13>=45,"D",IF(GS13>=40,"E",IF(GS13>=6,"F",IF(GS13<5,""))))))) | GV13: =IF(GS13>=75,"Excellent",IF(GS13>=70,"V.Good",IF(GS13>=65,"Good",IF(GS13>=60,"Credit",IF(GS13>=55,"Credit",IF(GS13>=50,"Credit",IF(GS13>=45,"Pass",IF(GS13>=40,"Pass",IF(GS13>=6,"Fail",IF(GS13<5,"")))))))))) | GW13: 10 | GX13: =Data!B11 -> GANA ABUBAKAR ALHAJ | HC13: =SUM(GY13:HB13) -> 0 | HE13: =HC13+HD13 -> 0 | HF13: =IF(HE13<10,"",RANK(HE13,HE$4:HE$57)) | HG13: =IF(HE13>=75,"A",IF(HE13>=70,"B2",IF(HE13>=50,"C",IF(HE13>=45,"D",IF(HE13>=40,"E",IF(HE13>=6,"F",IF(HE13<5,""))))))) | HH13: =IF(HE13>=75,"Excellent",IF(HE13>=70,"V.Good",IF(HE13>=65,"Good",IF(HE13>=60,"Credit",IF(HE13>=55,"Credit",IF(HE13>=50,"Credit",IF(HE13>=45,"Pass",IF(HE13>=40,"Pass",IF(HE13>=6,"Fail",IF(HE13<5,"")))))))))) | HI13: 10 | HJ13: =Data!B11 -> GANA ABUBAKAR ALHAJ | HO13: =SUM(HK13:HN13) -> 0 | HQ13: =HO13+HP13 -> 0 | HR13: =IF(HQ13<10,"",RANK(HQ13,HQ$4:HQ$57)) | HS13: =IF(HQ13>=75,"A",IF(HQ13>=70,"B2",IF(HQ13>=50,"C",IF(HQ13>=45,"D",IF(HQ13>=40,"E",IF(HQ13>=6,"F",IF(HQ13<5,""))))))) | HT13: =IF(HQ13>=75,"Excellent",IF(HQ13>=70,"V.Good",IF(HQ13>=65,"Good",IF(HQ13>=60,"Credit",IF(HQ13>=55,"Credit",IF(HQ13>=50,"Credit",IF(HQ13>=45,"Pass",IF(HQ13>=40,"Pass",IF(HQ13>=6,"Fail",IF(HQ13<5,"")))))))))) | HU13: 10 | HV13: =Data!B11 -> GANA ABUBAKAR ALHAJ | IA13: =SUM(HW13:HZ13) -> 0 | IC13: =IA13+IB13 -> 0 | ID13: =IF(IC13<10,"",RANK(IC13,IC$4:IC$57)) | IE13: =IF(IC13>=75,"A",IF(IC13>=70,"B2",IF(IC13>=50,"C",IF(IC13>=45,"D",IF(IC13>=40,"E",IF(IC13>=6,"F",IF(IC13<5,""))))))) | IF13: =IF(IC13>=75,"Excellent",IF(IC13>=70,"V.Good",IF(IC13>=65,"Good",IF(IC13>=60,"Credit",IF(IC13>=55,"Credit",IF(IC13>=50,"Credit",IF(IC13>=45,"Pass",IF(IC13>=40,"Pass",IF(IC13>=6,"Fail",IF(IC13<5,"")))))))))) | IG13: 10 | IH13: =Data!B11 -> GANA ABUBAKAR ALHAJ | IM13: =SUM(II13:IL13) -> 0 | IO13: =IM13+IN13 -> 0 | IP13: =IF(IO13<10,"",RANK(IO13,IO$4:IO$57)) | IQ13: =IF(IO13>=75,"A",IF(IO13>=70,"B2",IF(IO13>=50,"C",IF(IO13>=45,"D",IF(IO13>=40,"E",IF(IO13>=6,"F",IF(IO13<5,""))))))) | IR13: =IF(IO13>=75,"Excellent",IF(IO13>=70,"V.Good",IF(IO13>=65,"Good",IF(IO13>=60,"Credit",IF(IO13>=55,"Credit",IF(IO13>=50,"Credit",IF(IO13>=45,"Pass",IF(IO13>=40,"Pass",IF(IO13>=6,"Fail",IF(IO13<5,"")))))))))) | IS13: 10 | IT13: =IH13 -> GANA ABUBAKAR ALHAJ | IU13: 6 | IV13: 1 | IW13: 1 | IX13: 1 | IY13: =SUM(IU13:IX13) -> 9 | IZ13: 42 | JA13: =IY13+IZ13 -> 51 | JB13: =IF(JA13<10,"",RANK(JA13,JA$4:JA$57)) -> 24 | JC13: =IF(JA13>=75,"A",IF(JA13>=70,"B2",IF(JA13>=50,"C",IF(JA13>=45,"D",IF(JA13>=40,"E",IF(JA13>=6,"F",IF(JA13<5,""))))))) -> C | JD13: =IF(JA13>=75,"Excellent",IF(JA13>=70,"V.Good",IF(JA13>=65,"Good",IF(JA13>=60,"Credit",IF(JA13>=55,"Credit",IF(JA13>=50,"Credit",IF(JA13>=45,"Pass",IF(JA13>=40,"Pass",IF(JA13>=6,"Fail",IF(JA13<5,"")))))))))) -> Credit | JE13: 10 | JF13: =IT13 -> GANA ABUBAKAR ALHAJ | JK13: =SUM(JG13:JJ13) -> 0 | JM13: =JK13+JL13 -> 0 | JN13: =IF(JM13<10,"",RANK(JM13,JM$4:JM$57)) | JO13: =IF(JM13>=75,"A",IF(JM13>=70,"B2",IF(JM13>=50,"C",IF(JM13>=45,"D",IF(JM13>=40,"E",IF(JM13>=6,"F",IF(JM13<5,""))))))) | JP13: =IF(JM13>=75,"Excellent",IF(JM13>=70,"V.Good",IF(JM13>=65,"Good",IF(JM13>=60,"Credit",IF(JM13>=55,"Credit",IF(JM13>=50,"Credit",IF(JM13>=45,"Pass",IF(JM13>=40,"Pass",IF(JM13>=6,"Fail",IF(JM13<5,"")))))))))) | JQ13: 10 | JR13: =JF13 -> GANA ABUBAKAR ALHAJ | JW13: =SUM(JS13:JV13) -> 0 | JY13: =JW13+JX13 -> 0 | JZ13: =IF(JY13<10,"",RANK(JY13,JY$4:JY$57)) | KA13: =IF(JY13>=75,"A",IF(JY13>=70,"B2",IF(JY13>=50,"C",IF(JY13>=45,"D",IF(JY13>=40,"E",IF(JY13>=6,"F",IF(JY13<5,""))))))) | KB13: =IF(JY13>=75,"Excellent",IF(JY13>=70,"V.Good",IF(JY13>=65,"Good",IF(JY13>=60,"Credit",IF(JY13>=55,"Credit",IF(JY13>=50,"Credit",IF(JY13>=45,"Pass",IF(JY13>=40,"Pass",IF(JY13>=6,"Fail",IF(JY13<5,""))))))))))
A14: 11 | B14: =Data!B12 -> IBRAHIM HASSAN HELMA | C14: 8 | D14: 3 | E14: 10 | F14: 5 | G14: =SUM(C14:F14) -> 26 | H14: 26 | I14: =G14+H14 -> 52 | J14: =IF(I14<10,"",RANK(I14,I$4:I$57)) -> 10 | K14: =IF(I14>=75,"A1",IF(I14>=70,"B2",IF(I14>=65,"B3",IF(I14>=60,"C4",IF(I14>=55,"C5",IF(I14>=50,"C6",IF(I14>=45,"D7",IF(I14>=40,"E8",IF(I14>=6,"F",IF(I14<5,"")))))))))) -> C6 | L14: =IF(I14>=75,"Excellent",IF(I14>=70,"V.Good",IF(I14>=65,"Good",IF(I14>=60,"Credit",IF(I14>=55,"Credit",IF(I14>=50,"Credit",IF(I14>=45,"Pass",IF(I14>=40,"Pass",IF(I14>=6,"Fail",IF(I14<5,"")))))))))) -> Credit | M14: 11 | N14: =Data!B12 -> IBRAHIM HASSAN HELMA | O14: 8 | P14: 3 | Q14: 10 | R14: 5 | S14: =SUM(O14:R14) -> 26 | T14: 26 | U14: =S14+T14 -> 52 | V14: =IF(U14<10,"",RANK(U14,U$4:U$57)) -> 8 | W14: =IF(U14>=75,"A1",IF(U14>=70,"B2",IF(U14>=65,"B3",IF(U14>=60,"C4",IF(U14>=55,"C5",IF(U14>=50,"C6",IF(U14>=45,"D7",IF(U14>=40,"E8",IF(U14>=6,"F",IF(U14<5,"")))))))))) -> C6 | X14: =IF(U14>=75,"Excellent",IF(U14>=70,"V.Good",IF(U14>=65,"Good",IF(U14>=60,"Credit",IF(U14>=55,"Credit",IF(U14>=50,"Credit",IF(U14>=45,"Pass",IF(U14>=40,"Pass",IF(U14>=6,"Fail",IF(U14<5,"")))))))))) -> Credit | Y14: 11 | Z14: =Data!B12 -> IBRAHIM HASSAN HELMA | AA14: 8 | AB14: 3 | AC14: 10 | AD14: 5 | AE14: =SUM(AA14:AD14) -> 26 | AF14: 42 | AG14: =AE14+AF14 -> 68 | AH14: =IF(AG14<10,"",RANK(AG14,AG$4:AG$57)) -> 9 | AI14: =IF(AG14>=75,"A1",IF(AG14>=70,"B2",IF(AG14>=65,"B3",IF(AG14>=60,"C4",IF(AG14>=55,"C5",IF(AG14>=50,"C6",IF(AG14>=45,"D7",IF(AG14>=40,"E8",IF(AG14>=6,"F",IF(AG14<5,"")))))))))) -> B3 | AJ14: =IF(AG14>=75,"Excellent",IF(AG14>=70,"V.Good",IF(AG14>=65,"Good",IF(AG14>=60,"Credit",IF(AG14>=55,"Credit",IF(AG14>=50,"Credit",IF(AG14>=45,"Pass",IF(AG14>=40,"Pass",IF(AG14>=6,"Fail",IF(AG14<5,"")))))))))) -> Good | AK14: 11 | AL14: =Data!B12 -> IBRAHIM HASSAN HELMA | AQ14: =SUM(AM14:AP14) -> 0 | AS14: =AQ14+AR14 -> 0 | AT14: =IF(AS14<10,"",RANK(AS14,AS$4:AS$57)) | AU14: =IF(AS14>=75,"A1",IF(AS14>=70,"B2",IF(AS14>=65,"B3",IF(AS14>=60,"C4",IF(AS14>=55,"C5",IF(AS14>=50,"C6",IF(AS14>=45,"D7",IF(AS14>=40,"E8",IF(AS14>=6,"F",IF(AS14<5,"")))))))))) | AV14: =IF(AS14>=75,"Excellent",IF(AS14>=70,"V.Good",IF(AS14>=65,"Good",IF(AS14>=60,"Credit",IF(AS14>=55,"Credit",IF(AS14>=50,"Credit",IF(AS14>=45,"Pass",IF(AS14>=40,"Pass",IF(AS14>=6,"Fail",IF(AS14<5,"")))))))))) | AW14: 11 | AX14: =Data!B12 -> IBRAHIM HASSAN HELMA | BC14: =SUM(AY14:BB14) -> 0 | BE14: =BC14+BD14 -> 0 | BF14: =IF(BE14<10,"",RANK(BE14,BE$4:BE$57)) | BG14: =IF(BE14>=75,"A1",IF(BE14>=70,"B2",IF(BE14>=65,"B3",IF(BE14>=60,"C4",IF(BE14>=55,"C5",IF(BE14>=50,"C6",IF(BE14>=45,"D7",IF(BE14>=40,"E8",IF(BE14>=6,"F",IF(BE14<5,"")))))))))) | BH14: =IF(BE14>=75,"Excellent",IF(BE14>=70,"V.Good",IF(BE14>=65,"Good",IF(BE14>=60,"Credit",IF(BE14>=55,"Credit",IF(BE14>=50,"Credit",IF(BE14>=45,"Pass",IF(BE14>=40,"Pass",IF(BE14>=6,"Fail",IF(BE14<5,"")))))))))) | BI14: 11 | BJ14: =Data!B12 -> IBRAHIM HASSAN HELMA | BK14: 8 | BL14: 3 | BM14: 10 | BN14: 5 | BO14: =SUM(BK14:BN14) -> 26 | BP14: 42 | BQ14: =BO14+BP14 -> 68 | BR14: =IF(BQ14<10,"",RANK(BQ14,BQ$4:BQ$57)) -> 8 | BS14: =IF(BQ14>=75,"A1",IF(BQ14>=70,"B2",IF(BQ14>=65,"B3",IF(BQ14>=60,"C4",IF(BQ14>=55,"C5",IF(BQ14>=50,"C6",IF(BQ14>=45,"D7",IF(BQ14>=40,"E8",IF(BQ14>=6,"F",IF(BQ14<5,"")))))))))) -> B3 | BT14: =IF(BQ14>=75,"Excellent",IF(BQ14>=70,"V.Good",IF(BQ14>=65,"Good",IF(BQ14>=60,"Credit",IF(BQ14>=55,"Credit",IF(BQ14>=50,"Credit",IF(BQ14>=45,"Pass",IF(BQ14>=40,"Pass",IF(BQ14>=6,"Fail",IF(BQ14<5,"")))))))))) -> Good | BU14: 11 | BV14: =Data!B12 -> IBRAHIM HASSAN HELMA | BW14: 6 | BX14: 4 | BY14: 8 | BZ14: 8 | CA14: =SUM(BW14:BZ14) -> 26 | CB14: 21 | CC14: =CA14+CB14 -> 47 | CD14: =IF(CC14<10,"",RANK(CC14,CC$4:CC$57)) -> 28 | CE14: =IF(CC14>=75,"A1",IF(CC14>=70,"B2",IF(CC14>=65,"B3",IF(CC14>=60,"C4",IF(CC14>=55,"C5",IF(CC14>=50,"C6",IF(CC14>=45,"D7",IF(CC14>=40,"E8",IF(CC14>=6,"F",IF(CC14<5,"")))))))))) -> D7 | CF14: =IF(CC14>=75,"Excellent",IF(CC14>=70,"V.Good",IF(CC14>=65,"Good",IF(CC14>=60,"Credit",IF(CC14>=55,"Credit",IF(CC14>=50,"Credit",IF(CC14>=45,"Pass",IF(CC14>=40,"Pass",IF(CC14>=6,"Fail",IF(CC14<5,"")))))))))) -> Pass | CG14: 11 | CH14: =Data!B12 -> IBRAHIM HASSAN HELMA | CM14: =SUM(CI14:CL14) -> 0 | CO14: =CM14+CN14 -> 0 | CP14: =IF(CO14<10,"",RANK(CO14,CO$4:CO$57)) | CQ14: =IF(CO14>=75,"A1",IF(CO14>=70,"B2",IF(CO14>=65,"B3",IF(CO14>=60,"C4",IF(CO14>=55,"C5",IF(CO14>=50,"C6",IF(CO14>=45,"D7",IF(CO14>=40,"E8",IF(CO14>=6,"F",IF(CO14<5,"")))))))))) | CR14: =IF(CO14>=75,"Excellent",IF(CO14>=70,"V.Good",IF(CO14>=65,"Good",IF(CO14>=60,"Credit",IF(CO14>=55,"Credit",IF(CO14>=50,"Credit",IF(CO14>=45,"Pass",IF(CO14>=40,"Pass",IF(CO14>=6,"Fail",IF(CO14<5,"")))))))))) | CS14: 11 | CT14: =Data!B12 -> IBRAHIM HASSAN HELMA | CY14: =SUM(CU14:CX14) -> 0 | DA14: =CY14+CZ14 -> 0 | DB14: =IF(DA14<10,"",RANK(DA14,DA$4:DA$57)) | DC14: =IF(DA14>=75,"A1",IF(DA14>=70,"B2",IF(DA14>=65,"B3",IF(DA14>=60,"C4",IF(DA14>=55,"C5",IF(DA14>=50,"C6",IF(DA14>=45,"D7",IF(DA14>=40,"E8",IF(DA14>=6,"F",IF(DA14<5,"")))))))))) | DD14: =IF(DA14>=75,"Excellent",IF(DA14>=70,"V.Good",IF(DA14>=65,"Good",IF(DA14>=60,"Credit",IF(DA14>=55,"Credit",IF(DA14>=50,"Credit",IF(DA14>=45,"Pass",IF(DA14>=40,"Pass",IF(DA14>=6,"Fail",IF(DA14<5,"")))))))))) | DE14: 11 | DF14: =Data!B12 -> IBRAHIM HASSAN HELMA | DG14: 5 | DH14: 2 | DK14: =SUM(DG14:DJ14) -> 7 | DL14: 22 | DM14: =DK14+DL14 -> 29 | DN14: =IF(DM14<10,"",RANK(DM14,DM$4:DM$57)) -> 13 | DO14: =IF(DM14>=75,"A1",IF(DM14>=70,"B2",IF(DM14>=65,"B3",IF(DM14>=60,"C4",IF(DM14>=55,"C5",IF(DM14>=50,"C6",IF(DM14>=45,"D7",IF(DM14>=40,"E8",IF(DM14>=6,"F",IF(DM14<5,"")))))))))) -> F | DP14: =IF(DM14>=75,"Excellent",IF(DM14>=70,"V.Good",IF(DM14>=65,"Good",IF(DM14>=60,"Credit",IF(DM14>=55,"Credit",IF(DM14>=50,"Credit",IF(DM14>=45,"Pass",IF(DM14>=40,"Pass",IF(DM14>=6,"Fail",IF(DM14<5,"")))))))))) -> Fail | DQ14: 11 | DR14: =Data!B12 -> IBRAHIM HASSAN HELMA | DW14: =SUM(DS14:DV14) -> 0 | DY14: =DW14+DX14 -> 0 | DZ14: =IF(DY14<10,"",RANK(DY14,DY$4:DY$57)) | EA14: =IF(DY14>=75,"A1",IF(DY14>=70,"B2",IF(DY14>=65,"B3",IF(DY14>=60,"C4",IF(DY14>=55,"C5",IF(DY14>=50,"C6",IF(DY14>=45,"D7",IF(DY14>=40,"E8",IF(DY14>=6,"F",IF(DY14<5,"")))))))))) | EB14: =IF(DY14>=75,"Excellent",IF(DY14>=70,"V.Good",IF(DY14>=65,"Good",IF(DY14>=60,"Credit",IF(DY14>=55,"Credit",IF(DY14>=50,"Credit",IF(DY14>=45,"Pass",IF(DY14>=40,"Pass",IF(DY14>=6,"Fail",IF(DY14<5,"")))))))))) | EC14: 11 | ED14: =Data!B12 -> IBRAHIM HASSAN HELMA | EI14: =SUM(EE14:EH14) -> 0 | EK14: =EI14+EJ14 -> 0 | EL14: =IF(EK14<10,"",RANK(EK14,EK$4:EK$57)) | EM14: =IF(EK14>=75,"A1",IF(EK14>=70,"B2",IF(EK14>=65,"B3",IF(EK14>=60,"C4",IF(EK14>=55,"C5",IF(EK14>=50,"C6",IF(EK14>=45,"D7",IF(EK14>=40,"E8",IF(EK14>=6,"F",IF(EK14<5,"")))))))))) | EN14: =IF(EK14>=75,"Excellent",IF(EK14>=70,"V.Good",IF(EK14>=65,"Good",IF(EK14>=60,"Credit",IF(EK14>=55,"Credit",IF(EK14>=50,"Credit",IF(EK14>=45,"Pass",IF(EK14>=40,"Pass",IF(EK14>=6,"Fail",IF(EK14<5,"")))))))))) | EO14: 11 | EP14: =Data!B12 -> IBRAHIM HASSAN HELMA | EU14: =SUM(EQ14:ET14) -> 0 | EW14: =EU14+EV14 -> 0 | EX14: =IF(EW14<10,"",RANK(EW14,EW$4:EW$57)) | EY14: =IF(EW14>=75,"A1",IF(EW14>=70,"B2",IF(EW14>=65,"B3",IF(EW14>=60,"C4",IF(EW14>=55,"C5",IF(EW14>=50,"C6",IF(EW14>=45,"D7",IF(EW14>=40,"E8",IF(EW14>=6,"F",IF(EW14<5,"")))))))))) | EZ14: =IF(EW14>=75,"Excellent",IF(EW14>=70,"V.Good",IF(EW14>=65,"Good",IF(EW14>=60,"Credit",IF(EW14>=55,"Credit",IF(EW14>=50,"Credit",IF(EW14>=45,"Pass",IF(EW14>=40,"Pass",IF(EW14>=6,"Fail",IF(EW14<5,"")))))))))) | FA14: 11 | FB14: =Data!B12 -> IBRAHIM HASSAN HELMA | FG14: =SUM(FC14:FF14) -> 0 | FI14: =FG14+FH14 -> 0 | FJ14: =IF(FI14<10,"",RANK(FI14,FI$4:FI$57)) | FK14: =IF(FI14>=75,"A",IF(FI14>=70,"B2",IF(FI14>=50,"C",IF(FI14>=45,"D",IF(FI14>=40,"E",IF(FI14>=6,"F",IF(FI14<5,""))))))) | FL14: =IF(FI14>=75,"Excellent",IF(FI14>=70,"V.Good",IF(FI14>=65,"Good",IF(FI14>=60,"Credit",IF(FI14>=55,"Credit",IF(FI14>=50,"Credit",IF(FI14>=45,"Pass",IF(FI14>=40,"Pass",IF(FI14>=6,"Fail",IF(FI14<5,"")))))))))) | FM14: 11 | FN14: =Data!B12 -> IBRAHIM HASSAN HELMA | FS14: =SUM(FO14:FR14) -> 0 | FU14: =FS14+FT14 -> 0 | FV14: =IF(FU14<10,"",RANK(FU14,FU$4:FU$57)) | FW14: =IF(FU14>=75,"A",IF(FU14>=70,"B2",IF(FU14>=50,"C",IF(FU14>=45,"D",IF(FU14>=40,"E",IF(FU14>=6,"F",IF(FU14<5,""))))))) | FX14: =IF(FU14>=75,"Excellent",IF(FU14>=70,"V.Good",IF(FU14>=65,"Good",IF(FU14>=60,"Credit",IF(FU14>=55,"Credit",IF(FU14>=50,"Credit",IF(FU14>=45,"Pass",IF(FU14>=40,"Pass",IF(FU14>=6,"Fail",IF(FU14<5,"")))))))))) | FY14: 11 | FZ14: =Data!B12 -> IBRAHIM HASSAN HELMA | GA14: 8 | GB14: 7 | GC14: 8 | GD14: 5 | GE14: =SUM(GA14:GD14) -> 28 | GF14: 27 | GG14: =GE14+GF14 -> 55 | GH14: =IF(GG14<10,"",RANK(GG14,GG$4:GG$57)) -> 21 | GI14: =IF(GG14>=75,"A",IF(GG14>=70,"B2",IF(GG14>=50,"C",IF(GG14>=45,"D",IF(GG14>=40,"E",IF(GG14>=6,"F",IF(GG14<5,""))))))) -> C | GJ14: =IF(GG14>=75,"Excellent",IF(GG14>=70,"V.Good",IF(GG14>=65,"Good",IF(GG14>=60,"Credit",IF(GG14>=55,"Credit",IF(GG14>=50,"Credit",IF(GG14>=45,"Pass",IF(GG14>=40,"Pass",IF(GG14>=6,"Fail",IF(GG14<5,"")))))))))) -> Credit | GK14: 11 | GL14: =Data!B12 -> IBRAHIM HASSAN HELMA | GQ14: =SUM(GM14:GP14) -> 0 | GS14: =GQ14+GR14 -> 0 | GT14: =IF(GS14<10,"",RANK(GS14,GS$4:GS$57)) | GU14: =IF(GS14>=75,"A",IF(GS14>=70,"B2",IF(GS14>=50,"C",IF(GS14>=45,"D",IF(GS14>=40,"E",IF(GS14>=6,"F",IF(GS14<5,""))))))) | GV14: =IF(GS14>=75,"Excellent",IF(GS14>=70,"V.Good",IF(GS14>=65,"Good",IF(GS14>=60,"Credit",IF(GS14>=55,"Credit",IF(GS14>=50,"Credit",IF(GS14>=45,"Pass",IF(GS14>=40,"Pass",IF(GS14>=6,"Fail",IF(GS14<5,"")))))))))) | GW14: 11 | GX14: =Data!B12 -> IBRAHIM HASSAN HELMA | HC14: =SUM(GY14:HB14) -> 0 | HE14: =HC14+HD14 -> 0 | HF14: =IF(HE14<10,"",RANK(HE14,HE$4:HE$57)) | HG14: =IF(HE14>=75,"A",IF(HE14>=70,"B2",IF(HE14>=50,"C",IF(HE14>=45,"D",IF(HE14>=40,"E",IF(HE14>=6,"F",IF(HE14<5,""))))))) | HH14: =IF(HE14>=75,"Excellent",IF(HE14>=70,"V.Good",IF(HE14>=65,"Good",IF(HE14>=60,"Credit",IF(HE14>=55,"Credit",IF(HE14>=50,"Credit",IF(HE14>=45,"Pass",IF(HE14>=40,"Pass",IF(HE14>=6,"Fail",IF(HE14<5,"")))))))))) | HI14: 11 | HJ14: =Data!B12 -> IBRAHIM HASSAN HELMA | HO14: =SUM(HK14:HN14) -> 0 | HQ14: =HO14+HP14 -> 0 | HR14: =IF(HQ14<10,"",RANK(HQ14,HQ$4:HQ$57)) | HS14: =IF(HQ14>=75,"A",IF(HQ14>=70,"B2",IF(HQ14>=50,"C",IF(HQ14>=45,"D",IF(HQ14>=40,"E",IF(HQ14>=6,"F",IF(HQ14<5,""))))))) | HT14: =IF(HQ14>=75,"Excellent",IF(HQ14>=70,"V.Good",IF(HQ14>=65,"Good",IF(HQ14>=60,"Credit",IF(HQ14>=55,"Credit",IF(HQ14>=50,"Credit",IF(HQ14>=45,"Pass",IF(HQ14>=40,"Pass",IF(HQ14>=6,"Fail",IF(HQ14<5,"")))))))))) | HU14: 11 | HV14: =Data!B12 -> IBRAHIM HASSAN HELMA | IA14: =SUM(HW14:HZ14) -> 0 | IC14: =IA14+IB14 -> 0 | ID14: =IF(IC14<10,"",RANK(IC14,IC$4:IC$57)) | IE14: =IF(IC14>=75,"A",IF(IC14>=70,"B2",IF(IC14>=50,"C",IF(IC14>=45,"D",IF(IC14>=40,"E",IF(IC14>=6,"F",IF(IC14<5,""))))))) | IF14: =IF(IC14>=75,"Excellent",IF(IC14>=70,"V.Good",IF(IC14>=65,"Good",IF(IC14>=60,"Credit",IF(IC14>=55,"Credit",IF(IC14>=50,"Credit",IF(IC14>=45,"Pass",IF(IC14>=40,"Pass",IF(IC14>=6,"Fail",IF(IC14<5,"")))))))))) | IG14: 11 | IH14: =Data!B12 -> IBRAHIM HASSAN HELMA | IM14: =SUM(II14:IL14) -> 0 | IO14: =IM14+IN14 -> 0 | IP14: =IF(IO14<10,"",RANK(IO14,IO$4:IO$57)) | IQ14: =IF(IO14>=75,"A",IF(IO14>=70,"B2",IF(IO14>=50,"C",IF(IO14>=45,"D",IF(IO14>=40,"E",IF(IO14>=6,"F",IF(IO14<5,""))))))) | IR14: =IF(IO14>=75,"Excellent",IF(IO14>=70,"V.Good",IF(IO14>=65,"Good",IF(IO14>=60,"Credit",IF(IO14>=55,"Credit",IF(IO14>=50,"Credit",IF(IO14>=45,"Pass",IF(IO14>=40,"Pass",IF(IO14>=6,"Fail",IF(IO14<5,"")))))))))) | IS14: 11 | IT14: =IH14 -> IBRAHIM HASSAN HELMA | IU14: 8 | IV14: 3 | IW14: 10 | IX14: 5 | IY14: =SUM(IU14:IX14) -> 26 | IZ14: 42 | JA14: =IY14+IZ14 -> 68 | JB14: =IF(JA14<10,"",RANK(JA14,JA$4:JA$57)) -> 8 | JC14: =IF(JA14>=75,"A",IF(JA14>=70,"B2",IF(JA14>=50,"C",IF(JA14>=45,"D",IF(JA14>=40,"E",IF(JA14>=6,"F",IF(JA14<5,""))))))) -> C | JD14: =IF(JA14>=75,"Excellent",IF(JA14>=70,"V.Good",IF(JA14>=65,"Good",IF(JA14>=60,"Credit",IF(JA14>=55,"Credit",IF(JA14>=50,"Credit",IF(JA14>=45,"Pass",IF(JA14>=40,"Pass",IF(JA14>=6,"Fail",IF(JA14<5,"")))))))))) -> Good | JE14: 11 | JF14: =IT14 -> IBRAHIM HASSAN HELMA | JK14: =SUM(JG14:JJ14) -> 0 | JM14: =JK14+JL14 -> 0 | JN14: =IF(JM14<10,"",RANK(JM14,JM$4:JM$57)) | JO14: =IF(JM14>=75,"A",IF(JM14>=70,"B2",IF(JM14>=50,"C",IF(JM14>=45,"D",IF(JM14>=40,"E",IF(JM14>=6,"F",IF(JM14<5,""))))))) | JP14: =IF(JM14>=75,"Excellent",IF(JM14>=70,"V.Good",IF(JM14>=65,"Good",IF(JM14>=60,"Credit",IF(JM14>=55,"Credit",IF(JM14>=50,"Credit",IF(JM14>=45,"Pass",IF(JM14>=40,"Pass",IF(JM14>=6,"Fail",IF(JM14<5,"")))))))))) | JQ14: 11 | JR14: =JF14 -> IBRAHIM HASSAN HELMA | JW14: =SUM(JS14:JV14) -> 0 | JY14: =JW14+JX14 -> 0 | JZ14: =IF(JY14<10,"",RANK(JY14,JY$4:JY$57)) | KA14: =IF(JY14>=75,"A",IF(JY14>=70,"B2",IF(JY14>=50,"C",IF(JY14>=45,"D",IF(JY14>=40,"E",IF(JY14>=6,"F",IF(JY14<5,""))))))) | KB14: =IF(JY14>=75,"Excellent",IF(JY14>=70,"V.Good",IF(JY14>=65,"Good",IF(JY14>=60,"Credit",IF(JY14>=55,"Credit",IF(JY14>=50,"Credit",IF(JY14>=45,"Pass",IF(JY14>=40,"Pass",IF(JY14>=6,"Fail",IF(JY14<5,""))))))))))
A15: 12 | B15: =Data!B13 -> MODUYE ALI | C15: 9 | D15: 2 | E15: 10 | F15: 5 | G15: =SUM(C15:F15) -> 26 | H15: 27 | I15: =G15+H15 -> 53 | J15: =IF(I15<10,"",RANK(I15,I$4:I$57)) -> 8 | K15: =IF(I15>=75,"A1",IF(I15>=70,"B2",IF(I15>=65,"B3",IF(I15>=60,"C4",IF(I15>=55,"C5",IF(I15>=50,"C6",IF(I15>=45,"D7",IF(I15>=40,"E8",IF(I15>=6,"F",IF(I15<5,"")))))))))) -> C6 | L15: =IF(I15>=75,"Excellent",IF(I15>=70,"V.Good",IF(I15>=65,"Good",IF(I15>=60,"Credit",IF(I15>=55,"Credit",IF(I15>=50,"Credit",IF(I15>=45,"Pass",IF(I15>=40,"Pass",IF(I15>=6,"Fail",IF(I15<5,"")))))))))) -> Credit | M15: 12 | N15: =Data!B13 -> MODUYE ALI | O15: 9 | P15: 2 | Q15: 10 | R15: 5 | S15: =SUM(O15:R15) -> 26 | T15: 27 | U15: =S15+T15 -> 53 | V15: =IF(U15<10,"",RANK(U15,U$4:U$57)) -> 7 | W15: =IF(U15>=75,"A1",IF(U15>=70,"B2",IF(U15>=65,"B3",IF(U15>=60,"C4",IF(U15>=55,"C5",IF(U15>=50,"C6",IF(U15>=45,"D7",IF(U15>=40,"E8",IF(U15>=6,"F",IF(U15<5,"")))))))))) -> C6 | X15: =IF(U15>=75,"Excellent",IF(U15>=70,"V.Good",IF(U15>=65,"Good",IF(U15>=60,"Credit",IF(U15>=55,"Credit",IF(U15>=50,"Credit",IF(U15>=45,"Pass",IF(U15>=40,"Pass",IF(U15>=6,"Fail",IF(U15<5,"")))))))))) -> Credit | Y15: 12 | Z15: =Data!B13 -> MODUYE ALI | AA15: 9 | AB15: 2 | AC15: 10 | AD15: 5 | AE15: =SUM(AA15:AD15) -> 26 | AF15: 42 | AG15: =AE15+AF15 -> 68 | AH15: =IF(AG15<10,"",RANK(AG15,AG$4:AG$57)) -> 9 | AI15: =IF(AG15>=75,"A1",IF(AG15>=70,"B2",IF(AG15>=65,"B3",IF(AG15>=60,"C4",IF(AG15>=55,"C5",IF(AG15>=50,"C6",IF(AG15>=45,"D7",IF(AG15>=40,"E8",IF(AG15>=6,"F",IF(AG15<5,"")))))))))) -> B3 | AJ15: =IF(AG15>=75,"Excellent",IF(AG15>=70,"V.Good",IF(AG15>=65,"Good",IF(AG15>=60,"Credit",IF(AG15>=55,"Credit",IF(AG15>=50,"Credit",IF(AG15>=45,"Pass",IF(AG15>=40,"Pass",IF(AG15>=6,"Fail",IF(AG15<5,"")))))))))) -> Good | AK15: 12 | AL15: =Data!B13 -> MODUYE ALI | AQ15: =SUM(AM15:AP15) -> 0 | AS15: =AQ15+AR15 -> 0 | AT15: =IF(AS15<10,"",RANK(AS15,AS$4:AS$57)) | AU15: =IF(AS15>=75,"A1",IF(AS15>=70,"B2",IF(AS15>=65,"B3",IF(AS15>=60,"C4",IF(AS15>=55,"C5",IF(AS15>=50,"C6",IF(AS15>=45,"D7",IF(AS15>=40,"E8",IF(AS15>=6,"F",IF(AS15<5,"")))))))))) | AV15: =IF(AS15>=75,"Excellent",IF(AS15>=70,"V.Good",IF(AS15>=65,"Good",IF(AS15>=60,"Credit",IF(AS15>=55,"Credit",IF(AS15>=50,"Credit",IF(AS15>=45,"Pass",IF(AS15>=40,"Pass",IF(AS15>=6,"Fail",IF(AS15<5,"")))))))))) | AW15: 12 | AX15: =Data!B13 -> MODUYE ALI | BC15: =SUM(AY15:BB15) -> 0 | BE15: =BC15+BD15 -> 0 | BF15: =IF(BE15<10,"",RANK(BE15,BE$4:BE$57)) | BG15: =IF(BE15>=75,"A1",IF(BE15>=70,"B2",IF(BE15>=65,"B3",IF(BE15>=60,"C4",IF(BE15>=55,"C5",IF(BE15>=50,"C6",IF(BE15>=45,"D7",IF(BE15>=40,"E8",IF(BE15>=6,"F",IF(BE15<5,"")))))))))) | BH15: =IF(BE15>=75,"Excellent",IF(BE15>=70,"V.Good",IF(BE15>=65,"Good",IF(BE15>=60,"Credit",IF(BE15>=55,"Credit",IF(BE15>=50,"Credit",IF(BE15>=45,"Pass",IF(BE15>=40,"Pass",IF(BE15>=6,"Fail",IF(BE15<5,"")))))))))) | BI15: 12 | BJ15: =Data!B13 -> MODUYE ALI | BK15: 9 | BL15: 2 | BM15: 10 | BN15: 5 | BO15: =SUM(BK15:BN15) -> 26 | BP15: 42 | BQ15: =BO15+BP15 -> 68 | BR15: =IF(BQ15<10,"",RANK(BQ15,BQ$4:BQ$57)) -> 8 | BS15: =IF(BQ15>=75,"A1",IF(BQ15>=70,"B2",IF(BQ15>=65,"B3",IF(BQ15>=60,"C4",IF(BQ15>=55,"C5",IF(BQ15>=50,"C6",IF(BQ15>=45,"D7",IF(BQ15>=40,"E8",IF(BQ15>=6,"F",IF(BQ15<5,"")))))))))) -> B3 | BT15: =IF(BQ15>=75,"Excellent",IF(BQ15>=70,"V.Good",IF(BQ15>=65,"Good",IF(BQ15>=60,"Credit",IF(BQ15>=55,"Credit",IF(BQ15>=50,"Credit",IF(BQ15>=45,"Pass",IF(BQ15>=40,"Pass",IF(BQ15>=6,"Fail",IF(BQ15<5,"")))))))))) -> Good | BU15: 12 | BV15: =Data!B13 -> MODUYE ALI | BW15: 5 | BX15: 6 | BY15: 8 | BZ15: 7 | CA15: =SUM(BW15:BZ15) -> 26 | CB15: 24 | CC15: =CA15+CB15 -> 50 | CD15: =IF(CC15<10,"",RANK(CC15,CC$4:CC$57)) -> 23 | CE15: =IF(CC15>=75,"A1",IF(CC15>=70,"B2",IF(CC15>=65,"B3",IF(CC15>=60,"C4",IF(CC15>=55,"C5",IF(CC15>=50,"C6",IF(CC15>=45,"D7",IF(CC15>=40,"E8",IF(CC15>=6,"F",IF(CC15<5,"")))))))))) -> C6 | CF15: =IF(CC15>=75,"Excellent",IF(CC15>=70,"V.Good",IF(CC15>=65,"Good",IF(CC15>=60,"Credit",IF(CC15>=55,"Credit",IF(CC15>=50,"Credit",IF(CC15>=45,"Pass",IF(CC15>=40,"Pass",IF(CC15>=6,"Fail",IF(CC15<5,"")))))))))) -> Credit | CG15: 12 | CH15: =Data!B13 -> MODUYE ALI | CM15: =SUM(CI15:CL15) -> 0 | CO15: =CM15+CN15 -> 0 | CP15: =IF(CO15<10,"",RANK(CO15,CO$4:CO$57)) | CQ15: =IF(CO15>=75,"A1",IF(CO15>=70,"B2",IF(CO15>=65,"B3",IF(CO15>=60,"C4",IF(CO15>=55,"C5",IF(CO15>=50,"C6",IF(CO15>=45,"D7",IF(CO15>=40,"E8",IF(CO15>=6,"F",IF(CO15<5,"")))))))))) | CR15: =IF(CO15>=75,"Excellent",IF(CO15>=70,"V.Good",IF(CO15>=65,"Good",IF(CO15>=60,"Credit",IF(CO15>=55,"Credit",IF(CO15>=50,"Credit",IF(CO15>=45,"Pass",IF(CO15>=40,"Pass",IF(CO15>=6,"Fail",IF(CO15<5,"")))))))))) | CS15: 12 | CT15: =Data!B13 -> MODUYE ALI | CY15: =SUM(CU15:CX15) -> 0 | DA15: =CY15+CZ15 -> 0 | DB15: =IF(DA15<10,"",RANK(DA15,DA$4:DA$57)) | DC15: =IF(DA15>=75,"A1",IF(DA15>=70,"B2",IF(DA15>=65,"B3",IF(DA15>=60,"C4",IF(DA15>=55,"C5",IF(DA15>=50,"C6",IF(DA15>=45,"D7",IF(DA15>=40,"E8",IF(DA15>=6,"F",IF(DA15<5,"")))))))))) | DD15: =IF(DA15>=75,"Excellent",IF(DA15>=70,"V.Good",IF(DA15>=65,"Good",IF(DA15>=60,"Credit",IF(DA15>=55,"Credit",IF(DA15>=50,"Credit",IF(DA15>=45,"Pass",IF(DA15>=40,"Pass",IF(DA15>=6,"Fail",IF(DA15<5,"")))))))))) | DE15: 12 | DF15: =Data!B13 -> MODUYE ALI | DG15: 7 | DH15: 3 | DI15: 2 | DJ15: 5 | DK15: =SUM(DG15:DJ15) -> 17 | DL15: 24 | DM15: =DK15+DL15 -> 41 | DN15: =IF(DM15<10,"",RANK(DM15,DM$4:DM$57)) -> 4 | DO15: =IF(DM15>=75,"A1",IF(DM15>=70,"B2",IF(DM15>=65,"B3",IF(DM15>=60,"C4",IF(DM15>=55,"C5",IF(DM15>=50,"C6",IF(DM15>=45,"D7",IF(DM15>=40,"E8",IF(DM15>=6,"F",IF(DM15<5,"")))))))))) -> E8 | DP15: =IF(DM15>=75,"Excellent",IF(DM15>=70,"V.Good",IF(DM15>=65,"Good",IF(DM15>=60,"Credit",IF(DM15>=55,"Credit",IF(DM15>=50,"Credit",IF(DM15>=45,"Pass",IF(DM15>=40,"Pass",IF(DM15>=6,"Fail",IF(DM15<5,"")))))))))) -> Pass | DQ15: 12 | DR15: =Data!B13 -> MODUYE ALI | DW15: =SUM(DS15:DV15) -> 0 | DY15: =DW15+DX15 -> 0 | DZ15: =IF(DY15<10,"",RANK(DY15,DY$4:DY$57)) | EA15: =IF(DY15>=75,"A1",IF(DY15>=70,"B2",IF(DY15>=65,"B3",IF(DY15>=60,"C4",IF(DY15>=55,"C5",IF(DY15>=50,"C6",IF(DY15>=45,"D7",IF(DY15>=40,"E8",IF(DY15>=6,"F",IF(DY15<5,"")))))))))) | EB15: =IF(DY15>=75,"Excellent",IF(DY15>=70,"V.Good",IF(DY15>=65,"Good",IF(DY15>=60,"Credit",IF(DY15>=55,"Credit",IF(DY15>=50,"Credit",IF(DY15>=45,"Pass",IF(DY15>=40,"Pass",IF(DY15>=6,"Fail",IF(DY15<5,"")))))))))) | EC15: 12 | ED15: =Data!B13 -> MODUYE ALI | EI15: =SUM(EE15:EH15) -> 0 | EK15: =EI15+EJ15 -> 0 | EL15: =IF(EK15<10,"",RANK(EK15,EK$4:EK$57)) | EM15: =IF(EK15>=75,"A1",IF(EK15>=70,"B2",IF(EK15>=65,"B3",IF(EK15>=60,"C4",IF(EK15>=55,"C5",IF(EK15>=50,"C6",IF(EK15>=45,"D7",IF(EK15>=40,"E8",IF(EK15>=6,"F",IF(EK15<5,"")))))))))) | EN15: =IF(EK15>=75,"Excellent",IF(EK15>=70,"V.Good",IF(EK15>=65,"Good",IF(EK15>=60,"Credit",IF(EK15>=55,"Credit",IF(EK15>=50,"Credit",IF(EK15>=45,"Pass",IF(EK15>=40,"Pass",IF(EK15>=6,"Fail",IF(EK15<5,"")))))))))) | EO15: 12 | EP15: =Data!B13 -> MODUYE ALI | EU15: =SUM(EQ15:ET15) -> 0 | EW15: =EU15+EV15 -> 0 | EX15: =IF(EW15<10,"",RANK(EW15,EW$4:EW$57)) | EY15: =IF(EW15>=75,"A1",IF(EW15>=70,"B2",IF(EW15>=65,"B3",IF(EW15>=60,"C4",IF(EW15>=55,"C5",IF(EW15>=50,"C6",IF(EW15>=45,"D7",IF(EW15>=40,"E8",IF(EW15>=6,"F",IF(EW15<5,"")))))))))) | EZ15: =IF(EW15>=75,"Excellent",IF(EW15>=70,"V.Good",IF(EW15>=65,"Good",IF(EW15>=60,"Credit",IF(EW15>=55,"Credit",IF(EW15>=50,"Credit",IF(EW15>=45,"Pass",IF(EW15>=40,"Pass",IF(EW15>=6,"Fail",IF(EW15<5,"")))))))))) | FA15: 12 | FB15: =Data!B13 -> MODUYE ALI | FG15: =SUM(FC15:FF15) -> 0 | FI15: =FG15+FH15 -> 0 | FJ15: =IF(FI15<10,"",RANK(FI15,FI$4:FI$57)) | FK15: =IF(FI15>=75,"A",IF(FI15>=70,"B2",IF(FI15>=50,"C",IF(FI15>=45,"D",IF(FI15>=40,"E",IF(FI15>=6,"F",IF(FI15<5,""))))))) | FL15: =IF(FI15>=75,"Excellent",IF(FI15>=70,"V.Good",IF(FI15>=65,"Good",IF(FI15>=60,"Credit",IF(FI15>=55,"Credit",IF(FI15>=50,"Credit",IF(FI15>=45,"Pass",IF(FI15>=40,"Pass",IF(FI15>=6,"Fail",IF(FI15<5,"")))))))))) | FM15: 12 | FN15: =Data!B13 -> MODUYE ALI | FS15: =SUM(FO15:FR15) -> 0 | FU15: =FS15+FT15 -> 0 | FV15: =IF(FU15<10,"",RANK(FU15,FU$4:FU$57)) | FW15: =IF(FU15>=75,"A",IF(FU15>=70,"B2",IF(FU15>=50,"C",IF(FU15>=45,"D",IF(FU15>=40,"E",IF(FU15>=6,"F",IF(FU15<5,""))))))) | FX15: =IF(FU15>=75,"Excellent",IF(FU15>=70,"V.Good",IF(FU15>=65,"Good",IF(FU15>=60,"Credit",IF(FU15>=55,"Credit",IF(FU15>=50,"Credit",IF(FU15>=45,"Pass",IF(FU15>=40,"Pass",IF(FU15>=6,"Fail",IF(FU15<5,"")))))))))) | FY15: 12 | FZ15: =Data!B13 -> MODUYE ALI | GA15: 6 | GB15: 8 | GC15: 8 | GD15: 8 | GE15: =SUM(GA15:GD15) -> 30 | GF15: 30 | GG15: =GE15+GF15 -> 60 | GH15: =IF(GG15<10,"",RANK(GG15,GG$4:GG$57)) -> 12 | GI15: =IF(GG15>=75,"A",IF(GG15>=70,"B2",IF(GG15>=50,"C",IF(GG15>=45,"D",IF(GG15>=40,"E",IF(GG15>=6,"F",IF(GG15<5,""))))))) -> C | GJ15: =IF(GG15>=75,"Excellent",IF(GG15>=70,"V.Good",IF(GG15>=65,"Good",IF(GG15>=60,"Credit",IF(GG15>=55,"Credit",IF(GG15>=50,"Credit",IF(GG15>=45,"Pass",IF(GG15>=40,"Pass",IF(GG15>=6,"Fail",IF(GG15<5,"")))))))))) -> Credit | GK15: 12 | GL15: =Data!B13 -> MODUYE ALI | GQ15: =SUM(GM15:GP15) -> 0 | GS15: =GQ15+GR15 -> 0 | GT15: =IF(GS15<10,"",RANK(GS15,GS$4:GS$57)) | GU15: =IF(GS15>=75,"A",IF(GS15>=70,"B2",IF(GS15>=50,"C",IF(GS15>=45,"D",IF(GS15>=40,"E",IF(GS15>=6,"F",IF(GS15<5,""))))))) | GV15: =IF(GS15>=75,"Excellent",IF(GS15>=70,"V.Good",IF(GS15>=65,"Good",IF(GS15>=60,"Credit",IF(GS15>=55,"Credit",IF(GS15>=50,"Credit",IF(GS15>=45,"Pass",IF(GS15>=40,"Pass",IF(GS15>=6,"Fail",IF(GS15<5,"")))))))))) | GW15: 12 | GX15: =Data!B13 -> MODUYE ALI | HC15: =SUM(GY15:HB15) -> 0 | HE15: =HC15+HD15 -> 0 | HF15: =IF(HE15<10,"",RANK(HE15,HE$4:HE$57)) | HG15: =IF(HE15>=75,"A",IF(HE15>=70,"B2",IF(HE15>=50,"C",IF(HE15>=45,"D",IF(HE15>=40,"E",IF(HE15>=6,"F",IF(HE15<5,""))))))) | HH15: =IF(HE15>=75,"Excellent",IF(HE15>=70,"V.Good",IF(HE15>=65,"Good",IF(HE15>=60,"Credit",IF(HE15>=55,"Credit",IF(HE15>=50,"Credit",IF(HE15>=45,"Pass",IF(HE15>=40,"Pass",IF(HE15>=6,"Fail",IF(HE15<5,"")))))))))) | HI15: 12 | HJ15: =Data!B13 -> MODUYE ALI | HO15: =SUM(HK15:HN15) -> 0 | HQ15: =HO15+HP15 -> 0 | HR15: =IF(HQ15<10,"",RANK(HQ15,HQ$4:HQ$57)) | HS15: =IF(HQ15>=75,"A",IF(HQ15>=70,"B2",IF(HQ15>=50,"C",IF(HQ15>=45,"D",IF(HQ15>=40,"E",IF(HQ15>=6,"F",IF(HQ15<5,""))))))) | HT15: =IF(HQ15>=75,"Excellent",IF(HQ15>=70,"V.Good",IF(HQ15>=65,"Good",IF(HQ15>=60,"Credit",IF(HQ15>=55,"Credit",IF(HQ15>=50,"Credit",IF(HQ15>=45,"Pass",IF(HQ15>=40,"Pass",IF(HQ15>=6,"Fail",IF(HQ15<5,"")))))))))) | HU15: 12 | HV15: =Data!B13 -> MODUYE ALI | IA15: =SUM(HW15:HZ15) -> 0 | IC15: =IA15+IB15 -> 0 | ID15: =IF(IC15<10,"",RANK(IC15,IC$4:IC$57)) | IE15: =IF(IC15>=75,"A",IF(IC15>=70,"B2",IF(IC15>=50,"C",IF(IC15>=45,"D",IF(IC15>=40,"E",IF(IC15>=6,"F",IF(IC15<5,""))))))) | IF15: =IF(IC15>=75,"Excellent",IF(IC15>=70,"V.Good",IF(IC15>=65,"Good",IF(IC15>=60,"Credit",IF(IC15>=55,"Credit",IF(IC15>=50,"Credit",IF(IC15>=45,"Pass",IF(IC15>=40,"Pass",IF(IC15>=6,"Fail",IF(IC15<5,"")))))))))) | IG15: 12 | IH15: =Data!B13 -> MODUYE ALI | IM15: =SUM(II15:IL15) -> 0 | IO15: =IM15+IN15 -> 0 | IP15: =IF(IO15<10,"",RANK(IO15,IO$4:IO$57)) | IQ15: =IF(IO15>=75,"A",IF(IO15>=70,"B2",IF(IO15>=50,"C",IF(IO15>=45,"D",IF(IO15>=40,"E",IF(IO15>=6,"F",IF(IO15<5,""))))))) | IR15: =IF(IO15>=75,"Excellent",IF(IO15>=70,"V.Good",IF(IO15>=65,"Good",IF(IO15>=60,"Credit",IF(IO15>=55,"Credit",IF(IO15>=50,"Credit",IF(IO15>=45,"Pass",IF(IO15>=40,"Pass",IF(IO15>=6,"Fail",IF(IO15<5,"")))))))))) | IS15: 12 | IT15: =IH15 -> MODUYE ALI | IU15: 9 | IV15: 2 | IW15: 10 | IX15: 5 | IY15: =SUM(IU15:IX15) -> 26 | IZ15: 42 | JA15: =IY15+IZ15 -> 68 | JB15: =IF(JA15<10,"",RANK(JA15,JA$4:JA$57)) -> 8 | JC15: =IF(JA15>=75,"A",IF(JA15>=70,"B2",IF(JA15>=50,"C",IF(JA15>=45,"D",IF(JA15>=40,"E",IF(JA15>=6,"F",IF(JA15<5,""))))))) -> C | JD15: =IF(JA15>=75,"Excellent",IF(JA15>=70,"V.Good",IF(JA15>=65,"Good",IF(JA15>=60,"Credit",IF(JA15>=55,"Credit",IF(JA15>=50,"Credit",IF(JA15>=45,"Pass",IF(JA15>=40,"Pass",IF(JA15>=6,"Fail",IF(JA15<5,"")))))))))) -> Good | JE15: 12 | JF15: =IT15 -> MODUYE ALI | JK15: =SUM(JG15:JJ15) -> 0 | JM15: =JK15+JL15 -> 0 | JN15: =IF(JM15<10,"",RANK(JM15,JM$4:JM$57)) | JO15: =IF(JM15>=75,"A",IF(JM15>=70,"B2",IF(JM15>=50,"C",IF(JM15>=45,"D",IF(JM15>=40,"E",IF(JM15>=6,"F",IF(JM15<5,""))))))) | JP15: =IF(JM15>=75,"Excellent",IF(JM15>=70,"V.Good",IF(JM15>=65,"Good",IF(JM15>=60,"Credit",IF(JM15>=55,"Credit",IF(JM15>=50,"Credit",IF(JM15>=45,"Pass",IF(JM15>=40,"Pass",IF(JM15>=6,"Fail",IF(JM15<5,"")))))))))) | JQ15: 12 | JR15: =JF15 -> MODUYE ALI | JW15: =SUM(JS15:JV15) -> 0 | JY15: =JW15+JX15 -> 0 | JZ15: =IF(JY15<10,"",RANK(JY15,JY$4:JY$57)) | KA15: =IF(JY15>=75,"A",IF(JY15>=70,"B2",IF(JY15>=50,"C",IF(JY15>=45,"D",IF(JY15>=40,"E",IF(JY15>=6,"F",IF(JY15<5,""))))))) | KB15: =IF(JY15>=75,"Excellent",IF(JY15>=70,"V.Good",IF(JY15>=65,"Good",IF(JY15>=60,"Credit",IF(JY15>=55,"Credit",IF(JY15>=50,"Credit",IF(JY15>=45,"Pass",IF(JY15>=40,"Pass",IF(JY15>=6,"Fail",IF(JY15<5,""))))))))))
A16: 13 | B16: =Data!B14 -> MUSA AYUNDA JAMES | C16: 10 | E16: 10 | F16: 10 | G16: =SUM(C16:F16) -> 30 | H16: 33 | I16: =G16+H16 -> 63 | J16: =IF(I16<10,"",RANK(I16,I$4:I$57)) -> 1 | K16: =IF(I16>=75,"A1",IF(I16>=70,"B2",IF(I16>=65,"B3",IF(I16>=60,"C4",IF(I16>=55,"C5",IF(I16>=50,"C6",IF(I16>=45,"D7",IF(I16>=40,"E8",IF(I16>=6,"F",IF(I16<5,"")))))))))) -> C4 | L16: =IF(I16>=75,"Excellent",IF(I16>=70,"V.Good",IF(I16>=65,"Good",IF(I16>=60,"Credit",IF(I16>=55,"Credit",IF(I16>=50,"Credit",IF(I16>=45,"Pass",IF(I16>=40,"Pass",IF(I16>=6,"Fail",IF(I16<5,"")))))))))) -> Credit | M16: 13 | N16: =Data!B14 -> MUSA AYUNDA JAMES | O16: 10 | Q16: 10 | R16: 10 | S16: =SUM(O16:R16) -> 30 | T16: 33 | U16: =S16+T16 -> 63 | V16: =IF(U16<10,"",RANK(U16,U$4:U$57)) -> 1 | W16: =IF(U16>=75,"A1",IF(U16>=70,"B2",IF(U16>=65,"B3",IF(U16>=60,"C4",IF(U16>=55,"C5",IF(U16>=50,"C6",IF(U16>=45,"D7",IF(U16>=40,"E8",IF(U16>=6,"F",IF(U16<5,"")))))))))) -> C4 | X16: =IF(U16>=75,"Excellent",IF(U16>=70,"V.Good",IF(U16>=65,"Good",IF(U16>=60,"Credit",IF(U16>=55,"Credit",IF(U16>=50,"Credit",IF(U16>=45,"Pass",IF(U16>=40,"Pass",IF(U16>=6,"Fail",IF(U16<5,"")))))))))) -> Credit | Y16: 13 | Z16: =Data!B14 -> MUSA AYUNDA JAMES | AA16: 10 | AC16: 10 | AD16: 10 | AE16: =SUM(AA16:AD16) -> 30 | AF16: 42 | AG16: =AE16+AF16 -> 72 | AH16: =IF(AG16<10,"",RANK(AG16,AG$4:AG$57)) -> 4 | AI16: =IF(AG16>=75,"A1",IF(AG16>=70,"B2",IF(AG16>=65,"B3",IF(AG16>=60,"C4",IF(AG16>=55,"C5",IF(AG16>=50,"C6",IF(AG16>=45,"D7",IF(AG16>=40,"E8",IF(AG16>=6,"F",IF(AG16<5,"")))))))))) -> B2 | AJ16: =IF(AG16>=75,"Excellent",IF(AG16>=70,"V.Good",IF(AG16>=65,"Good",IF(AG16>=60,"Credit",IF(AG16>=55,"Credit",IF(AG16>=50,"Credit",IF(AG16>=45,"Pass",IF(AG16>=40,"Pass",IF(AG16>=6,"Fail",IF(AG16<5,"")))))))))) -> V.Good | AK16: 13 | AL16: =Data!B14 -> MUSA AYUNDA JAMES | AQ16: =SUM(AM16:AP16) -> 0 | AS16: =AQ16+AR16 -> 0 | AT16: =IF(AS16<10,"",RANK(AS16,AS$4:AS$57)) | AU16: =IF(AS16>=75,"A1",IF(AS16>=70,"B2",IF(AS16>=65,"B3",IF(AS16>=60,"C4",IF(AS16>=55,"C5",IF(AS16>=50,"C6",IF(AS16>=45,"D7",IF(AS16>=40,"E8",IF(AS16>=6,"F",IF(AS16<5,"")))))))))) | AV16: =IF(AS16>=75,"Excellent",IF(AS16>=70,"V.Good",IF(AS16>=65,"Good",IF(AS16>=60,"Credit",IF(AS16>=55,"Credit",IF(AS16>=50,"Credit",IF(AS16>=45,"Pass",IF(AS16>=40,"Pass",IF(AS16>=6,"Fail",IF(AS16<5,"")))))))))) | AW16: 13 | AX16: =Data!B14 -> MUSA AYUNDA JAMES | BC16: =SUM(AY16:BB16) -> 0 | BE16: =BC16+BD16 -> 0 | BF16: =IF(BE16<10,"",RANK(BE16,BE$4:BE$57)) | BG16: =IF(BE16>=75,"A1",IF(BE16>=70,"B2",IF(BE16>=65,"B3",IF(BE16>=60,"C4",IF(BE16>=55,"C5",IF(BE16>=50,"C6",IF(BE16>=45,"D7",IF(BE16>=40,"E8",IF(BE16>=6,"F",IF(BE16<5,"")))))))))) | BH16: =IF(BE16>=75,"Excellent",IF(BE16>=70,"V.Good",IF(BE16>=65,"Good",IF(BE16>=60,"Credit",IF(BE16>=55,"Credit",IF(BE16>=50,"Credit",IF(BE16>=45,"Pass",IF(BE16>=40,"Pass",IF(BE16>=6,"Fail",IF(BE16<5,"")))))))))) | BI16: 13 | BJ16: =Data!B14 -> MUSA AYUNDA JAMES | BK16: 10 | BM16: 10 | BN16: 10 | BO16: =SUM(BK16:BN16) -> 30 | BP16: 42 | BQ16: =BO16+BP16 -> 72 | BR16: =IF(BQ16<10,"",RANK(BQ16,BQ$4:BQ$57)) -> 4 | BS16: =IF(BQ16>=75,"A1",IF(BQ16>=70,"B2",IF(BQ16>=65,"B3",IF(BQ16>=60,"C4",IF(BQ16>=55,"C5",IF(BQ16>=50,"C6",IF(BQ16>=45,"D7",IF(BQ16>=40,"E8",IF(BQ16>=6,"F",IF(BQ16<5,"")))))))))) -> B2 | BT16: =IF(BQ16>=75,"Excellent",IF(BQ16>=70,"V.Good",IF(BQ16>=65,"Good",IF(BQ16>=60,"Credit",IF(BQ16>=55,"Credit",IF(BQ16>=50,"Credit",IF(BQ16>=45,"Pass",IF(BQ16>=40,"Pass",IF(BQ16>=6,"Fail",IF(BQ16<5,"")))))))))) -> V.Good | BU16: 13 | BV16: =Data!B14 -> MUSA AYUNDA JAMES | BW16: 6 | BX16: 6 | BY16: 10 | BZ16: 7 | CA16: =SUM(BW16:BZ16) -> 29 | CB16: 39 | CC16: =CA16+CB16 -> 68 | CD16: =IF(CC16<10,"",RANK(CC16,CC$4:CC$57)) -> 10 | CE16: =IF(CC16>=75,"A1",IF(CC16>=70,"B2",IF(CC16>=65,"B3",IF(CC16>=60,"C4",IF(CC16>=55,"C5",IF(CC16>=50,"C6",IF(CC16>=45,"D7",IF(CC16>=40,"E8",IF(CC16>=6,"F",IF(CC16<5,"")))))))))) -> B3 | CF16: =IF(CC16>=75,"Excellent",IF(CC16>=70,"V.Good",IF(CC16>=65,"Good",IF(CC16>=60,"Credit",IF(CC16>=55,"Credit",IF(CC16>=50,"Credit",IF(CC16>=45,"Pass",IF(CC16>=40,"Pass",IF(CC16>=6,"Fail",IF(CC16<5,"")))))))))) -> Good | CG16: 13 | CH16: =Data!B14 -> MUSA AYUNDA JAMES | CM16: =SUM(CI16:CL16) -> 0 | CO16: =CM16+CN16 -> 0 | CP16: =IF(CO16<10,"",RANK(CO16,CO$4:CO$57)) | CQ16: =IF(CO16>=75,"A1",IF(CO16>=70,"B2",IF(CO16>=65,"B3",IF(CO16>=60,"C4",IF(CO16>=55,"C5",IF(CO16>=50,"C6",IF(CO16>=45,"D7",IF(CO16>=40,"E8",IF(CO16>=6,"F",IF(CO16<5,"")))))))))) | CR16: =IF(CO16>=75,"Excellent",IF(CO16>=70,"V.Good",IF(CO16>=65,"Good",IF(CO16>=60,"Credit",IF(CO16>=55,"Credit",IF(CO16>=50,"Credit",IF(CO16>=45,"Pass",IF(CO16>=40,"Pass",IF(CO16>=6,"Fail",IF(CO16<5,"")))))))))) | CS16: 13 | CT16: =Data!B14 -> MUSA AYUNDA JAMES | CY16: =SUM(CU16:CX16) -> 0 | DA16: =CY16+CZ16 -> 0 | DB16: =IF(DA16<10,"",RANK(DA16,DA$4:DA$57)) | DC16: =IF(DA16>=75,"A1",IF(DA16>=70,"B2",IF(DA16>=65,"B3",IF(DA16>=60,"C4",IF(DA16>=55,"C5",IF(DA16>=50,"C6",IF(DA16>=45,"D7",IF(DA16>=40,"E8",IF(DA16>=6,"F",IF(DA16<5,"")))))))))) | DD16: =IF(DA16>=75,"Excellent",IF(DA16>=70,"V.Good",IF(DA16>=65,"Good",IF(DA16>=60,"Credit",IF(DA16>=55,"Credit",IF(DA16>=50,"Credit",IF(DA16>=45,"Pass",IF(DA16>=40,"Pass",IF(DA16>=6,"Fail",IF(DA16<5,"")))))))))) | DE16: 13 | DF16: =Data!B14 -> MUSA AYUNDA JAMES | DK16: =SUM(DG16:DJ16) -> 0 | DM16: =DK16+DL16 -> 0 | DN16: =IF(DM16<10,"",RANK(DM16,DM$4:DM$57)) | DO16: =IF(DM16>=75,"A1",IF(DM16>=70,"B2",IF(DM16>=65,"B3",IF(DM16>=60,"C4",IF(DM16>=55,"C5",IF(DM16>=50,"C6",IF(DM16>=45,"D7",IF(DM16>=40,"E8",IF(DM16>=6,"F",IF(DM16<5,"")))))))))) | DP16: =IF(DM16>=75,"Excellent",IF(DM16>=70,"V.Good",IF(DM16>=65,"Good",IF(DM16>=60,"Credit",IF(DM16>=55,"Credit",IF(DM16>=50,"Credit",IF(DM16>=45,"Pass",IF(DM16>=40,"Pass",IF(DM16>=6,"Fail",IF(DM16<5,"")))))))))) | DQ16: 13 | DR16: =Data!B14 -> MUSA AYUNDA JAMES | DW16: =SUM(DS16:DV16) -> 0 | DY16: =DW16+DX16 -> 0 | DZ16: =IF(DY16<10,"",RANK(DY16,DY$4:DY$57)) | EA16: =IF(DY16>=75,"A1",IF(DY16>=70,"B2",IF(DY16>=65,"B3",IF(DY16>=60,"C4",IF(DY16>=55,"C5",IF(DY16>=50,"C6",IF(DY16>=45,"D7",IF(DY16>=40,"E8",IF(DY16>=6,"F",IF(DY16<5,"")))))))))) | EB16: =IF(DY16>=75,"Excellent",IF(DY16>=70,"V.Good",IF(DY16>=65,"Good",IF(DY16>=60,"Credit",IF(DY16>=55,"Credit",IF(DY16>=50,"Credit",IF(DY16>=45,"Pass",IF(DY16>=40,"Pass",IF(DY16>=6,"Fail",IF(DY16<5,"")))))))))) | EC16: 13 | ED16: =Data!B14 -> MUSA AYUNDA JAMES | EI16: =SUM(EE16:EH16) -> 0 | EK16: =EI16+EJ16 -> 0 | EL16: =IF(EK16<10,"",RANK(EK16,EK$4:EK$57)) | EM16: =IF(EK16>=75,"A1",IF(EK16>=70,"B2",IF(EK16>=65,"B3",IF(EK16>=60,"C4",IF(EK16>=55,"C5",IF(EK16>=50,"C6",IF(EK16>=45,"D7",IF(EK16>=40,"E8",IF(EK16>=6,"F",IF(EK16<5,"")))))))))) | EN16: =IF(EK16>=75,"Excellent",IF(EK16>=70,"V.Good",IF(EK16>=65,"Good",IF(EK16>=60,"Credit",IF(EK16>=55,"Credit",IF(EK16>=50,"Credit",IF(EK16>=45,"Pass",IF(EK16>=40,"Pass",IF(EK16>=6,"Fail",IF(EK16<5,"")))))))))) | EO16: 13 | EP16: =Data!B14 -> MUSA AYUNDA JAMES | EU16: =SUM(EQ16:ET16) -> 0 | EW16: =EU16+EV16 -> 0 | EX16: =IF(EW16<10,"",RANK(EW16,EW$4:EW$57)) | EY16: =IF(EW16>=75,"A1",IF(EW16>=70,"B2",IF(EW16>=65,"B3",IF(EW16>=60,"C4",IF(EW16>=55,"C5",IF(EW16>=50,"C6",IF(EW16>=45,"D7",IF(EW16>=40,"E8",IF(EW16>=6,"F",IF(EW16<5,"")))))))))) | EZ16: =IF(EW16>=75,"Excellent",IF(EW16>=70,"V.Good",IF(EW16>=65,"Good",IF(EW16>=60,"Credit",IF(EW16>=55,"Credit",IF(EW16>=50,"Credit",IF(EW16>=45,"Pass",IF(EW16>=40,"Pass",IF(EW16>=6,"Fail",IF(EW16<5,"")))))))))) | FA16: 13 | FB16: =Data!B14 -> MUSA AYUNDA JAMES | FG16: =SUM(FC16:FF16) -> 0 | FI16: =FG16+FH16 -> 0 | FJ16: =IF(FI16<10,"",RANK(FI16,FI$4:FI$57)) | FK16: =IF(FI16>=75,"A",IF(FI16>=70,"B2",IF(FI16>=50,"C",IF(FI16>=45,"D",IF(FI16>=40,"E",IF(FI16>=6,"F",IF(FI16<5,""))))))) | FL16: =IF(FI16>=75,"Excellent",IF(FI16>=70,"V.Good",IF(FI16>=65,"Good",IF(FI16>=60,"Credit",IF(FI16>=55,"Credit",IF(FI16>=50,"Credit",IF(FI16>=45,"Pass",IF(FI16>=40,"Pass",IF(FI16>=6,"Fail",IF(FI16<5,"")))))))))) | FM16: 13 | FN16: =Data!B14 -> MUSA AYUNDA JAMES | FS16: =SUM(FO16:FR16) -> 0 | FU16: =FS16+FT16 -> 0 | FV16: =IF(FU16<10,"",RANK(FU16,FU$4:FU$57)) | FW16: =IF(FU16>=75,"A",IF(FU16>=70,"B2",IF(FU16>=50,"C",IF(FU16>=45,"D",IF(FU16>=40,"E",IF(FU16>=6,"F",IF(FU16<5,""))))))) | FX16: =IF(FU16>=75,"Excellent",IF(FU16>=70,"V.Good",IF(FU16>=65,"Good",IF(FU16>=60,"Credit",IF(FU16>=55,"Credit",IF(FU16>=50,"Credit",IF(FU16>=45,"Pass",IF(FU16>=40,"Pass",IF(FU16>=6,"Fail",IF(FU16<5,"")))))))))) | FY16: 13 | FZ16: =Data!B14 -> MUSA AYUNDA JAMES | GA16: 6 | GB16: 7 | GC16: 9 | GD16: 9 | GE16: =SUM(GA16:GD16) -> 31 | GF16: 26 | GG16: =GE16+GF16 -> 57 | GH16: =IF(GG16<10,"",RANK(GG16,GG$4:GG$57)) -> 17 | GI16: =IF(GG16>=75,"A",IF(GG16>=70,"B2",IF(GG16>=50,"C",IF(GG16>=45,"D",IF(GG16>=40,"E",IF(GG16>=6,"F",IF(GG16<5,""))))))) -> C | GJ16: =IF(GG16>=75,"Excellent",IF(GG16>=70,"V.Good",IF(GG16>=65,"Good",IF(GG16>=60,"Credit",IF(GG16>=55,"Credit",IF(GG16>=50,"Credit",IF(GG16>=45,"Pass",IF(GG16>=40,"Pass",IF(GG16>=6,"Fail",IF(GG16<5,"")))))))))) -> Credit | GK16: 13 | GL16: =Data!B14 -> MUSA AYUNDA JAMES | GQ16: =SUM(GM16:GP16) -> 0 | GS16: =GQ16+GR16 -> 0 | GT16: =IF(GS16<10,"",RANK(GS16,GS$4:GS$57)) | GU16: =IF(GS16>=75,"A",IF(GS16>=70,"B2",IF(GS16>=50,"C",IF(GS16>=45,"D",IF(GS16>=40,"E",IF(GS16>=6,"F",IF(GS16<5,""))))))) | GV16: =IF(GS16>=75,"Excellent",IF(GS16>=70,"V.Good",IF(GS16>=65,"Good",IF(GS16>=60,"Credit",IF(GS16>=55,"Credit",IF(GS16>=50,"Credit",IF(GS16>=45,"Pass",IF(GS16>=40,"Pass",IF(GS16>=6,"Fail",IF(GS16<5,"")))))))))) | GW16: 13 | GX16: =Data!B14 -> MUSA AYUNDA JAMES | HC16: =SUM(GY16:HB16) -> 0 | HE16: =HC16+HD16 -> 0 | HF16: =IF(HE16<10,"",RANK(HE16,HE$4:HE$57)) | HG16: =IF(HE16>=75,"A",IF(HE16>=70,"B2",IF(HE16>=50,"C",IF(HE16>=45,"D",IF(HE16>=40,"E",IF(HE16>=6,"F",IF(HE16<5,""))))))) | HH16: =IF(HE16>=75,"Excellent",IF(HE16>=70,"V.Good",IF(HE16>=65,"Good",IF(HE16>=60,"Credit",IF(HE16>=55,"Credit",IF(HE16>=50,"Credit",IF(HE16>=45,"Pass",IF(HE16>=40,"Pass",IF(HE16>=6,"Fail",IF(HE16<5,"")))))))))) | HI16: 13 | HJ16: =Data!B14 -> MUSA AYUNDA JAMES | HK16: 8 | HL16: 7 | HM16: 9 | HN16: 10 | HO16: =SUM(HK16:HN16) -> 34 | HQ16: =HO16+HP16 -> 34 | HR16: =IF(HQ16<10,"",RANK(HQ16,HQ$4:HQ$57)) -> 1 | HS16: =IF(HQ16>=75,"A",IF(HQ16>=70,"B2",IF(HQ16>=50,"C",IF(HQ16>=45,"D",IF(HQ16>=40,"E",IF(HQ16>=6,"F",IF(HQ16<5,""))))))) -> F | HT16: =IF(HQ16>=75,"Excellent",IF(HQ16>=70,"V.Good",IF(HQ16>=65,"Good",IF(HQ16>=60,"Credit",IF(HQ16>=55,"Credit",IF(HQ16>=50,"Credit",IF(HQ16>=45,"Pass",IF(HQ16>=40,"Pass",IF(HQ16>=6,"Fail",IF(HQ16<5,"")))))))))) -> Fail | HU16: 13 | HV16: =Data!B14 -> MUSA AYUNDA JAMES | IA16: =SUM(HW16:HZ16) -> 0 | IC16: =IA16+IB16 -> 0 | ID16: =IF(IC16<10,"",RANK(IC16,IC$4:IC$57)) | IE16: =IF(IC16>=75,"A",IF(IC16>=70,"B2",IF(IC16>=50,"C",IF(IC16>=45,"D",IF(IC16>=40,"E",IF(IC16>=6,"F",IF(IC16<5,""))))))) | IF16: =IF(IC16>=75,"Excellent",IF(IC16>=70,"V.Good",IF(IC16>=65,"Good",IF(IC16>=60,"Credit",IF(IC16>=55,"Credit",IF(IC16>=50,"Credit",IF(IC16>=45,"Pass",IF(IC16>=40,"Pass",IF(IC16>=6,"Fail",IF(IC16<5,"")))))))))) | IG16: 13 | IH16: =Data!B14 -> MUSA AYUNDA JAMES | IM16: =SUM(II16:IL16) -> 0 | IO16: =IM16+IN16 -> 0 | IP16: =IF(IO16<10,"",RANK(IO16,IO$4:IO$57)) | IQ16: =IF(IO16>=75,"A",IF(IO16>=70,"B2",IF(IO16>=50,"C",IF(IO16>=45,"D",IF(IO16>=40,"E",IF(IO16>=6,"F",IF(IO16<5,""))))))) | IR16: =IF(IO16>=75,"Excellent",IF(IO16>=70,"V.Good",IF(IO16>=65,"Good",IF(IO16>=60,"Credit",IF(IO16>=55,"Credit",IF(IO16>=50,"Credit",IF(IO16>=45,"Pass",IF(IO16>=40,"Pass",IF(IO16>=6,"Fail",IF(IO16<5,"")))))))))) | IS16: 13 | IT16: =IH16 -> MUSA AYUNDA JAMES | IU16: 10 | IW16: 10 | IX16: 10 | IY16: =SUM(IU16:IX16) -> 30 | IZ16: 42 | JA16: =IY16+IZ16 -> 72 | JB16: =IF(JA16<10,"",RANK(JA16,JA$4:JA$57)) -> 4 | JC16: =IF(JA16>=75,"A",IF(JA16>=70,"B2",IF(JA16>=50,"C",IF(JA16>=45,"D",IF(JA16>=40,"E",IF(JA16>=6,"F",IF(JA16<5,""))))))) -> B2 | JD16: =IF(JA16>=75,"Excellent",IF(JA16>=70,"V.Good",IF(JA16>=65,"Good",IF(JA16>=60,"Credit",IF(JA16>=55,"Credit",IF(JA16>=50,"Credit",IF(JA16>=45,"Pass",IF(JA16>=40,"Pass",IF(JA16>=6,"Fail",IF(JA16<5,"")))))))))) -> V.Good | JE16: 13 | JF16: =IT16 -> MUSA AYUNDA JAMES | JK16: =SUM(JG16:JJ16) -> 0 | JM16: =JK16+JL16 -> 0 | JN16: =IF(JM16<10,"",RANK(JM16,JM$4:JM$57)) | JO16: =IF(JM16>=75,"A",IF(JM16>=70,"B2",IF(JM16>=50,"C",IF(JM16>=45,"D",IF(JM16>=40,"E",IF(JM16>=6,"F",IF(JM16<5,""))))))) | JP16: =IF(JM16>=75,"Excellent",IF(JM16>=70,"V.Good",IF(JM16>=65,"Good",IF(JM16>=60,"Credit",IF(JM16>=55,"Credit",IF(JM16>=50,"Credit",IF(JM16>=45,"Pass",IF(JM16>=40,"Pass",IF(JM16>=6,"Fail",IF(JM16<5,"")))))))))) | JQ16: 13 | JR16: =JF16 -> MUSA AYUNDA JAMES | JW16: =SUM(JS16:JV16) -> 0 | JY16: =JW16+JX16 -> 0 | JZ16: =IF(JY16<10,"",RANK(JY16,JY$4:JY$57)) | KA16: =IF(JY16>=75,"A",IF(JY16>=70,"B2",IF(JY16>=50,"C",IF(JY16>=45,"D",IF(JY16>=40,"E",IF(JY16>=6,"F",IF(JY16<5,""))))))) | KB16: =IF(JY16>=75,"Excellent",IF(JY16>=70,"V.Good",IF(JY16>=65,"Good",IF(JY16>=60,"Credit",IF(JY16>=55,"Credit",IF(JY16>=50,"Credit",IF(JY16>=45,"Pass",IF(JY16>=40,"Pass",IF(JY16>=6,"Fail",IF(JY16<5,""))))))))))
A17: 14 | B17: =Data!B15 -> MUHAMMED KOLE MUHAMMED | C17: 9 | D17: 2 | E17: 1 | F17: 4 | G17: =SUM(C17:F17) -> 16 | H17: 25 | I17: =G17+H17 -> 41 | J17: =IF(I17<10,"",RANK(I17,I$4:I$57)) -> 19 | K17: =IF(I17>=75,"A1",IF(I17>=70,"B2",IF(I17>=65,"B3",IF(I17>=60,"C4",IF(I17>=55,"C5",IF(I17>=50,"C6",IF(I17>=45,"D7",IF(I17>=40,"E8",IF(I17>=6,"F",IF(I17<5,"")))))))))) -> E8 | L17: =IF(I17>=75,"Excellent",IF(I17>=70,"V.Good",IF(I17>=65,"Good",IF(I17>=60,"Credit",IF(I17>=55,"Credit",IF(I17>=50,"Credit",IF(I17>=45,"Pass",IF(I17>=40,"Pass",IF(I17>=6,"Fail",IF(I17<5,"")))))))))) -> Pass | M17: 14 | N17: =Data!B15 -> MUHAMMED KOLE MUHAMMED | O17: 9 | P17: 2 | Q17: 1 | R17: 4 | S17: =SUM(O17:R17) -> 16 | T17: 25 | U17: =S17+T17 -> 41 | V17: =IF(U17<10,"",RANK(U17,U$4:U$57)) -> 13 | W17: =IF(U17>=75,"A1",IF(U17>=70,"B2",IF(U17>=65,"B3",IF(U17>=60,"C4",IF(U17>=55,"C5",IF(U17>=50,"C6",IF(U17>=45,"D7",IF(U17>=40,"E8",IF(U17>=6,"F",IF(U17<5,"")))))))))) -> E8 | X17: =IF(U17>=75,"Excellent",IF(U17>=70,"V.Good",IF(U17>=65,"Good",IF(U17>=60,"Credit",IF(U17>=55,"Credit",IF(U17>=50,"Credit",IF(U17>=45,"Pass",IF(U17>=40,"Pass",IF(U17>=6,"Fail",IF(U17<5,"")))))))))) -> Pass | Y17: 14 | Z17: =Data!B15 -> MUHAMMED KOLE MUHAMMED | AA17: 9 | AB17: 2 | AC17: 1 | AD17: 4 | AE17: =SUM(AA17:AD17) -> 16 | AF17: 42 | AG17: =AE17+AF17 -> 58 | AH17: =IF(AG17<10,"",RANK(AG17,AG$4:AG$57)) -> 19 | AI17: =IF(AG17>=75,"A1",IF(AG17>=70,"B2",IF(AG17>=65,"B3",IF(AG17>=60,"C4",IF(AG17>=55,"C5",IF(AG17>=50,"C6",IF(AG17>=45,"D7",IF(AG17>=40,"E8",IF(AG17>=6,"F",IF(AG17<5,"")))))))))) -> C5 | AJ17: =IF(AG17>=75,"Excellent",IF(AG17>=70,"V.Good",IF(AG17>=65,"Good",IF(AG17>=60,"Credit",IF(AG17>=55,"Credit",IF(AG17>=50,"Credit",IF(AG17>=45,"Pass",IF(AG17>=40,"Pass",IF(AG17>=6,"Fail",IF(AG17<5,"")))))))))) -> Credit | AK17: 14 | AL17: =Data!B15 -> MUHAMMED KOLE MUHAMMED | AQ17: =SUM(AM17:AP17) -> 0 | AS17: =AQ17+AR17 -> 0 | AT17: =IF(AS17<10,"",RANK(AS17,AS$4:AS$57)) | AU17: =IF(AS17>=75,"A1",IF(AS17>=70,"B2",IF(AS17>=65,"B3",IF(AS17>=60,"C4",IF(AS17>=55,"C5",IF(AS17>=50,"C6",IF(AS17>=45,"D7",IF(AS17>=40,"E8",IF(AS17>=6,"F",IF(AS17<5,"")))))))))) | AV17: =IF(AS17>=75,"Excellent",IF(AS17>=70,"V.Good",IF(AS17>=65,"Good",IF(AS17>=60,"Credit",IF(AS17>=55,"Credit",IF(AS17>=50,"Credit",IF(AS17>=45,"Pass",IF(AS17>=40,"Pass",IF(AS17>=6,"Fail",IF(AS17<5,"")))))))))) | AW17: 14 | AX17: =Data!B15 -> MUHAMMED KOLE MUHAMMED | BC17: =SUM(AY17:BB17) -> 0 | BE17: =BC17+BD17 -> 0 | BF17: =IF(BE17<10,"",RANK(BE17,BE$4:BE$57)) | BG17: =IF(BE17>=75,"A1",IF(BE17>=70,"B2",IF(BE17>=65,"B3",IF(BE17>=60,"C4",IF(BE17>=55,"C5",IF(BE17>=50,"C6",IF(BE17>=45,"D7",IF(BE17>=40,"E8",IF(BE17>=6,"F",IF(BE17<5,"")))))))))) | BH17: =IF(BE17>=75,"Excellent",IF(BE17>=70,"V.Good",IF(BE17>=65,"Good",IF(BE17>=60,"Credit",IF(BE17>=55,"Credit",IF(BE17>=50,"Credit",IF(BE17>=45,"Pass",IF(BE17>=40,"Pass",IF(BE17>=6,"Fail",IF(BE17<5,"")))))))))) | BI17: 14 | BJ17: =Data!B15 -> MUHAMMED KOLE MUHAMMED | BK17: 9 | BL17: 2 | BM17: 1 | BN17: 4 | BO17: =SUM(BK17:BN17) -> 16 | BP17: 42 | BQ17: =BO17+BP17 -> 58 | BR17: =IF(BQ17<10,"",RANK(BQ17,BQ$4:BQ$57)) -> 13 | BS17: =IF(BQ17>=75,"A1",IF(BQ17>=70,"B2",IF(BQ17>=65,"B3",IF(BQ17>=60,"C4",IF(BQ17>=55,"C5",IF(BQ17>=50,"C6",IF(BQ17>=45,"D7",IF(BQ17>=40,"E8",IF(BQ17>=6,"F",IF(BQ17<5,"")))))))))) -> C5 | BT17: =IF(BQ17>=75,"Excellent",IF(BQ17>=70,"V.Good",IF(BQ17>=65,"Good",IF(BQ17>=60,"Credit",IF(BQ17>=55,"Credit",IF(BQ17>=50,"Credit",IF(BQ17>=45,"Pass",IF(BQ17>=40,"Pass",IF(BQ17>=6,"Fail",IF(BQ17<5,"")))))))))) -> Credit | BU17: 14 | BV17: =Data!B15 -> MUHAMMED KOLE MUHAMMED | BX17: 3 | BY17: 9 | BZ17: 8 | CA17: =SUM(BW17:BZ17) -> 20 | CB17: 21 | CC17: =CA17+CB17 -> 41 | CD17: =IF(CC17<10,"",RANK(CC17,CC$4:CC$57)) -> 35 | CE17: =IF(CC17>=75,"A1",IF(CC17>=70,"B2",IF(CC17>=65,"B3",IF(CC17>=60,"C4",IF(CC17>=55,"C5",IF(CC17>=50,"C6",IF(CC17>=45,"D7",IF(CC17>=40,"E8",IF(CC17>=6,"F",IF(CC17<5,"")))))))))) -> E8 | CF17: =IF(CC17>=75,"Excellent",IF(CC17>=70,"V.Good",IF(CC17>=65,"Good",IF(CC17>=60,"Credit",IF(CC17>=55,"Credit",IF(CC17>=50,"Credit",IF(CC17>=45,"Pass",IF(CC17>=40,"Pass",IF(CC17>=6,"Fail",IF(CC17<5,"")))))))))) -> Pass | CG17: 14 | CH17: =Data!B15 -> MUHAMMED KOLE MUHAMMED | CM17: =SUM(CI17:CL17) -> 0 | CO17: =CM17+CN17 -> 0 | CP17: =IF(CO17<10,"",RANK(CO17,CO$4:CO$57)) | CQ17: =IF(CO17>=75,"A1",IF(CO17>=70,"B2",IF(CO17>=65,"B3",IF(CO17>=60,"C4",IF(CO17>=55,"C5",IF(CO17>=50,"C6",IF(CO17>=45,"D7",IF(CO17>=40,"E8",IF(CO17>=6,"F",IF(CO17<5,"")))))))))) | CR17: =IF(CO17>=75,"Excellent",IF(CO17>=70,"V.Good",IF(CO17>=65,"Good",IF(CO17>=60,"Credit",IF(CO17>=55,"Credit",IF(CO17>=50,"Credit",IF(CO17>=45,"Pass",IF(CO17>=40,"Pass",IF(CO17>=6,"Fail",IF(CO17<5,"")))))))))) | CS17: 14 | CT17: =Data!B15 -> MUHAMMED KOLE MUHAMMED | CY17: =SUM(CU17:CX17) -> 0 | DA17: =CY17+CZ17 -> 0 | DB17: =IF(DA17<10,"",RANK(DA17,DA$4:DA$57)) | DC17: =IF(DA17>=75,"A1",IF(DA17>=70,"B2",IF(DA17>=65,"B3",IF(DA17>=60,"C4",IF(DA17>=55,"C5",IF(DA17>=50,"C6",IF(DA17>=45,"D7",IF(DA17>=40,"E8",IF(DA17>=6,"F",IF(DA17<5,"")))))))))) | DD17: =IF(DA17>=75,"Excellent",IF(DA17>=70,"V.Good",IF(DA17>=65,"Good",IF(DA17>=60,"Credit",IF(DA17>=55,"Credit",IF(DA17>=50,"Credit",IF(DA17>=45,"Pass",IF(DA17>=40,"Pass",IF(DA17>=6,"Fail",IF(DA17<5,"")))))))))) | DE17: 14 | DF17: =Data!B15 -> MUHAMMED KOLE MUHAMMED | DG17: 4 | DH17: 4 | DI17: 2 | DJ17: 5 | DK17: =SUM(DG17:DJ17) -> 15 | DL17: 31 | DM17: =DK17+DL17 -> 46 | DN17: =IF(DM17<10,"",RANK(DM17,DM$4:DM$57)) -> 2 | DO17: =IF(DM17>=75,"A1",IF(DM17>=70,"B2",IF(DM17>=65,"B3",IF(DM17>=60,"C4",IF(DM17>=55,"C5",IF(DM17>=50,"C6",IF(DM17>=45,"D7",IF(DM17>=40,"E8",IF(DM17>=6,"F",IF(DM17<5,"")))))))))) -> D7 | DP17: =IF(DM17>=75,"Excellent",IF(DM17>=70,"V.Good",IF(DM17>=65,"Good",IF(DM17>=60,"Credit",IF(DM17>=55,"Credit",IF(DM17>=50,"Credit",IF(DM17>=45,"Pass",IF(DM17>=40,"Pass",IF(DM17>=6,"Fail",IF(DM17<5,"")))))))))) -> Pass | DQ17: 14 | DR17: =Data!B15 -> MUHAMMED KOLE MUHAMMED | DW17: =SUM(DS17:DV17) -> 0 | DY17: =DW17+DX17 -> 0 | DZ17: =IF(DY17<10,"",RANK(DY17,DY$4:DY$57)) | EA17: =IF(DY17>=75,"A1",IF(DY17>=70,"B2",IF(DY17>=65,"B3",IF(DY17>=60,"C4",IF(DY17>=55,"C5",IF(DY17>=50,"C6",IF(DY17>=45,"D7",IF(DY17>=40,"E8",IF(DY17>=6,"F",IF(DY17<5,"")))))))))) | EB17: =IF(DY17>=75,"Excellent",IF(DY17>=70,"V.Good",IF(DY17>=65,"Good",IF(DY17>=60,"Credit",IF(DY17>=55,"Credit",IF(DY17>=50,"Credit",IF(DY17>=45,"Pass",IF(DY17>=40,"Pass",IF(DY17>=6,"Fail",IF(DY17<5,"")))))))))) | EC17: 14 | ED17: =Data!B15 -> MUHAMMED KOLE MUHAMMED | EI17: =SUM(EE17:EH17) -> 0 | EK17: =EI17+EJ17 -> 0 | EL17: =IF(EK17<10,"",RANK(EK17,EK$4:EK$57)) | EM17: =IF(EK17>=75,"A1",IF(EK17>=70,"B2",IF(EK17>=65,"B3",IF(EK17>=60,"C4",IF(EK17>=55,"C5",IF(EK17>=50,"C6",IF(EK17>=45,"D7",IF(EK17>=40,"E8",IF(EK17>=6,"F",IF(EK17<5,"")))))))))) | EN17: =IF(EK17>=75,"Excellent",IF(EK17>=70,"V.Good",IF(EK17>=65,"Good",IF(EK17>=60,"Credit",IF(EK17>=55,"Credit",IF(EK17>=50,"Credit",IF(EK17>=45,"Pass",IF(EK17>=40,"Pass",IF(EK17>=6,"Fail",IF(EK17<5,"")))))))))) | EO17: 14 | EP17: =Data!B15 -> MUHAMMED KOLE MUHAMMED | EU17: =SUM(EQ17:ET17) -> 0 | EW17: =EU17+EV17 -> 0 | EX17: =IF(EW17<10,"",RANK(EW17,EW$4:EW$57)) | EY17: =IF(EW17>=75,"A1",IF(EW17>=70,"B2",IF(EW17>=65,"B3",IF(EW17>=60,"C4",IF(EW17>=55,"C5",IF(EW17>=50,"C6",IF(EW17>=45,"D7",IF(EW17>=40,"E8",IF(EW17>=6,"F",IF(EW17<5,"")))))))))) | EZ17: =IF(EW17>=75,"Excellent",IF(EW17>=70,"V.Good",IF(EW17>=65,"Good",IF(EW17>=60,"Credit",IF(EW17>=55,"Credit",IF(EW17>=50,"Credit",IF(EW17>=45,"Pass",IF(EW17>=40,"Pass",IF(EW17>=6,"Fail",IF(EW17<5,"")))))))))) | FA17: 14 | FB17: =Data!B15 -> MUHAMMED KOLE MUHAMMED | FG17: =SUM(FC17:FF17) -> 0 | FI17: =FG17+FH17 -> 0 | FJ17: =IF(FI17<10,"",RANK(FI17,FI$4:FI$57)) | FK17: =IF(FI17>=75,"A",IF(FI17>=70,"B2",IF(FI17>=50,"C",IF(FI17>=45,"D",IF(FI17>=40,"E",IF(FI17>=6,"F",IF(FI17<5,""))))))) | FL17: =IF(FI17>=75,"Excellent",IF(FI17>=70,"V.Good",IF(FI17>=65,"Good",IF(FI17>=60,"Credit",IF(FI17>=55,"Credit",IF(FI17>=50,"Credit",IF(FI17>=45,"Pass",IF(FI17>=40,"Pass",IF(FI17>=6,"Fail",IF(FI17<5,"")))))))))) | FM17: 14 | FN17: =Data!B15 -> MUHAMMED KOLE MUHAMMED | FS17: =SUM(FO17:FR17) -> 0 | FU17: =FS17+FT17 -> 0 | FV17: =IF(FU17<10,"",RANK(FU17,FU$4:FU$57)) | FW17: =IF(FU17>=75,"A",IF(FU17>=70,"B2",IF(FU17>=50,"C",IF(FU17>=45,"D",IF(FU17>=40,"E",IF(FU17>=6,"F",IF(FU17<5,""))))))) | FX17: =IF(FU17>=75,"Excellent",IF(FU17>=70,"V.Good",IF(FU17>=65,"Good",IF(FU17>=60,"Credit",IF(FU17>=55,"Credit",IF(FU17>=50,"Credit",IF(FU17>=45,"Pass",IF(FU17>=40,"Pass",IF(FU17>=6,"Fail",IF(FU17<5,"")))))))))) | FY17: 14 | FZ17: =Data!B15 -> MUHAMMED KOLE MUHAMMED | GA17: 7 | GB17: 8 | GC17: 8 | GD17: 8 | GE17: =SUM(GA17:GD17) -> 31 | GF17: 28 | GG17: =GE17+GF17 -> 59 | GH17: =IF(GG17<10,"",RANK(GG17,GG$4:GG$57)) -> 14 | GI17: =IF(GG17>=75,"A",IF(GG17>=70,"B2",IF(GG17>=50,"C",IF(GG17>=45,"D",IF(GG17>=40,"E",IF(GG17>=6,"F",IF(GG17<5,""))))))) -> C | GJ17: =IF(GG17>=75,"Excellent",IF(GG17>=70,"V.Good",IF(GG17>=65,"Good",IF(GG17>=60,"Credit",IF(GG17>=55,"Credit",IF(GG17>=50,"Credit",IF(GG17>=45,"Pass",IF(GG17>=40,"Pass",IF(GG17>=6,"Fail",IF(GG17<5,"")))))))))) -> Credit | GK17: 14 | GL17: =Data!B15 -> MUHAMMED KOLE MUHAMMED | GQ17: =SUM(GM17:GP17) -> 0 | GS17: =GQ17+GR17 -> 0 | GT17: =IF(GS17<10,"",RANK(GS17,GS$4:GS$57)) | GU17: =IF(GS17>=75,"A",IF(GS17>=70,"B2",IF(GS17>=50,"C",IF(GS17>=45,"D",IF(GS17>=40,"E",IF(GS17>=6,"F",IF(GS17<5,""))))))) | GV17: =IF(GS17>=75,"Excellent",IF(GS17>=70,"V.Good",IF(GS17>=65,"Good",IF(GS17>=60,"Credit",IF(GS17>=55,"Credit",IF(GS17>=50,"Credit",IF(GS17>=45,"Pass",IF(GS17>=40,"Pass",IF(GS17>=6,"Fail",IF(GS17<5,"")))))))))) | GW17: 14 | GX17: =Data!B15 -> MUHAMMED KOLE MUHAMMED | HC17: =SUM(GY17:HB17) -> 0 | HE17: =HC17+HD17 -> 0 | HF17: =IF(HE17<10,"",RANK(HE17,HE$4:HE$57)) | HG17: =IF(HE17>=75,"A",IF(HE17>=70,"B2",IF(HE17>=50,"C",IF(HE17>=45,"D",IF(HE17>=40,"E",IF(HE17>=6,"F",IF(HE17<5,""))))))) | HH17: =IF(HE17>=75,"Excellent",IF(HE17>=70,"V.Good",IF(HE17>=65,"Good",IF(HE17>=60,"Credit",IF(HE17>=55,"Credit",IF(HE17>=50,"Credit",IF(HE17>=45,"Pass",IF(HE17>=40,"Pass",IF(HE17>=6,"Fail",IF(HE17<5,"")))))))))) | HI17: 14 | HJ17: =Data!B15 -> MUHAMMED KOLE MUHAMMED | HO17: =SUM(HK17:HN17) -> 0 | HQ17: =HO17+HP17 -> 0 | HR17: =IF(HQ17<10,"",RANK(HQ17,HQ$4:HQ$57)) | HS17: =IF(HQ17>=75,"A",IF(HQ17>=70,"B2",IF(HQ17>=50,"C",IF(HQ17>=45,"D",IF(HQ17>=40,"E",IF(HQ17>=6,"F",IF(HQ17<5,""))))))) | HT17: =IF(HQ17>=75,"Excellent",IF(HQ17>=70,"V.Good",IF(HQ17>=65,"Good",IF(HQ17>=60,"Credit",IF(HQ17>=55,"Credit",IF(HQ17>=50,"Credit",IF(HQ17>=45,"Pass",IF(HQ17>=40,"Pass",IF(HQ17>=6,"Fail",IF(HQ17<5,"")))))))))) | HU17: 14 | HV17: =Data!B15 -> MUHAMMED KOLE MUHAMMED | IA17: =SUM(HW17:HZ17) -> 0 | IC17: =IA17+IB17 -> 0 | ID17: =IF(IC17<10,"",RANK(IC17,IC$4:IC$57)) | IE17: =IF(IC17>=75,"A",IF(IC17>=70,"B2",IF(IC17>=50,"C",IF(IC17>=45,"D",IF(IC17>=40,"E",IF(IC17>=6,"F",IF(IC17<5,""))))))) | IF17: =IF(IC17>=75,"Excellent",IF(IC17>=70,"V.Good",IF(IC17>=65,"Good",IF(IC17>=60,"Credit",IF(IC17>=55,"Credit",IF(IC17>=50,"Credit",IF(IC17>=45,"Pass",IF(IC17>=40,"Pass",IF(IC17>=6,"Fail",IF(IC17<5,"")))))))))) | IG17: 14 | IH17: =Data!B15 -> MUHAMMED KOLE MUHAMMED | IM17: =SUM(II17:IL17) -> 0 | IO17: =IM17+IN17 -> 0 | IP17: =IF(IO17<10,"",RANK(IO17,IO$4:IO$57)) | IQ17: =IF(IO17>=75,"A",IF(IO17>=70,"B2",IF(IO17>=50,"C",IF(IO17>=45,"D",IF(IO17>=40,"E",IF(IO17>=6,"F",IF(IO17<5,""))))))) | IR17: =IF(IO17>=75,"Excellent",IF(IO17>=70,"V.Good",IF(IO17>=65,"Good",IF(IO17>=60,"Credit",IF(IO17>=55,"Credit",IF(IO17>=50,"Credit",IF(IO17>=45,"Pass",IF(IO17>=40,"Pass",IF(IO17>=6,"Fail",IF(IO17<5,"")))))))))) | IS17: 14 | IT17: =IH17 -> MUHAMMED KOLE MUHAMMED | IU17: 9 | IV17: 2 | IW17: 1 | IX17: 4 | IY17: =SUM(IU17:IX17) -> 16 | IZ17: 42 | JA17: =IY17+IZ17 -> 58 | JB17: =IF(JA17<10,"",RANK(JA17,JA$4:JA$57)) -> 13 | JC17: =IF(JA17>=75,"A",IF(JA17>=70,"B2",IF(JA17>=50,"C",IF(JA17>=45,"D",IF(JA17>=40,"E",IF(JA17>=6,"F",IF(JA17<5,""))))))) -> C | JD17: =IF(JA17>=75,"Excellent",IF(JA17>=70,"V.Good",IF(JA17>=65,"Good",IF(JA17>=60,"Credit",IF(JA17>=55,"Credit",IF(JA17>=50,"Credit",IF(JA17>=45,"Pass",IF(JA17>=40,"Pass",IF(JA17>=6,"Fail",IF(JA17<5,"")))))))))) -> Credit | JE17: 14 | JF17: =IT17 -> MUHAMMED KOLE MUHAMMED | JK17: =SUM(JG17:JJ17) -> 0 | JM17: =JK17+JL17 -> 0 | JN17: =IF(JM17<10,"",RANK(JM17,JM$4:JM$57)) | JO17: =IF(JM17>=75,"A",IF(JM17>=70,"B2",IF(JM17>=50,"C",IF(JM17>=45,"D",IF(JM17>=40,"E",IF(JM17>=6,"F",IF(JM17<5,""))))))) | JP17: =IF(JM17>=75,"Excellent",IF(JM17>=70,"V.Good",IF(JM17>=65,"Good",IF(JM17>=60,"Credit",IF(JM17>=55,"Credit",IF(JM17>=50,"Credit",IF(JM17>=45,"Pass",IF(JM17>=40,"Pass",IF(JM17>=6,"Fail",IF(JM17<5,"")))))))))) | JQ17: 14 | JR17: =JF17 -> MUHAMMED KOLE MUHAMMED | JW17: =SUM(JS17:JV17) -> 0 | JY17: =JW17+JX17 -> 0 | JZ17: =IF(JY17<10,"",RANK(JY17,JY$4:JY$57)) | KA17: =IF(JY17>=75,"A",IF(JY17>=70,"B2",IF(JY17>=50,"C",IF(JY17>=45,"D",IF(JY17>=40,"E",IF(JY17>=6,"F",IF(JY17<5,""))))))) | KB17: =IF(JY17>=75,"Excellent",IF(JY17>=70,"V.Good",IF(JY17>=65,"Good",IF(JY17>=60,"Credit",IF(JY17>=55,"Credit",IF(JY17>=50,"Credit",IF(JY17>=45,"Pass",IF(JY17>=40,"Pass",IF(JY17>=6,"Fail",IF(JY17<5,""))))))))))
