Workbook

Sheet Data
A1: Admission_No | B1: Name | C1: Class | D1: State of Origin | E1: Age | F1: LGA | G1: Term | H1: Next Term Begins | I1: Password | J1: Email
A2: 1 | B2: ABBA FIRA ALINGADTHER | C2: SS 2C | D2: Borno | E2: 14 | F2: Jere | G2: 1st | H2: 16th January, 2026 | I2: 1234 | J2: auadams020@gmail.com
A3: 2 | B3: AMINU MUHAMMED AL MUSTAPHA | C3: SS 2C | D3: Borno | E3: 15 | F3: MMC | G3: 1st | H3: 16th January, 2026 | I3: 1234
A4: 3 | B4: AMOS ANJILI STANLEY | C4: SS 2C | D4: Borno | E4: 16 | F4: Gwoza | G4: 1st | H4: 16th January, 2026 | I4: 1234
A5: 4 | B5: BABAKURA ABUBAKAR YUSUF | C5: SS 2C | D5: Borno | E5: 12 | F5: Gwoza | G5: 1st | H5: 16th January, 2026 | I5: 1234
A6: 5 | B6: BUKAR MOHAMMED KADI | C6: SS 2C | D6: Borno | E6: 13 | F6: Gwoza | G6: 1st | H6: 16th January, 2026 | I6: 1234
A7: 6 | B7: BUKAR MUSTAPHA AJI | C7: SS 2C | D7: Borno | E7: 14 | F7: MMC | G7: 1st | H7: 16th January, 2026 | I7: 1234
A8: 7 | B8: GADZAMA IJUDIGAL JOHN | C8: SS 2C | D8: Borno | E8: 15 | F8: Konduga | G8: 1st | H8: 16th January, 2026 | I8: 1234
A9: 8 | B9: IBRAHIM EMMANUEL | C9: SS 2C | D9: Borno | E9: 14 | F9: Chibok | G9: 1st | H9: 16th January, 2026 | I9: 1234
A10: 9 | B10: ISHAKU JOSHUA KWARI | C10: SS 2C | D10: Borno | E10: 14 | F10: Damboa | G10: 1st | H10: 16th January, 2026 | I10: 1234
A11: 10 | B11: PETER SIMON WANDIYAHEL | C11: SS 2C | D11: Adamawa | E11: 15 | F11: Jimeta | G11: 1st | H11: 16th January, 2026 | I11: 1234
A12: 11 | B12: SAMUEL JOHN ABBAS | C12: SS 2C | D12: Yobe | E12: 15 | F12: Fika | G12: 1st | H12: 16th January, 2026 | I12: 1234
A13: 12 | B13: SHETTIMA AHMED MOHAMMED | C13: SS 2C | D13: Adamawa | E13: 15 | F13: Ganye | G13: 1st | H13: 16th January, 2026 | I13: 1234
A14: 13 | B14: SHUIABU FARUK UMAR | C14: SS 2C | D14: Borno | E14: 15 | F14: Mafa | G14: 1st | H14: 16th January, 2026 | I14: 1234
... A22: 21 | B22: ABEDNEGO JOSEPH JANICE | C22: SS 2C | D22: Yobe | E22: 15 | F22: Gulani | G22: 1st | H22: 16th January, 2026 | I22: 1234
A23: 22 | B23: ABUBAKAR FATIMA | C23: SS 2C | G23: 1st | H23: 16th January, 2026 | I23: 1234
A24: 23 | B24: ADAMU KAHDIJA ALIYU | C24: SS 2C | D24: Borno | E24: 14 | F24: Gwoza | G24: 1st | H24: 16th January, 2026 | I24: 1234
A25: 24 | B25: AHMED KHADIJA SHETTIMA | C25: SS 2C | D25: Borno | E25: 15 | F25: Hawul | G25: 1st | H25: 16th January, 2026 | I25: 1234
A26: 25 | B26: BABAGONI FATIMA SHETTIMA | C26: SS 2C | D26: Borno | E26: 15 | F26: Biu | G26: 1st | H26: 16th January, 2026 | I26: 1234
A27: 26 | B27: BASHIR FATIMA | C27: SS 2C | D27: Borno | E27: 14 | F27: Hawul | G27: 1st | H27: 16th January, 2026 | I27: 1234
A28: 27 | B28: BELLO AMINA ABDULLAHI | C28: SS 2C | D28: Borno | E28: 13 | F28: Bama | G28: 1st | H28: 16th January, 2026 | I28: 1234
A29: 28 | B29: BUKAR MARYARM UMAR | C29: SS 2C | D29: Borno | E29: 15 | F29: Dikwa | G29: 1st | H29: 16th January, 2026 | I29: 1234
A30: 29 | B30: DALA FATIMA AHMED | C30: SS 2C | D30: Borno | E30: 15 | F30: Gwoza | G30: 1st | H30: 16th January, 2026 | I30: 1234
A31: 30 | B31: DAUDA MARYAM UMMI | C31: SS 2C | D31: Borno | E31: 13 | F31: Jere | G31: 1st | H31: 16th January, 2026 | I31: 1234
A32: 31 | B32: DULOMI ZAINAB | C32: SS 2C | D32: Borno | E32: 14 | F32: Hong | G32: 1st | H32: 16th January, 2026 | I32: 1234
A33: 32 | B33: GADAU FATIMA ALI | C33: SS 2C | D33: Borno | E33: 14 | F33: Askira Uba | G33: 1st | H33: 16th January, 2026 | I33: 1234
A34: 33 | B34: HUSSANI HADIZA MUSA | C34: SS 2C | D34: Borno | E34: 14 | F34: Dikwa | G34: 1st | H34: 16th January, 2026 | I34: 1234
A35: 34 | B35: HUSSANI ZAINAB A | C35: SS 2C | D35: Borno | E35: 15 | F35: Bama | G35: 1st | H35: 16th January, 2026 | I35: 1234
... A52: 51 | B52: Deborah Adeola Showole | C52: SS 2C | D52: Lagos | E52: 14 | F52: Island | G52: 1st | H52: 16th January, 2026 | I52: 1234
A53: 52 | B53: Shuabu Ayuba | C53: SS 2C | G53: 1st | H53: 16th January, 2026 | I53: 1234
A54: 53 | B54: Mohammed yakubu Abbagana | C54: SS 2C | G54: 1st | H54: 16th January, 2026 | I54: 1234
A55: 54 | C55: SS 2C | G55: 1st
A56: 55

Sheet Comments
A1: Admission_No | B1: Comments | C1: Position of authourity
A2: 1 | B2: Calm and obedient | C2: Nil
A3: 2 | B3: Calm and obedient | C3: Nil
A4: 3 | B4: Calm and obedient | C4: Nil
A5: 4 | B5: Calm and obedient | C5: Nil
A6: 5 | B6: Calm and obedient | C6: Nil
A7: 6 | B7: Calm and obedient | C7: Nil
A8: 7 | B8: Calm and obedient | C8: Nil
A9: 8 | B9: Calm and obedient | C9: Nil
A10: 9 | B10: Calm and obedient | C10: Nil
A11: 10 | B11: Calm and obedient | C11: Nil
A12: 11 | B12: Calm and obedient | C12: Nil
A13: 12 | B13: Calm and obedient | C13: Nil
... A54: 53 | B54: Calm and obedient | C54: Nil
A55: 54
A56: 55

Sheet Behaviour
A1: Admission_No | B1: Puntuality | C1: Attendance in class | D1: Neatness | E1: Politeness | F1: Honesty | G1: Attentiveness | H1: Obedience | I1: Self Control
A2: 1 | B2: 4 | C2: 5 | D2: 4 | E2: 4 | F2: 4 | G2: 4 | H2: 4 | I2: 4
A3: 2 | B3: 4 | C3: 4 | D3: 4 | E3: 4 | F3: 3 | G3: 4 | H3: 4 | I3: 4
A4: 3 | B4: 3 | C4: 3 | D4: 4 | E4: 4 | F4: 4 | G4: 4 | H4: 4 | I4: 4
A5: 4 | B5: 4 | C5: 5 | D5: 4 | E5: 4 | F5: 4 | G5: 4 | H5: 4 | I5: 5
A6: 5 | B6: 4 | C6: 5 | D6: 4 | E6: 4 | F6: 4 | G6: 4 | H6: 4 | I6: 4
A7: 6 | B7: 4 | C7: 5 | D7: 3 | E7: 4 | F7: 4 | G7: 4 | H7: 4 | I7: 3
A8: 7 | B8: 3 | C8: 3 | D8: 4 | E8: 4 | F8: 4 | G8: 4 | H8: 4 | I8: 4
A9: 8 | B9: 3 | C9: 3 | D9: 4 | E9: 4 | F9: 4 | G9: 4 | H9: 4 | I9: 4
A10: 9 | B10: 4 | C10: 3 | D10: 4 | E10: 4 | F10: 4 | G10: 4 | H10: 4 | I10: 4
A11: 10 | B11: 4 | C11: 5 | D11: 3 | E11: 3 | F11: 2 | G11: 4 | H11: 2 | I11: 4
A12: 11 | B12: 4 | C12: 4 | D12: 4 | E12: 4 | F12: 3 | G12: 4 | H12: 4 | I12: 4
A13: 12 | B13: 4 | C13: 4 | D13: 4 | E13: 4 | F13: 4 | G13: 4 | H13: 3 | I13: 4
... A55: 54 | B55: 4 | C55: 5 | D55: 3 | E55: 3 | F55: 2 | G55: 4 | H55: 2 | I55: 4
A56: 55

Sheet Skills
A1: Admission_No | B1: Handwriting | C1: Musical Skill | D1: Craft | E1: Games | F1: Fluency
A2: 1 | B2: 4 | C2: 4 | D2: 4 | E2: 4 | F2: 4
A3: 2 | B3: 3 | C3: 3 | D3: 3 | E3: 4 | F3: 4
A4: 3 | B4: 3 | C4: 4 | D4: 3 | E4: 4 | F4: 4
A5: 4 | B5: 4 | C5: 3 | D5: 4 | E5: 3 | F5: 3
A6: 5 | B6: 3 | C6: 3 | D6: 3 | E6: 3 | F6: 3
A7: 6 | B7: 3 | C7: 4 | D7: 4 | E7: 4 | F7: 4
A8: 7 | B8: 4 | C8: 3 | D8: 3 | E8: 3 | F8: 4
A9: 8 | B9: 4 | C9: 3 | D9: 4 | E9: 4 | F9: 3
A10: 9 | B10: 3 | C10: 3 | D10: 3 | E10: 5 | F10: 3
A11: 10 | B11: 4 | C11: 4 | D11: 3 | E11: 3 | F11: 3
A12: 11 | B12: 3 | C12: 3 | D12: 3 | E12: 4 | F12: 3
A13: 12 | B13: 4 | C13: 4 | D13: 4 | E13: 5 | F13: 4
... A55: 54 | B55: 4 | C55: 3 | D55: 3 | E55: 5 | F55: 3
A56: 55

Sheet Scoresheet
C1: English Language | O1: Literature in English | AA1: MATHEMATICS | AM1: Physics | AY1: CHEMISTRY | BK1: BIOLOGY | BW1: ECONOMICS | CI1: HISTORY | CU1: CRK | DG1: AGRIC SCIENCE | DS1: GEOGRAPHY | EE1: COMMERCE | EQ1: FINE ART | FC1: ACCOUINTING | FO1: TECHNICAL DRAWING | GA1: GOVERNMENT | GM1: FURTHER MATHS | GY1: HAUSA | HK1: FOOD & NUTRITION | HW1: COMPUTER SCIENCE | II1: FRENCH | IU1: CIVIC EDUCATION | JG1: DATA PROCESSING | JS1: I.R.K.
B2: Admission_No | C2: Names | D2: 1st C. A. | E2: 2st C. A. | F2: 3st C. A. | G2: 4st C. A. | H2: Total C. A. | I2: Exam | J2: Total | K2: Position | L2: Grade | M2: Teacher's Comment | O2: Names | P2: 1st C. A. | Q2: 2st C. A. | R2: 3st C. A. | S2: 4st C. A. | T2: Total C. A. | U2: Exam | V2: Total | W2: Position | X2: Grade | Y2: Teacher's Comment | AA2: Names | AB2: 1st C. A. | AC2: 2st C. A. | AD2: 3st C. A. | AE2: 4st C. A. | AF2: Total C. A. | AG2: Exam | AH2: Total | AI2: Position | AJ2: Grade | AK2: Teacher's Comment | AM2: Names | AN2: 1st C. A. | AO2: 2st C. A. | AP2: 3st C. A. | AQ2: 4st C. A. | AR2: Total C. A. | AS2: Exam | AT2: Total | AU2: Position | AV2: Grade | AW2: Teacher's Comment | AY2: Names | AZ2: 1st C. A. | BA2: 2st C. A. | BB2: 3st C. A. | BC2: 4st C. A. | BD2: Total C. A. | BE2: Exam | BF2: Total | BG2: Position | BH2: Grade | BI2: Teacher's Comment | BK2: Names | BL2: 1st C. A. | BM2: 2st C. A. | BN2: 3st C. A. | BO2: 4st C. A. | BP2: Total C. A. | BQ2: Exam | BR2: Total | BS2: Position | BT2: Grade | BU2: Teacher's Comment | BW2: Names | BX2: 1st C. A. | BY2: 2st C. A. | BZ2: 3st C. A. | CA2: 4st C. A. | CB2: Total C. A. | CC2: Exam | CD2: Total | CE2: Position | CF2: Grade | CG2: Teacher's Comment | CI2: Names | CJ2: 1st C. A. | CK2: 2st C. A. | CL2: 3st C. A. | CM2: 4st C. A. | CN2: Total C. A. | CO2: Exam | CP2: Total | CQ2: Position | CR2: Grade | CS2: Teacher's Comment | CU2: Names | CV2: 1st C. A. | CW2: 2st C. A. | CX2: 3st C. A. | CY2: 4st C. A. | CZ2: Total C. A. | DA2: Exam | DB2: Total | DC2: Position | DD2: Grade | DE2: Teacher's Comment | DG2: Names | DH2: 1st C. A. | DI2: 2st C. A. | DJ2: 3st C. A. | DK2: 4st C. A. | DL2: Total C. A. | DM2: Exam | DN2: Total | DO2: Position | DP2: Grade | DQ2: Teacher's Comment | DS2: Names | DT2: 1st C. A. | DU2: 2st C. A. | DV2: 3st C. A. | DW2: 4st C. A. | DX2: Total C. A. | DY2: Exam | DZ2: Total | EA2: Position | EB2: Grade | EC2: Teacher's Comment | EE2: Names | EF2: 1st C. A. | EG2: 2st C. A. | EH2: 3st C. A. | EI2: 4st C. A. | EJ2: Total C. A. | EK2: Exam | EL2: Total | EM2: Position | EN2: Grade | EO2: Teacher's Comment | EQ2: Names | ER2: 1st C. A. | ES2: 2st C. A. | ET2: 3st C. A. | EU2: 4st C. A. | EV2: Total C. A. | EW2: Exam | EX2: Total | EY2: Position | EZ2: Grade | FA2: Teacher's Comment | FC2: Names | FD2: 1st C. A. | FE2: 2st C. A. | FF2: 3st C. A. | FG2: 4st C. A. | FH2: Total C. A. | FI2: Exam | FJ2: Total | FK2: Position | FL2: Grade | FM2: Teacher's Comment | FO2: Names | FP2: 1st C. A. | FQ2: 2st C. A. | FR2: 3st C. A. | FS2: 4st C. A. | FT2: Total C. A. | FU2: Exam | FV2: Total | FW2: Position | FX2: Grade | FY2: Teacher's Comment | GA2: Names | GB2: 1st C. A. | GC2: 2st C. A. | GD2: 3st C. A. | GE2: 4st C. A. | GF2: Total C. A. | GG2: Exam | GH2: Total | GI2: Position | GJ2: Grade | GK2: Teacher's Comment | GM2: Names | GN2: 1st C. A. | GO2: 2st C. A. | GP2: 3st C. A. | GQ2: 4st C. A. | GR2: Total C. A. | GS2: Exam | GT2: Total | GU2: Position | GV2: Grade | GW2: Teacher's Comment | GY2: Names | GZ2: 1st C. A. | HA2: 2st C. A. | HB2: 3st C. A. | HC2: 4st C. A. | HD2: Total C. A. | HE2: Exam | HF2: Total | HG2: Position | HH2: Grade | HI2: Teacher's Comment | HK2: Names | HL2: 1st C. A. | HM2: 2st C. A. | HN2: 3st C. A. | HO2: 4st C. A. | HP2: Total C. A. | HQ2: Exam | HR2: Total | HS2: Position | HT2: Grade | HU2: Teacher's Comment | HW2: Names | HX2: 1st C. A. | HY2: 2st C. A. | HZ2: 3st C. A. | IA2: 4st C. A. | IB2: Total C. A. | IC2: Exam | ID2: Total | IE2: Position | IF2: Grade | IG2: Teacher's Comment | II2: Names | IJ2: 1st C. A. | IK2: 2st C. A. | IL2: 3st C. A. | IM2: 4st C. A. | IN2: Total C. A. | IO2: Exam | IP2: Total | IQ2: Position | IR2: Grade | IS2: Teacher's Comment | IU2: Names | IV2: 1st C. A. | IW2: 2st C. A. | IX2: 3st C. A. | IY2: 4st C. A. | IZ2: Total C. A. | JA2: Exam | JB2: Total | JC2: Position | JD2: Grade | JE2: Teacher's Comment | JG2: Names | JH2: 1st C. A. | JI2: 2st C. A. | JJ2: 3st C. A. | JK2: 4st C. A. | JL2: Total C. A. | JM2: Exam | JN2: Total | JO2: Position | JP2: Grade | JQ2: Teacher's Comment | JS2: Names | JT2: 1st C. A. | JU2: 2st C. A. | JV2: 3st C. A. | JW2: 4st C. A. | JX2: Total C. A. | JY2: Exam | JZ2: Total | KA2: Position | KB2: Grade | KC2: Teacher's Comment
A3: 1 | B3: 1 | C3: =Data!B2 -> ABBA FIRA ALINGADTHER | D3: 7 | E3: 8 | F3: 8 | G3: 8 | H3: =SUM(D3:G3) -> 31 | I3: 27 | J3: =H3+I3 -> 58 | K3: =IF(J3<10,"",RANK(J3,J$3:J$52)) -> 21 | L3: =IF(J3>=75,"A1",IF(J3>=70,"B2",IF(J3>=65,"B3",IF(J3>=60,"C4",IF(J3>=55,"C5",IF(J3>=50,"C6",IF(J3>=45,"D7",IF(J3>=40,"E8",IF(J3>=6,"F",IF(J3<5,"")))))))))) -> C5 | M3: =IF(J3>=75,"Excellent",IF(J3>=70,"V.Good",IF(J3>=65,"Good",IF(J3>=60,"Credit",IF(J3>=55,"Credit",IF(J3>=50,"Credit",IF(J3>=45,"Pass",IF(J3>=40,"Pass",IF(J3>=6,"Fail",IF(J3<5,"")))))))))) -> Credit | N3: 1 | O3: =Data!B2 -> ABBA FIRA ALINGADTHER | T3: =SUM(P3:S3) -> 0 | V3: =T3+U3 -> 0 | W3: =IF(V3<10,"",RANK(V3,V$3:V$52)) | X3: =IF(V3>=75,"A1",IF(V3>=70,"B2",IF(V3>=65,"B3",IF(V3>=60,"C4",IF(V3>=55,"C5",IF(V3>=50,"C6",IF(V3>=45,"D7",IF(V3>=40,"E8",IF(V3>=6,"F",IF(V3<5,"")))))))))) | Y3: =IF(V3>=75,"Excellent",IF(V3>=70,"V.Good",IF(V3>=65,"Good",IF(V3>=60,"Credit",IF(V3>=55,"Credit",IF(V3>=50,"Credit",IF(V3>=45,"Pass",IF(V3>=40,"Pass",IF(V3>=6,"Fail",IF(V3<5,"")))))))))) | Z3: 1 | AA3: =Data!B2 -> ABBA FIRA ALINGADTHER | AB3: 7 | AC3: 8 | AD3: 8 | AE3: 8 | AF3: =SUM(AB3:AE3) -> 31 | AG3: 27 | AH3: =AF3+AG3 -> 58 | AI3: =IF(AH3<10,"",RANK(AH3,AH$3:AH$52)) -> 21 | AJ3: =IF(AH3>=75,"A1",IF(AH3>=70,"B2",IF(AH3>=65,"B3",IF(AH3>=60,"C4",IF(AH3>=55,"C5",IF(AH3>=50,"C6",IF(AH3>=45,"D7",IF(AH3>=40,"E8",IF(AH3>=6,"F",IF(AH3<5,"")))))))))) -> C5 | AK3: =IF(AH3>=75,"Excellent",IF(AH3>=70,"V.Good",IF(AH3>=65,"Good",IF(AH3>=60,"Credit",IF(AH3>=55,"Credit",IF(AH3>=50,"Credit",IF(AH3>=45,"Pass",IF(AH3>=40,"Pass",IF(AH3>=6,"Fail",IF(AH3<5,"")))))))))) -> Credit | AL3: 1 | AM3: =Data!B2 -> ABBA FIRA ALINGADTHER | AN3: 7 | AO3: 8 | AP3: 8 | AQ3: 8 | AR3: =SUM(AN3:AQ3) -> 31 | AS3: 27 | AT3: =AR3+AS3 -> 58 | AU3: =IF(AT3<10,"",RANK(AT3,AT$3:AT$52)) -> 21 | AV3: =IF(AT3>=75,"A1",IF(AT3>=70,"B2",IF(AT3>=65,"B3",IF(AT3>=60,"C4",IF(AT3>=55,"C5",IF(AT3>=50,"C6",IF(AT3>=45,"D7",IF(AT3>=40,"E8",IF(AT3>=6,"F",IF(AT3<5,"")))))))))) -> C5 | AW3: =IF(AT3>=75,"Excellent",IF(AT3>=70,"V.Good",IF(AT3>=65,"Good",IF(AT3>=60,"Credit",IF(AT3>=55,"Credit",IF(AT3>=50,"Credit",IF(AT3>=45,"Pass",IF(AT3>=40,"Pass",IF(AT3>=6,"Fail",IF(AT3<5,"")))))))))) -> Credit | AX3: 1 | AY3: =Data!B2 -> ABBA FIRA ALINGADTHER | AZ3: 7 | BA3: 8 | BB3: 8 | BC3: 8 | BD3: =SUM(AZ3:BC3) -> 31 | BE3: 27 | BF3: =BD3+BE3 -> 58 | BG3: =IF(BF3<10,"",RANK(BF3,BF$3:BF$52)) -> 21 | BH3: =IF(BF3>=75,"A1",IF(BF3>=70,"B2",IF(BF3>=65,"B3",IF(BF3>=60,"C4",IF(BF3>=55,"C5",IF(BF3>=50,"C6",IF(BF3>=45,"D7",IF(BF3>=40,"E8",IF(BF3>=6,"F",IF(BF3<5,"")))))))))) -> C5 | BI3: =IF(BF3>=75,"Excellent",IF(BF3>=70,"V.Good",IF(BF3>=65,"Good",IF(BF3>=60,"Credit",IF(BF3>=55,"Credit",IF(BF3>=50,"Credit",IF(BF3>=45,"Pass",IF(BF3>=40,"Pass",IF(BF3>=6,"Fail",IF(BF3<5,"")))))))))) -> Credit | BJ3: 1 | BK3: =Data!B2 -> ABBA FIRA ALINGADTHER | BL3: 7 | BM3: 8 | BN3: 8 | BO3: 8 | BP3: =SUM(BL3:BO3) -> 31 | BQ3: 27 | BR3: =BP3+BQ3 -> 58 | BS3: =IF(BR3<10,"",RANK(BR3,BR$3:BR$52)) -> 21 | BT3: =IF(BR3>=75,"A1",IF(BR3>=70,"B2",IF(BR3>=65,"B3",IF(BR3>=60,"C4",IF(BR3>=55,"C5",IF(BR3>=50,"C6",IF(BR3>=45,"D7",IF(BR3>=40,"E8",IF(BR3>=6,"F",IF(BR3<5,"")))))))))) -> C5 | BU3: =IF(BR3>=75,"Excellent",IF(BR3>=70,"V.Good",IF(BR3>=65,"Good",IF(BR3>=60,"Credit",IF(BR3>=55,"Credit",IF(BR3>=50,"Credit",IF(BR3>=45,"Pass",IF(BR3>=40,"Pass",IF(BR3>=6,"Fail",IF(BR3<5,"")))))))))) -> Credit | BV3: 1 | BW3: =Data!B2 -> ABBA FIRA ALINGADTHER | BX3: 7 | BY3: 8 | BZ3: 8 | CA3: 8 | CB3: =SUM(BX3:CA3) -> 31 | CC3: 27 | CD3: =CB3+CC3 -> 58 | CE3: =IF(CD3<10,"",RANK(CD3,CD$3:CD$52)) -> 21 | CF3: =IF(CD3>=75,"A1",IF(CD3>=70,"B2",IF(CD3>=65,"B3",IF(CD3>=60,"C4",IF(CD3>=55,"C5",IF(CD3>=50,"C6",IF(CD3>=45,"D7",IF(CD3>=40,"E8",IF(CD3>=6,"F",IF(CD3<5,"")))))))))) -> C5 | CG3: =IF(CD3>=75,"Excellent",IF(CD3>=70,"V.Good",IF(CD3>=65,"Good",IF(CD3>=60,"Credit",IF(CD3>=55,"Credit",IF(CD3>=50,"Credit",IF(CD3>=45,"Pass",IF(CD3>=40,"Pass",IF(CD3>=6,"Fail",IF(CD3<5,"")))))))))) -> Credit | CH3: 1 | CI3: =Data!B2 -> ABBA FIRA ALINGADTHER | CN3: =SUM(CJ3:CM3) -> 0 | CP3: =CN3+CO3 -> 0 | CQ3: =IF(CP3<10,"",RANK(CP3,CP$3:CP$52)) | CR3: =IF(CP3>=75,"A1",IF(CP3>=70,"B2",IF(CP3>=65,"B3",IF(CP3>=60,"C4",IF(CP3>=55,"C5",IF(CP3>=50,"C6",IF(CP3>=45,"D7",IF(CP3>=40,"E8",IF(CP3>=6,"F",IF(CP3<5,"")))))))))) | CS3: =IF(CP3>=75,"Excellent",IF(CP3>=70,"V.Good",IF(CP3>=65,"Good",IF(CP3>=60,"Credit",IF(CP3>=55,"Credit",IF(CP3>=50,"Credit",IF(CP3>=45,"Pass",IF(CP3>=40,"Pass",IF(CP3>=6,"Fail",IF(CP3<5,"")))))))))) | CT3: 1 | CU3: =Data!B2 -> ABBA FIRA ALINGADTHER | CZ3: =SUM(CV3:CY3) -> 0 | DB3: =CZ3+DA3 -> 0 | DC3: =IF(DB3<10,"",RANK(DB3,DB$3:DB$52)) | DD3: =IF(DB3>=75,"A1",IF(DB3>=70,"B2",IF(DB3>=65,"B3",IF(DB3>=60,"C4",IF(DB3>=55,"C5",IF(DB3>=50,"C6",IF(DB3>=45,"D7",IF(DB3>=40,"E8",IF(DB3>=6,"F",IF(DB3<5,"")))))))))) | DE3: =IF(DB3>=75,"Excellent",IF(DB3>=70,"V.Good",IF(DB3>=65,"Good",IF(DB3>=60,"Credit",IF(DB3>=55,"Credit",IF(DB3>=50,"Credit",IF(DB3>=45,"Pass",IF(DB3>=40,"Pass",IF(DB3>=6,"Fail",IF(DB3<5,"")))))))))) | DF3: 1 | DG3: =Data!B2 -> ABBA FIRA ALINGADTHER | DH3: 7 | DI3: 3 | DJ3: 2 | DK3: 5 | DL3: =SUM(DH3:DK3) -> 17 | DM3: 19 | DN3: =DL3+DM3 -> 36 | DO3: =IF(DN3<10,"",RANK(DN3,DN$3:DN$52)) -> 6 | DP3: =IF(DN3>=75,"A1",IF(DN3>=70,"B2",IF(DN3>=65,"B3",IF(DN3>=60,"C4",IF(DN3>=55,"C5",IF(DN3>=50,"C6",IF(DN3>=45,"D7",IF(DN3>=40,"E8",IF(DN3>=6,"F",IF(DN3<5,"")))))))))) -> F | DQ3: =IF(DN3>=75,"Excellent",IF(DN3>=70,"V.Good",IF(DN3>=65,"Good",IF(DN3>=60,"Credit",IF(DN3>=55,"Credit",IF(DN3>=50,"Credit",IF(DN3>=45,"Pass",IF(DN3>=40,"Pass",IF(DN3>=6,"Fail",IF(DN3<5,"")))))))))) -> Fail | DR3: 1 | DS3: =Data!B2 -> ABBA FIRA ALINGADTHER | DX3: =SUM(DT3:DW3) -> 0 | DZ3: =DX3+DY3 -> 0 | EA3: =IF(DZ3<10,"",RANK(DZ3,DZ$3:DZ$52)) | EB3: =IF(DZ3>=75,"A1",IF(DZ3>=70,"B2",IF(DZ3>=65,"B3",IF(DZ3>=60,"C4",IF(DZ3>=55,"C5",IF(DZ3>=50,"C6",IF(DZ3>=45,"D7",IF(DZ3>=40,"E8",IF(DZ3>=6,"F",IF(DZ3<5,"")))))))))) | EC3: =IF(DZ3>=75,"Excellent",IF(DZ3>=70,"V.Good",IF(DZ3>=65,"Good",IF(DZ3>=60,"Credit",IF(DZ3>=55,"Credit",IF(DZ3>=50,"Credit",IF(DZ3>=45,"Pass",IF(DZ3>=40,"Pass",IF(DZ3>=6,"Fail",IF(DZ3<5,"")))))))))) | ED3: 1 | EE3: =Data!B2 -> ABBA FIRA ALINGADTHER | EJ3: =SUM(EF3:EI3) -> 0 | EL3: =EJ3+EK3 -> 0 | EM3: =IF(EL3<10,"",RANK(EL3,EL$3:EL$52)) | EN3: =IF(EL3>=75,"A1",IF(EL3>=70,"B2",IF(EL3>=65,"B3",IF(EL3>=60,"C4",IF(EL3>=55,"C5",IF(EL3>=50,"C6",IF(EL3>=45,"D7",IF(EL3>=40,"E8",IF(EL3>=6,"F",IF(EL3<5,"")))))))))) | EO3: =IF(EL3>=75,"Excellent",IF(EL3>=70,"V.Good",IF(EL3>=65,"Good",IF(EL3>=60,"Credit",IF(EL3>=55,"Credit",IF(EL3>=50,"Credit",IF(EL3>=45,"Pass",IF(EL3>=40,"Pass",IF(EL3>=6,"Fail",IF(EL3<5,"")))))))))) | EP3: 1 | EQ3: =Data!B2 -> ABBA FIRA ALINGADTHER | EV3: =SUM(ER3:EU3) -> 0 | EX3: =EV3+EW3 -> 0 | EY3: =IF(EX3<10,"",RANK(EX3,EX$3:EX$52)) | EZ3: =IF(EX3>=75,"A1",IF(EX3>=70,"B2",IF(EX3>=65,"B3",IF(EX3>=60,"C4",IF(EX3>=55,"C5",IF(EX3>=50,"C6",IF(EX3>=45,"D7",IF(EX3>=40,"E8",IF(EX3>=6,"F",IF(EX3<5,"")))))))))) | FA3: =IF(EX3>=75,"Excellent",IF(EX3>=70,"V.Good",IF(EX3>=65,"Good",IF(EX3>=60,"Credit",IF(EX3>=55,"Credit",IF(EX3>=50,"Credit",IF(EX3>=45,"Pass",IF(EX3>=40,"Pass",IF(EX3>=6,"Fail",IF(EX3<5,"")))))))))) | FB3: 1 | FC3: =Data!B2 -> ABBA FIRA ALINGADTHER | FH3: =SUM(FD3:FG3) -> 0 | FJ3: =FH3+FI3 -> 0 | FK3: =IF(FJ3<10,"",RANK(FJ3,FJ$3:FJ$52)) | FL3: =IF(FJ3>=75,"A",IF(FJ3>=70,"B2",IF(FJ3>=50,"C",IF(FJ3>=45,"D",IF(FJ3>=40,"E",IF(FJ3>=6,"F",IF(FJ3<5,""))))))) | FM3: =IF(FJ3>=75,"Excellent",IF(FJ3>=70,"V.Good",IF(FJ3>=65,"Good",IF(FJ3>=60,"Credit",IF(FJ3>=55,"Credit",IF(FJ3>=50,"Credit",IF(FJ3>=45,"Pass",IF(FJ3>=40,"Pass",IF(FJ3>=6,"Fail",IF(FJ3<5,"")))))))))) | FN3: 1 | FO3: =Data!B2 -> ABBA FIRA ALINGADTHER | FT3: =SUM(FP3:FS3) -> 0 | FV3: =FT3+FU3 -> 0 | FW3: =IF(FV3<10,"",RANK(FV3,FV$3:FV$52)) | FX3: =IF(FV3>=75,"A",IF(FV3>=70,"B2",IF(FV3>=50,"C",IF(FV3>=45,"D",IF(FV3>=40,"E",IF(FV3>=6,"F",IF(FV3<5,""))))))) | FY3: =IF(FV3>=75,"Excellent",IF(FV3>=70,"V.Good",IF(FV3>=65,"Good",IF(FV3>=60,"Credit",IF(FV3>=55,"Credit",IF(FV3>=50,"Credit",IF(FV3>=45,"Pass",IF(FV3>=40,"Pass",IF(FV3>=6,"Fail",IF(FV3<5,"")))))))))) | FZ3: 1 | GA3: =Data!B2 -> ABBA FIRA ALINGADTHER | GF3: =SUM(GB3:GE3) -> 0 | GH3: =GF3+GG3 -> 0 | GI3: =IF(GH3<10,"",RANK(GH3,GH$3:GH$52)) | GJ3: =IF(GH3>=75,"A",IF(GH3>=70,"B2",IF(GH3>=50,"C",IF(GH3>=45,"D",IF(GH3>=40,"E",IF(GH3>=6,"F",IF(GH3<5,""))))))) | GK3: =IF(GH3>=75,"Excellent",IF(GH3>=70,"V.Good",IF(GH3>=65,"Good",IF(GH3>=60,"Credit",IF(GH3>=55,"Credit",IF(GH3>=50,"Credit",IF(GH3>=45,"Pass",IF(GH3>=40,"Pass",IF(GH3>=6,"Fail",IF(GH3<5,"")))))))))) | GL3: 1 | GM3: =Data!B2 -> ABBA FIRA ALINGADTHER | GR3: =SUM(GN3:GQ3) -> 0 | GT3: =GR3+GS3 -> 0 | GU3: =IF(GT3<10,"",RANK(GT3,GT$3:GT$52)) | GV3: =IF(GT3>=75,"A",IF(GT3>=70,"B2",IF(GT3>=50,"C",IF(GT3>=45,"D",IF(GT3>=40,"E",IF(GT3>=6,"F",IF(GT3<5,""))))))) | GW3: =IF(GT3>=75,"Excellent",IF(GT3>=70,"V.Good",IF(GT3>=65,"Good",IF(GT3>=60,"Credit",IF(GT3>=55,"Credit",IF(GT3>=50,"Credit",IF(GT3>=45,"Pass",IF(GT3>=40,"Pass",IF(GT3>=6,"Fail",IF(GT3<5,"")))))))))) | GX3: 1 | GY3: =Data!B2 -> ABBA FIRA ALINGADTHER | HD3: =SUM(GZ3:HC3) -> 0 | HF3: =HD3+HE3 -> 0 | HG3: =IF(HF3<10,"",RANK(HF3,HF$3:HF$52)) | HH3: =IF(HF3>=75,"A",IF(HF3>=70,"B2",IF(HF3>=50,"C",IF(HF3>=45,"D",IF(HF3>=40,"E",IF(HF3>=6,"F",IF(HF3<5,""))))))) | HI3: =IF(HF3>=75,"Excellent",IF(HF3>=70,"V.Good",IF(HF3>=65,"Good",IF(HF3>=60,"Credit",IF(HF3>=55,"Credit",IF(HF3>=50,"Credit",IF(HF3>=45,"Pass",IF(HF3>=40,"Pass",IF(HF3>=6,"Fail",IF(HF3<5,"")))))))))) | HJ3: 1 | HK3: =Data!B2 -> ABBA FIRA ALINGADTHER | HP3: =SUM(HL3:HO3) -> 0 | HR3: =HP3+HQ3 -> 0 | HS3: =IF(HR3<10,"",RANK(HR3,HR$3:HR$52)) | HT3: =IF(HR3>=75,"A",IF(HR3>=70,"B2",IF(HR3>=50,"C",IF(HR3>=45,"D",IF(HR3>=40,"E",IF(HR3>=6,"F",IF(HR3<5,""))))))) | HU3: =IF(HR3>=75,"Excellent",IF(HR3>=70,"V.Good",IF(HR3>=65,"Good",IF(HR3>=60,"Credit",IF(HR3>=55,"Credit",IF(HR3>=50,"Credit",IF(HR3>=45,"Pass",IF(HR3>=40,"Pass",IF(HR3>=6,"Fail",IF(HR3<5,"")))))))))) | HV3: 1 | HW3: =Data!B2 -> ABBA FIRA ALINGADTHER | IB3: =SUM(HX3:IA3) -> 0 | ID3: =IB3+IC3 -> 0 | IE3: =IF(ID3<10,"",RANK(ID3,ID$3:ID$52)) | IF3: =IF(ID3>=75,"A",IF(ID3>=70,"B2",IF(ID3>=50,"C",IF(ID3>=45,"D",IF(ID3>=40,"E",IF(ID3>=6,"F",IF(ID3<5,""))))))) | IG3: =IF(ID3>=75,"Excellent",IF(ID3>=70,"V.Good",IF(ID3>=65,"Good",IF(ID3>=60,"Credit",IF(ID3>=55,"Credit",IF(ID3>=50,"Credit",IF(ID3>=45,"Pass",IF(ID3>=40,"Pass",IF(ID3>=6,"Fail",IF(ID3<5,"")))))))))) | IH3: 1 | II3: =Data!B2 -> ABBA FIRA ALINGADTHER | IN3: =SUM(IJ3:IM3) -> 0 | IP3: =IN3+IO3 -> 0 | IQ3: =IF(IP3<10,"",RANK(IP3,IP$3:IP$52)) | IR3: =IF(IP3>=75,"A",IF(IP3>=70,"B2",IF(IP3>=50,"C",IF(IP3>=45,"D",IF(IP3>=40,"E",IF(IP3>=6,"F",IF(IP3<5,""))))))) | IS3: =IF(IP3>=75,"Excellent",IF(IP3>=70,"V.Good",IF(IP3>=65,"Good",IF(IP3>=60,"Credit",IF(IP3>=55,"Credit",IF(IP3>=50,"Credit",IF(IP3>=45,"Pass",IF(IP3>=40,"Pass",IF(IP3>=6,"Fail",IF(IP3<5,"")))))))))) | IT3: 1 | IU3: =II3 -> ABBA FIRA ALINGADTHER | IZ3: =SUM(IV3:IY3) -> 0 | JB3: =IZ3+JA3 -> 0 | JC3: =IF(JB3<10,"",RANK(JB3,JB$3:JB$52)) | JD3: =IF(JB3>=75,"A",IF(JB3>=70,"B2",IF(JB3>=50,"C",IF(JB3>=45,"D",IF(JB3>=40,"E",IF(JB3>=6,"F",IF(JB3<5,""))))))) | JE3: =IF(JB3>=75,"Excellent",IF(JB3>=70,"V.Good",IF(JB3>=65,"Good",IF(JB3>=60,"Credit",IF(JB3>=55,"Credit",IF(JB3>=50,"Credit",IF(JB3>=45,"Pass",IF(JB3>=40,"Pass",IF(JB3>=6,"Fail",IF(JB3<5,"")))))))))) | JF3: 1 | JG3: =IU3 -> ABBA FIRA ALINGADTHER | JL3: =SUM(JH3:JK3) -> 0 | JN3: =JL3+JM3 -> 0 | JO3: =IF(JN3<10,"",RANK(JN3,JN$3:JN$52)) | JP3: =IF(JN3>=75,"A",IF(JN3>=70,"B2",IF(JN3>=50,"C",IF(JN3>=45,"D",IF(JN3>=40,"E",IF(JN3>=6,"F",IF(JN3<5,""))))))) | JQ3: =IF(JN3>=75,"Excellent",IF(JN3>=70,"V.Good",IF(JN3>=65,"Good",IF(JN3>=60,"Credit",IF(JN3>=55,"Credit",IF(JN3>=50,"Credit",IF(JN3>=45,"Pass",IF(JN3>=40,"Pass",IF(JN3>=6,"Fail",IF(JN3<5,"")))))))))) | JR3: 1 | JS3: =JG3 -> ABBA FIRA ALINGADTHER | JX3: =SUM(JT3:JW3) -> 0 | JZ3: =JX3+JY3 -> 0 | KA3: =IF(JZ3<10,"",RANK(JZ3,JZ$3:JZ$52)) | KB3: =IF(JZ3>=75,"A",IF(JZ3>=70,"B2",IF(JZ3>=50,"C",IF(JZ3>=45,"D",IF(JZ3>=40,"E",IF(JZ3>=6,"F",IF(JZ3<5,""))))))) | KC3: =IF(JZ3>=75,"Excellent",IF(JZ3>=70,"V.Good",IF(JZ3>=65,"Good",IF(JZ3>=60,"Credit",IF(JZ3>=55,"Credit",IF(JZ3>=50,"Credit",IF(JZ3>=45,"Pass",IF(JZ3>=40,"Pass",IF(JZ3>=6,"Fail",IF(JZ3<5,""))))))))))
A4: 2 | B4: 2 | C4: =Data!B3 -> AMINU MUHAMMED AL MUSTAPHA | D4: 6 | E4: 7 | F4: 8 | G4: 6 | H4: =SUM(D4:G4) -> 27 | I4: 19 | J4: =H4+I4 -> 46 | K4: =IF(J4<10,"",RANK(J4,J$3:J$52)) -> 40 | L4: =IF(J4>=75,"A1",IF(J4>=70,"B2",IF(J4>=65,"B3",IF(J4>=60,"C4",IF(J4>=55,"C5",IF(J4>=50,"C6",IF(J4>=45,"D7",IF(J4>=40,"E8",IF(J4>=6,"F",IF(J4<5,"")))))))))) -> D7 | M4: =IF(J4>=75,"Excellent",IF(J4>=70,"V.Good",IF(J4>=65,"Good",IF(J4>=60,"Credit",IF(J4>=55,"Credit",IF(J4>=50,"Credit",IF(J4>=45,"Pass",IF(J4>=40,"Pass",IF(J4>=6,"Fail",IF(J4<5,"")))))))))) -> Pass | N4: 2 | O4: =Data!B3 -> AMINU MUHAMMED AL MUSTAPHA | T4: =SUM(P4:S4) -> 0 | V4: =T4+U4 -> 0 | W4: =IF(V4<10,"",RANK(V4,V$3:V$52)) | X4: =IF(V4>=75,"A1",IF(V4>=70,"B2",IF(V4>=65,"B3",IF(V4>=60,"C4",IF(V4>=55,"C5",IF(V4>=50,"C6",IF(V4>=45,"D7",IF(V4>=40,"E8",IF(V4>=6,"F",IF(V4<5,"")))))))))) | Y4: =IF(V4>=75,"Excellent",IF(V4>=70,"V.Good",IF(V4>=65,"Good",IF(V4>=60,"Credit",IF(V4>=55,"Credit",IF(V4>=50,"Credit",IF(V4>=45,"Pass",IF(V4>=40,"Pass",IF(V4>=6,"Fail",IF(V4<5,"")))))))))) | Z4: 2 | AA4: =Data!B3 -> AMINU MUHAMMED AL MUSTAPHA | AB4: 6 | AC4: 7 | AD4: 8 | AE4: 6 | AF4: =SUM(AB4:AE4) -> 27 | AG4: 19 | AH4: =AF4+AG4 -> 46 | AI4: =IF(AH4<10,"",RANK(AH4,AH$3:AH$52)) -> 40 | AJ4: =IF(AH4>=75,"A1",IF(AH4>=70,"B2",IF(AH4>=65,"B3",IF(AH4>=60,"C4",IF(AH4>=55,"C5",IF(AH4>=50,"C6",IF(AH4>=45,"D7",IF(AH4>=40,"E8",IF(AH4>=6,"F",IF(AH4<5,"")))))))))) -> D7 | AK4: =IF(AH4>=75,"Excellent",IF(AH4>=70,"V.Good",IF(AH4>=65,"Good",IF(AH4>=60,"Credit",IF(AH4>=55,"Credit",IF(AH4>=50,"Credit",IF(AH4>=45,"Pass",IF(AH4>=40,"Pass",IF(AH4>=6,"Fail",IF(AH4<5,"")))))))))) -> Pass | AL4: 2 | AM4: =Data!B3 -> AMINU MUHAMMED AL MUSTAPHA | AN4: 6 | AO4: 7 | AP4: 8 | AQ4: 6 | AR4: =SUM(AN4:AQ4) -> 27 | AS4: 19 | AT4: =AR4+AS4 -> 46 | AU4: =IF(AT4<10,"",RANK(AT4,AT$3:AT$52)) -> 40 | AV4: =IF(AT4>=75,"A1",IF(AT4>=70,"B2",IF(AT4>=65,"B3",IF(AT4>=60,"C4",IF(AT4>=55,"C5",IF(AT4>=50,"C6",IF(AT4>=45,"D7",IF(AT4>=40,"E8",IF(AT4>=6,"F",IF(AT4<5,"")))))))))) -> D7 | AW4: =IF(AT4>=75,"Excellent",IF(AT4>=70,"V.Good",IF(AT4>=65,"Good",IF(AT4>=60,"Credit",IF(AT4>=55,"Credit",IF(AT4>=50,"Credit",IF(AT4>=45,"Pass",IF(AT4>=40,"Pass",IF(AT4>=6,"Fail",IF(AT4<5,"")))))))))) -> Pass | AX4: 2 | AY4: =Data!B3 -> AMINU MUHAMMED AL MUSTAPHA | AZ4: 6 | BA4: 7 | BB4: 8 | BC4: 6 | BD4: =SUM(AZ4:BC4) -> 27 | BE4: 19 | BF4: =BD4+BE4 -> 46 | BG4: =IF(BF4<10,"",RANK(BF4,BF$3:BF$52)) -> 40 | BH4: =IF(BF4>=75,"A1",IF(BF4>=70,"B2",IF(BF4>=65,"B3",IF(BF4>=60,"C4",IF(BF4>=55,"C5",IF(BF4>=50,"C6",IF(BF4>=45,"D7",IF(BF4>=40,"E8",IF(BF4>=6,"F",IF(BF4<5,"")))))))))) -> D7 | BI4: =IF(BF4>=75,"Excellent",IF(BF4>=70,"V.Good",IF(BF4>=65,"Good",IF(BF4>=60,"Credit",IF(BF4>=55,"Credit",IF(BF4>=50,"Credit",IF(BF4>=45,"Pass",IF(BF4>=40,"Pass",IF(BF4>=6,"Fail",IF(BF4<5,"")))))))))) -> Pass | BJ4: 2 | BK4: =Data!B3 -> AMINU MUHAMMED AL MUSTAPHA | BL4: 6 | BM4: 7 | BN4: 8 | BO4: 6 | BP4: =SUM(BL4:BO4) -> 27 | BQ4: 19 | BR4: =BP4+BQ4 -> 46 | BS4: =IF(BR4<10,"",RANK(BR4,BR$3:BR$52)) -> 40 | BT4: =IF(BR4>=75,"A1",IF(BR4>=70,"B2",IF(BR4>=65,"B3",IF(BR4>=60,"C4",IF(BR4>=55,"C5",IF(BR4>=50,"C6",IF(BR4>=45,"D7",IF(BR4>=40,"E8",IF(BR4>=6,"F",IF(BR4<5,"")))))))))) -> D7 | BU4: =IF(BR4>=75,"Excellent",IF(BR4>=70,"V.Good",IF(BR4>=65,"Good",IF(BR4>=60,"Credit",IF(BR4>=55,"Credit",IF(BR4>=50,"Credit",IF(BR4>=45,"Pass",IF(BR4>=40,"Pass",IF(BR4>=6,"Fail",IF(BR4<5,"")))))))))) -> Pass | BV4: 2 | BW4: =Data!B3 -> AMINU MUHAMMED AL MUSTAPHA | BX4: 6 | BY4: 7 | BZ4: 8 | CA4: 6 | CB4: =SUM(BX4:CA4) -> 27 | CC4: 19 | CD4: =CB4+CC4 -> 46 | CE4: =IF(CD4<10,"",RANK(CD4,CD$3:CD$52)) -> 40 | CF4: =IF(CD4>=75,"A1",IF(CD4>=70,"B2",IF(CD4>=65,"B3",IF(CD4>=60,"C4",IF(CD4>=55,"C5",IF(CD4>=50,"C6",IF(CD4>=45,"D7",IF(CD4>=40,"E8",IF(CD4>=6,"F",IF(CD4<5,"")))))))))) -> D7 | CG4: =IF(CD4>=75,"Excellent",IF(CD4>=70,"V.Good",IF(CD4>=65,"Good",IF(CD4>=60,"Credit",IF(CD4>=55,"Credit",IF(CD4>=50,"Credit",IF(CD4>=45,"Pass",IF(CD4>=40,"Pass",IF(CD4>=6,"Fail",IF(CD4<5,"")))))))))) -> Pass | CH4: 2 | CI4: =Data!B3 -> AMINU MUHAMMED AL MUSTAPHA | CN4: =SUM(CJ4:CM4) -> 0 | CP4: =CN4+CO4 -> 0 | CQ4: =IF(CP4<10,"",RANK(CP4,CP$3:CP$52)) | CR4: =IF(CP4>=75,"A1",IF(CP4>=70,"B2",IF(CP4>=65,"B3",IF(CP4>=60,"C4",IF(CP4>=55,"C5",IF(CP4>=50,"C6",IF(CP4>=45,"D7",IF(CP4>=40,"E8",IF(CP4>=6,"F",IF(CP4<5,"")))))))))) | CS4: =IF(CP4>=75,"Excellent",IF(CP4>=70,"V.Good",IF(CP4>=65,"Good",IF(CP4>=60,"Credit",IF(CP4>=55,"Credit",IF(CP4>=50,"Credit",IF(CP4>=45,"Pass",IF(CP4>=40,"Pass",IF(CP4>=6,"Fail",IF(CP4<5,"")))))))))) | CT4: 2 | CU4: =Data!B3 -> AMINU MUHAMMED AL MUSTAPHA | CZ4: =SUM(CV4:CY4) -> 0 | DB4: =CZ4+DA4 -> 0 | DC4: =IF(DB4<10,"",RANK(DB4,DB$3:DB$52)) | DD4: =IF(DB4>=75,"A1",IF(DB4>=70,"B2",IF(DB4>=65,"B3",IF(DB4>=60,"C4",IF(DB4>=55,"C5",IF(DB4>=50,"C6",IF(DB4>=45,"D7",IF(DB4>=40,"E8",IF(DB4>=6,"F",IF(DB4<5,"")))))))))) | DE4: =IF(DB4>=75,"Excellent",IF(DB4>=70,"V.Good",IF(DB4>=65,"Good",IF(DB4>=60,"Credit",IF(DB4>=55,"Credit",IF(DB4>=50,"Credit",IF(DB4>=45,"Pass",IF(DB4>=40,"Pass",IF(DB4>=6,"Fail",IF(DB4<5,"")))))))))) | DF4: 2 | DG4: =Data!B3 -> AMINU MUHAMMED AL MUSTAPHA | DL4: =SUM(DH4:DK4) -> 0 | DN4: =DL4+DM4 -> 0 | DO4: =IF(DN4<10,"",RANK(DN4,DN$3:DN$52)) | DP4: =IF(DN4>=75,"A1",IF(DN4>=70,"B2",IF(DN4>=65,"B3",IF(DN4>=60,"C4",IF(DN4>=55,"C5",IF(DN4>=50,"C6",IF(DN4>=45,"D7",IF(DN4>=40,"E8",IF(DN4>=6,"F",IF(DN4<5,"")))))))))) | DQ4: =IF(DN4>=75,"Excellent",IF(DN4>=70,"V.Good",IF(DN4>=65,"Good",IF(DN4>=60,"Credit",IF(DN4>=55,"Credit",IF(DN4>=50,"Credit",IF(DN4>=45,"Pass",IF(DN4>=40,"Pass",IF(DN4>=6,"Fail",IF(DN4<5,"")))))))))) | DR4: 2 | DS4: =Data!B3 -> AMINU MUHAMMED AL MUSTAPHA | DX4: =SUM(DT4:DW4) -> 0 | DZ4: =DX4+DY4 -> 0 | EA4: =IF(DZ4<10,"",RANK(DZ4,DZ$3:DZ$52)) | EB4: =IF(DZ4>=75,"A1",IF(DZ4>=70,"B2",IF(DZ4>=65,"B3",IF(DZ4>=60,"C4",IF(DZ4>=55,"C5",IF(DZ4>=50,"C6",IF(DZ4>=45,"D7",IF(DZ4>=40,"E8",IF(DZ4>=6,"F",IF(DZ4<5,"")))))))))) | EC4: =IF(DZ4>=75,"Excellent",IF(DZ4>=70,"V.Good",IF(DZ4>=65,"Good",IF(DZ4>=60,"Credit",IF(DZ4>=55,"Credit",IF(DZ4>=50,"Credit",IF(DZ4>=45,"Pass",IF(DZ4>=40,"Pass",IF(DZ4>=6,"Fail",IF(DZ4<5,"")))))))))) | ED4: 2 | EE4: =Data!B3 -> AMINU MUHAMMED AL MUSTAPHA | EJ4: =SUM(EF4:EI4) -> 0 | EL4: =EJ4+EK4 -> 0 | EM4: =IF(EL4<10,"",RANK(EL4,EL$3:EL$52)) | EN4: =IF(EL4>=75,"A1",IF(EL4>=70,"B2",IF(EL4>=65,"B3",IF(EL4>=60,"C4",IF(EL4>=55,"C5",IF(EL4>=50,"C6",IF(EL4>=45,"D7",IF(EL4>=40,"E8",IF(EL4>=6,"F",IF(EL4<5,"")))))))))) | EO4: =IF(EL4>=75,"Excellent",IF(EL4>=70,"V.Good",IF(EL4>=65,"Good",IF(EL4>=60,"Credit",IF(EL4>=55,"Credit",IF(EL4>=50,"Credit",IF(EL4>=45,"Pass",IF(EL4>=40,"Pass",IF(EL4>=6,"Fail",IF(EL4<5,"")))))))))) | EP4: 2 | EQ4: =Data!B3 -> AMINU MUHAMMED AL MUSTAPHA | EV4: =SUM(ER4:EU4) -> 0 | EX4: =EV4+EW4 -> 0 | EY4: =IF(EX4<10,"",RANK(EX4,EX$3:EX$52)) | EZ4: =IF(EX4>=75,"A1",IF(EX4>=70,"B2",IF(EX4>=65,"B3",IF(EX4>=60,"C4",IF(EX4>=55,"C5",IF(EX4>=50,"C6",IF(EX4>=45,"D7",IF(EX4>=40,"E8",IF(EX4>=6,"F",IF(EX4<5,"")))))))))) | FA4: =IF(EX4>=75,"Excellent",IF(EX4>=70,"V.Good",IF(EX4>=65,"Good",IF(EX4>=60,"Credit",IF(EX4>=55,"Credit",IF(EX4>=50,"Credit",IF(EX4>=45,"Pass",IF(EX4>=40,"Pass",IF(EX4>=6,"Fail",IF(EX4<5,"")))))))))) | FB4: 2 | FC4: =Data!B3 -> AMINU MUHAMMED AL MUSTAPHA | FH4: =SUM(FD4:FG4) -> 0 | FJ4: =FH4+FI4 -> 0 | FK4: =IF(FJ4<10,"",RANK(FJ4,FJ$3:FJ$52)) | FL4: =IF(FJ4>=75,"A",IF(FJ4>=70,"B2",IF(FJ4>=50,"C",IF(FJ4>=45,"D",IF(FJ4>=40,"E",IF(FJ4>=6,"F",IF(FJ4<5,""))))))) | FM4: =IF(FJ4>=75,"Excellent",IF(FJ4>=70,"V.Good",IF(FJ4>=65,"Good",IF(FJ4>=60,"Credit",IF(FJ4>=55,"Credit",IF(FJ4>=50,"Credit",IF(FJ4>=45,"Pass",IF(FJ4>=40,"Pass",IF(FJ4>=6,"Fail",IF(FJ4<5,"")))))))))) | FN4: 2 | FO4: =Data!B3 -> AMINU MUHAMMED AL MUSTAPHA | FT4: =SUM(FP4:FS4) -> 0 | FV4: =FT4+FU4 -> 0 | FW4: =IF(FV4<10,"",RANK(FV4,FV$3:FV$52)) | FX4: =IF(FV4>=75,"A",IF(FV4>=70,"B2",IF(FV4>=50,"C",IF(FV4>=45,"D",IF(FV4>=40,"E",IF(FV4>=6,"F",IF(FV4<5,""))))))) | FY4: =IF(FV4>=75,"Excellent",IF(FV4>=70,"V.Good",IF(FV4>=65,"Good",IF(FV4>=60,"Credit",IF(FV4>=55,"Credit",IF(FV4>=50,"Credit",IF(FV4>=45,"Pass",IF(FV4>=40,"Pass",IF(FV4>=6,"Fail",IF(FV4<5,"")))))))))) | FZ4: 2 | GA4: =Data!B3 -> AMINU MUHAMMED AL MUSTAPHA | GF4: =SUM(GB4:GE4) -> 0 | GH4: =GF4+GG4 -> 0 | GI4: =IF(GH4<10,"",RANK(GH4,GH$3:GH$52)) | GJ4: =IF(GH4>=75,"A",IF(GH4>=70,"B2",IF(GH4>=50,"C",IF(GH4>=45,"D",IF(GH4>=40,"E",IF(GH4>=6,"F",IF(GH4<5,""))))))) | GK4: =IF(GH4>=75,"Excellent",IF(GH4>=70,"V.Good",IF(GH4>=65,"Good",IF(GH4>=60,"Credit",IF(GH4>=55,"Credit",IF(GH4>=50,"Credit",IF(GH4>=45,"Pass",IF(GH4>=40,"Pass",IF(GH4>=6,"Fail",IF(GH4<5,"")))))))))) | GL4: 2 | GM4: =Data!B3 -> AMINU MUHAMMED AL MUSTAPHA | GR4: =SUM(GN4:GQ4) -> 0 | GT4: =GR4+GS4 -> 0 | GU4: =IF(GT4<10,"",RANK(GT4,GT$3:GT$52)) | GV4: =IF(GT4>=75,"A",IF(GT4>=70,"B2",IF(GT4>=50,"C",IF(GT4>=45,"D",IF(GT4>=40,"E",IF(GT4>=6,"F",IF(GT4<5,""))))))) | GW4: =IF(GT4>=75,"Excellent",IF(GT4>=70,"V.Good",IF(GT4>=65,"Good",IF(GT4>=60,"Credit",IF(GT4>=55,"Credit",IF(GT4>=50,"Credit",IF(GT4>=45,"Pass",IF(GT4>=40,"Pass",IF(GT4>=6,"Fail",IF(GT4<5,"")))))))))) | GX4: 2 | GY4: =Data!B3 -> AMINU MUHAMMED AL MUSTAPHA | HD4: =SUM(GZ4:HC4) -> 0 | HF4: =HD4+HE4 -> 0 | HG4: =IF(HF4<10,"",RANK(HF4,HF$3:HF$52)) | HH4: =IF(HF4>=75,"A",IF(HF4>=70,"B2",IF(HF4>=50,"C",IF(HF4>=45,"D",IF(HF4>=40,"E",IF(HF4>=6,"F",IF(HF4<5,""))))))) | HI4: =IF(HF4>=75,"Excellent",IF(HF4>=70,"V.Good",IF(HF4>=65,"Good",IF(HF4>=60,"Credit",IF(HF4>=55,"Credit",IF(HF4>=50,"Credit",IF(HF4>=45,"Pass",IF(HF4>=40,"Pass",IF(HF4>=6,"Fail",IF(HF4<5,"")))))))))) | HJ4: 2 | HK4: =Data!B3 -> AMINU MUHAMMED AL MUSTAPHA | HP4: =SUM(HL4:HO4) -> 0 | HR4: =HP4+HQ4 -> 0 | HS4: =IF(HR4<10,"",RANK(HR4,HR$3:HR$52)) | HT4: =IF(HR4>=75,"A",IF(HR4>=70,"B2",IF(HR4>=50,"C",IF(HR4>=45,"D",IF(HR4>=40,"E",IF(HR4>=6,"F",IF(HR4<5,""))))))) | HU4: =IF(HR4>=75,"Excellent",IF(HR4>=70,"V.Good",IF(HR4>=65,"Good",IF(HR4>=60,"Credit",IF(HR4>=55,"Credit",IF(HR4>=50,"Credit",IF(HR4>=45,"Pass",IF(HR4>=40,"Pass",IF(HR4>=6,"Fail",IF(HR4<5,"")))))))))) | HV4: 2 | HW4: =Data!B3 -> AMINU MUHAMMED AL MUSTAPHA | IB4: =SUM(HX4:IA4) -> 0 | ID4: =IB4+IC4 -> 0 | IE4: =IF(ID4<10,"",RANK(ID4,ID$3:ID$52)) | IF4: =IF(ID4>=75,"A",IF(ID4>=70,"B2",IF(ID4>=50,"C",IF(ID4>=45,"D",IF(ID4>=40,"E",IF(ID4>=6,"F",IF(ID4<5,""))))))) | IG4: =IF(ID4>=75,"Excellent",IF(ID4>=70,"V.Good",IF(ID4>=65,"Good",IF(ID4>=60,"Credit",IF(ID4>=55,"Credit",IF(ID4>=50,"Credit",IF(ID4>=45,"Pass",IF(ID4>=40,"Pass",IF(ID4>=6,"Fail",IF(ID4<5,"")))))))))) | IH4: 2 | II4: =Data!B3 -> AMINU MUHAMMED AL MUSTAPHA | IN4: =SUM(IJ4:IM4) -> 0 | IP4: =IN4+IO4 -> 0 | IQ4: =IF(IP4<10,"",RANK(IP4,IP$3:IP$52)) | IR4: =IF(IP4>=75,"A",IF(IP4>=70,"B2",IF(IP4>=50,"C",IF(IP4>=45,"D",IF(IP4>=40,"E",IF(IP4>=6,"F",IF(IP4<5,""))))))) | IS4: =IF(IP4>=75,"Excellent",IF(IP4>=70,"V.Good",IF(IP4>=65,"Good",IF(IP4>=60,"Credit",IF(IP4>=55,"Credit",IF(IP4>=50,"Credit",IF(IP4>=45,"Pass",IF(IP4>=40,"Pass",IF(IP4>=6,"Fail",IF(IP4<5,"")))))))))) | IT4: 2 | IU4: =II4 -> AMINU MUHAMMED AL MUSTAPHA | IZ4: =SUM(IV4:IY4) -> 0 | JB4: =IZ4+JA4 -> 0 | JC4: =IF(JB4<10,"",RANK(JB4,JB$3:JB$52)) | JD4: =IF(JB4>=75,"A",IF(JB4>=70,"B2",IF(JB4>=50,"C",IF(JB4>=45,"D",IF(JB4>=40,"E",IF(JB4>=6,"F",IF(JB4<5,""))))))) | JE4: =IF(JB4>=75,"Excellent",IF(JB4>=70,"V.Good",IF(JB4>=65,"Good",IF(JB4>=60,"Credit",IF(JB4>=55,"Credit",IF(JB4>=50,"Credit",IF(JB4>=45,"Pass",IF(JB4>=40,"Pass",IF(JB4>=6,"Fail",IF(JB4<5,"")))))))))) | JF4: 2 | JG4: =IU4 -> AMINU MUHAMMED AL MUSTAPHA | JL4: =SUM(JH4:JK4) -> 0 | JN4: =JL4+JM4 -> 0 | JO4: =IF(JN4<10,"",RANK(JN4,JN$3:JN$52)) | JP4: =IF(JN4>=75,"A",IF(JN4>=70,"B2",IF(JN4>=50,"C",IF(JN4>=45,"D",IF(JN4>=40,"E",IF(JN4>=6,"F",IF(JN4<5,""))))))) | JQ4: =IF(JN4>=75,"Excellent",IF(JN4>=70,"V.Good",IF(JN4>=65,"Good",IF(JN4>=60,"Credit",IF(JN4>=55,"Credit",IF(JN4>=50,"Credit",IF(JN4>=45,"Pass",IF(JN4>=40,"Pass",IF(JN4>=6,"Fail",IF(JN4<5,"")))))))))) | JR4: 2 | JS4: =JG4 -> AMINU MUHAMMED AL MUSTAPHA | JX4: =SUM(JT4:JW4) -> 0 | JZ4: =JX4+JY4 -> 0 | KA4: =IF(JZ4<10,"",RANK(JZ4,JZ$3:JZ$52)) | KB4: =IF(JZ4>=75,"A",IF(JZ4>=70,"B2",IF(JZ4>=50,"C",IF(JZ4>=45,"D",IF(JZ4>=40,"E",IF(JZ4>=6,"F",IF(JZ4<5,""))))))) | KC4: =IF(JZ4>=75,"Excellent",IF(JZ4>=70,"V.Good",IF(JZ4>=65,"Good",IF(JZ4>=60,"Credit",IF(JZ4>=55,"Credit",IF(JZ4>=50,"Credit",IF(JZ4>=45,"Pass",IF(JZ4>=40,"Pass",IF(JZ4>=6,"Fail",IF(JZ4<5,""))))))))))
A5: 3 | B5: 3 | C5: =Data!B4 -> AMOS ANJILI STANLEY | D5: 2 | E5: 4 | F5: 6 | G5: 8 | H5: =SUM(D5:G5) -> 20 | I5: 21 | J5: =H5+I5 -> 41 | K5: =IF(J5<10,"",RANK(J5,J$3:J$52)) -> 44 | L5: =IF(J5>=75,"A1",IF(J5>=70,"B2",IF(J5>=65,"B3",IF(J5>=60,"C4",IF(J5>=55,"C5",IF(J5>=50,"C6",IF(J5>=45,"D7",IF(J5>=40,"E8",IF(J5>=6,"F",IF(J5<5,"")))))))))) -> E8 | M5: =IF(J5>=75,"Excellent",IF(J5>=70,"V.Good",IF(J5>=65,"Good",IF(J5>=60,"Credit",IF(J5>=55,"Credit",IF(J5>=50,"Credit",IF(J5>=45,"Pass",IF(J5>=40,"Pass",IF(J5>=6,"Fail",IF(J5<5,"")))))))))) -> Pass | N5: 3 | O5: =Data!B4 -> AMOS ANJILI STANLEY | T5: =SUM(P5:S5) -> 0 | V5: =T5+U5 -> 0 | W5: =IF(V5<10,"",RANK(V5,V$3:V$52)) | X5: =IF(V5>=75,"A1",IF(V5>=70,"B2",IF(V5>=65,"B3",IF(V5>=60,"C4",IF(V5>=55,"C5",IF(V5>=50,"C6",IF(V5>=45,"D7",IF(V5>=40,"E8",IF(V5>=6,"F",IF(V5<5,"")))))))))) | Y5: =IF(V5>=75,"Excellent",IF(V5>=70,"V.Good",IF(V5>=65,"Good",IF(V5>=60,"Credit",IF(V5>=55,"Credit",IF(V5>=50,"Credit",IF(V5>=45,"Pass",IF(V5>=40,"Pass",IF(V5>=6,"Fail",IF(V5<5,"")))))))))) | Z5: 3 | AA5: =Data!B4 -> AMOS ANJILI STANLEY | AB5: 2 | AC5: 4 | AD5: 6 | AE5: 8 | AF5: =SUM(AB5:AE5) -> 20 | AG5: 21 | AH5: =AF5+AG5 -> 41 | AI5: =IF(AH5<10,"",RANK(AH5,AH$3:AH$52)) -> 44 | AJ5: =IF(AH5>=75,"A1",IF(AH5>=70,"B2",IF(AH5>=65,"B3",IF(AH5>=60,"C4",IF(AH5>=55,"C5",IF(AH5>=50,"C6",IF(AH5>=45,"D7",IF(AH5>=40,"E8",IF(AH5>=6,"F",IF(AH5<5,"")))))))))) -> E8 | AK5: =IF(AH5>=75,"Excellent",IF(AH5>=70,"V.Good",IF(AH5>=65,"Good",IF(AH5>=60,"Credit",IF(AH5>=55,"Credit",IF(AH5>=50,"Credit",IF(AH5>=45,"Pass",IF(AH5>=40,"Pass",IF(AH5>=6,"Fail",IF(AH5<5,"")))))))))) -> Pass | AL5: 3 | AM5: =Data!B4 -> AMOS ANJILI STANLEY | AN5: 2 | AO5: 4 | AP5: 6 | AQ5: 8 | AR5: =SUM(AN5:AQ5) -> 20 | AS5: 21 | AT5: =AR5+AS5 -> 41 | AU5: =IF(AT5<10,"",RANK(AT5,AT$3:AT$52)) -> 44 | AV5: =IF(AT5>=75,"A1",IF(AT5>=70,"B2",IF(AT5>=65,"B3",IF(AT5>=60,"C4",IF(AT5>=55,"C5",IF(AT5>=50,"C6",IF(AT5>=45,"D7",IF(AT5>=40,"E8",IF(AT5>=6,"F",IF(AT5<5,"")))))))))) -> E8 | AW5: =IF(AT5>=75,"Excellent",IF(AT5>=70,"V.Good",IF(AT5>=65,"Good",IF(AT5>=60,"Credit",IF(AT5>=55,"Credit",IF(AT5>=50,"Credit",IF(AT5>=45,"Pass",IF(AT5>=40,"Pass",IF(AT5>=6,"Fail",IF(AT5<5,"")))))))))) -> Pass | AX5: 3 | AY5: =Data!B4 -> AMOS ANJILI STANLEY | AZ5: 2 | BA5: 4 | BB5: 6 | BC5: 8 | BD5: =SUM(AZ5:BC5) -> 20 | BE5: 21 | BF5: =BD5+BE5 -> 41 | BG5: =IF(BF5<10,"",RANK(BF5,BF$3:BF$52)) -> 44 | BH5: =IF(BF5>=75,"A1",IF(BF5>=70,"B2",IF(BF5>=65,"B3",IF(BF5>=60,"C4",IF(BF5>=55,"C5",IF(BF5>=50,"C6",IF(BF5>=45,"D7",IF(BF5>=40,"E8",IF(BF5>=6,"F",IF(BF5<5,"")))))))))) -> E8 | BI5: =IF(BF5>=75,"Excellent",IF(BF5>=70,"V.Good",IF(BF5>=65,"Good",IF(BF5>=60,"Credit",IF(BF5>=55,"Credit",IF(BF5>=50,"Credit",IF(BF5>=45,"Pass",IF(BF5>=40,"Pass",IF(BF5>=6,"Fail",IF(BF5<5,"")))))))))) -> Pass | BJ5: 3 | BK5: =Data!B4 -> AMOS ANJILI STANLEY | BL5: 2 | BM5: 4 | BN5: 6 | BO5: 8 | BP5: =SUM(BL5:BO5) -> 20 | BQ5: 21 | BR5: =BP5+BQ5 -> 41 | BS5: =IF(BR5<10,"",RANK(BR5,BR$3:BR$52)) -> 44 | BT5: =IF(BR5>=75,"A1",IF(BR5>=70,"B2",IF(BR5>=65,"B3",IF(BR5>=60,"C4",IF(BR5>=55,"C5",IF(BR5>=50,"C6",IF(BR5>=45,"D7",IF(BR5>=40,"E8",IF(BR5>=6,"F",IF(BR5<5,"")))))))))) -> E8 | BU5: =IF(BR5>=75,"Excellent",IF(BR5>=70,"V.Good",IF(BR5>=65,"Good",IF(BR5>=60,"Credit",IF(BR5>=55,"Credit",IF(BR5>=50,"Credit",IF(BR5>=45,"Pass",IF(BR5>=40,"Pass",IF(BR5>=6,"Fail",IF(BR5<5,"")))))))))) -> Pass | BV5: 3 | BW5: =Data!B4 -> AMOS ANJILI STANLEY | BX5: 2 | BY5: 4 | BZ5: 6 | CA5: 8 | CB5: =SUM(BX5:CA5) -> 20 | CC5: 21 | CD5: =CB5+CC5 -> 41 | CE5: =IF(CD5<10,"",RANK(CD5,CD$3:CD$52)) -> 44 | CF5: =IF(CD5>=75,"A1",IF(CD5>=70,"B2",IF(CD5>=65,"B3",IF(CD5>=60,"C4",IF(CD5>=55,"C5",IF(CD5>=50,"C6",IF(CD5>=45,"D7",IF(CD5>=40,"E8",IF(CD5>=6,"F",IF(CD5<5,"")))))))))) -> E8 | CG5: =IF(CD5>=75,"Excellent",IF(CD5>=70,"V.Good",IF(CD5>=65,"Good",IF(CD5>=60,"Credit",IF(CD5>=55,"Credit",IF(CD5>=50,"Credit",IF(CD5>=45,"Pass",IF(CD5>=40,"Pass",IF(CD5>=6,"Fail",IF(CD5<5,"")))))))))) -> Pass | CH5: 3 | CI5: =Data!B4 -> AMOS ANJILI STANLEY | CN5: =SUM(CJ5:CM5) -> 0 | CP5: =CN5+CO5 -> 0 | CQ5: =IF(CP5<10,"",RANK(CP5,CP$3:CP$52)) | CR5: =IF(CP5>=75,"A1",IF(CP5>=70,"B2",IF(CP5>=65,"B3",IF(CP5>=60,"C4",IF(CP5>=55,"C5",IF(CP5>=50,"C6",IF(CP5>=45,"D7",IF(CP5>=40,"E8",IF(CP5>=6,"F",IF(CP5<5,"")))))))))) | CS5: =IF(CP5>=75,"Excellent",IF(CP5>=70,"V.Good",IF(CP5>=65,"Good",IF(CP5>=60,"Credit",IF(CP5>=55,"Credit",IF(CP5>=50,"Credit",IF(CP5>=45,"Pass",IF(CP5>=40,"Pass",IF(CP5>=6,"Fail",IF(CP5<5,"")))))))))) | CT5: 3 | CU5: =Data!B4 -> AMOS ANJILI STANLEY | CZ5: =SUM(CV5:CY5) -> 0 | DB5: =CZ5+DA5 -> 0 | DC5: =IF(DB5<10,"",RANK(DB5,DB$3:DB$52)) | DD5: =IF(DB5>=75,"A1",IF(DB5>=70,"B2",IF(DB5>=65,"B3",IF(DB5>=60,"C4",IF(DB5>=55,"C5",IF(DB5>=50,"C6",IF(DB5>=45,"D7",IF(DB5>=40,"E8",IF(DB5>=6,"F",IF(DB5<5,"")))))))))) | DE5: =IF(DB5>=75,"Excellent",IF(DB5>=70,"V.Good",IF(DB5>=65,"Good",IF(DB5>=60,"Credit",IF(DB5>=55,"Credit",IF(DB5>=50,"Credit",IF(DB5>=45,"Pass",IF(DB5>=40,"Pass",IF(DB5>=6,"Fail",IF(DB5<5,"")))))))))) | DF5: 3 | DG5: =Data!B4 -> AMOS ANJILI STANLEY | DL5: =SUM(DH5:DK5) -> 0 | DN5: =DL5+DM5 -> 0 | DO5: =IF(DN5<10,"",RANK(DN5,DN$3:DN$52)) | DP5: =IF(DN5>=75,"A1",IF(DN5>=70,"B2",IF(DN5>=65,"B3",IF(DN5>=60,"C4",IF(DN5>=55,"C5",IF(DN5>=50,"C6",IF(DN5>=45,"D7",IF(DN5>=40,"E8",IF(DN5>=6,"F",IF(DN5<5,"")))))))))) | DQ5: =IF(DN5>=75,"Excellent",IF(DN5>=70,"V.Good",IF(DN5>=65,"Good",IF(DN5>=60,"Credit",IF(DN5>=55,"Credit",IF(DN5>=50,"Credit",IF(DN5>=45,"Pass",IF(DN5>=40,"Pass",IF(DN5>=6,"Fail",IF(DN5<5,"")))))))))) | DR5: 3 | DS5: =Data!B4 -> AMOS ANJILI STANLEY | DX5: =SUM(DT5:DW5) -> 0 | DZ5: =DX5+DY5 -> 0 | EA5: =IF(DZ5<10,"",RANK(DZ5,DZ$3:DZ$52)) | EB5: =IF(DZ5>=75,"A1",IF(DZ5>=70,"B2",IF(DZ5>=65,"B3",IF(DZ5>=60,"C4",IF(DZ5>=55,"C5",IF(DZ5>=50,"C6",IF(DZ5>=45,"D7",IF(DZ5>=40,"E8",IF(DZ5>=6,"F",IF(DZ5<5,"")))))))))) | EC5: =IF(DZ5>=75,"Excellent",IF(DZ5>=70,"V.Good",IF(DZ5>=65,"Good",IF(DZ5>=60,"Credit",IF(DZ5>=55,"Credit",IF(DZ5>=50,"Credit",IF(DZ5>=45,"Pass",IF(DZ5>=40,"Pass",IF(DZ5>=6,"Fail",IF(DZ5<5,"")))))))))) | ED5: 3 | EE5: =Data!B4 -> AMOS ANJILI STANLEY | EJ5: =SUM(EF5:EI5) -> 0 | EL5: =EJ5+EK5 -> 0 | EM5: =IF(EL5<10,"",RANK(EL5,EL$3:EL$52)) | EN5: =IF(EL5>=75,"A1",IF(EL5>=70,"B2",IF(EL5>=65,"B3",IF(EL5>=60,"C4",IF(EL5>=55,"C5",IF(EL5>=50,"C6",IF(EL5>=45,"D7",IF(EL5>=40,"E8",IF(EL5>=6,"F",IF(EL5<5,"")))))))))) | EO5: =IF(EL5>=75,"Excellent",IF(EL5>=70,"V.Good",IF(EL5>=65,"Good",IF(EL5>=60,"Credit",IF(EL5>=55,"Credit",IF(EL5>=50,"Credit",IF(EL5>=45,"Pass",IF(EL5>=40,"Pass",IF(EL5>=6,"Fail",IF(EL5<5,"")))))))))) | EP5: 3 | EQ5: =Data!B4 -> AMOS ANJILI STANLEY | EV5: =SUM(ER5:EU5) -> 0 | EX5: =EV5+EW5 -> 0 | EY5: =IF(EX5<10,"",RANK(EX5,EX$3:EX$52)) | EZ5: =IF(EX5>=75,"A1",IF(EX5>=70,"B2",IF(EX5>=65,"B3",IF(EX5>=60,"C4",IF(EX5>=55,"C5",IF(EX5>=50,"C6",IF(EX5>=45,"D7",IF(EX5>=40,"E8",IF(EX5>=6,"F",IF(EX5<5,"")))))))))) | FA5: =IF(EX5>=75,"Excellent",IF(EX5>=70,"V.Good",IF(EX5>=65,"Good",IF(EX5>=60,"Credit",IF(EX5>=55,"Credit",IF(EX5>=50,"Credit",IF(EX5>=45,"Pass",IF(EX5>=40,"Pass",IF(EX5>=6,"Fail",IF(EX5<5,"")))))))))) | FB5: 3 | FC5: =Data!B4 -> AMOS ANJILI STANLEY | FH5: =SUM(FD5:FG5) -> 0 | FJ5: =FH5+FI5 -> 0 | FK5: =IF(FJ5<10,"",RANK(FJ5,FJ$3:FJ$52)) | FL5: =IF(FJ5>=75,"A",IF(FJ5>=70,"B2",IF(FJ5>=50,"C",IF(FJ5>=45,"D",IF(FJ5>=40,"E",IF(FJ5>=6,"F",IF(FJ5<5,""))))))) | FM5: =IF(FJ5>=75,"Excellent",IF(FJ5>=70,"V.Good",IF(FJ5>=65,"Good",IF(FJ5>=60,"Credit",IF(FJ5>=55,"Credit",IF(FJ5>=50,"Credit",IF(FJ5>=45,"Pass",IF(FJ5>=40,"Pass",IF(FJ5>=6,"Fail",IF(FJ5<5,"")))))))))) | FN5: 3 | FO5: =Data!B4 -> AMOS ANJILI STANLEY | FT5: =SUM(FP5:FS5) -> 0 | FV5: =FT5+FU5 -> 0 | FW5: =IF(FV5<10,"",RANK(FV5,FV$3:FV$52)) | FX5: =IF(FV5>=75,"A",IF(FV5>=70,"B2",IF(FV5>=50,"C",IF(FV5>=45,"D",IF(FV5>=40,"E",IF(FV5>=6,"F",IF(FV5<5,""))))))) | FY5: =IF(FV5>=75,"Excellent",IF(FV5>=70,"V.Good",IF(FV5>=65,"Good",IF(FV5>=60,"Credit",IF(FV5>=55,"Credit",IF(FV5>=50,"Credit",IF(FV5>=45,"Pass",IF(FV5>=40,"Pass",IF(FV5>=6,"Fail",IF(FV5<5,"")))))))))) | FZ5: 3 | GA5: =Data!B4 -> AMOS ANJILI STANLEY | GF5: =SUM(GB5:GE5) -> 0 | GH5: =GF5+GG5 -> 0 | GI5: =IF(GH5<10,"",RANK(GH5,GH$3:GH$52)) | GJ5: =IF(GH5>=75,"A",IF(GH5>=70,"B2",IF(GH5>=50,"C",IF(GH5>=45,"D",IF(GH5>=40,"E",IF(GH5>=6,"F",IF(GH5<5,""))))))) | GK5: =IF(GH5>=75,"Excellent",IF(GH5>=70,"V.Good",IF(GH5>=65,"Good",IF(GH5>=60,"Credit",IF(GH5>=55,"Credit",IF(GH5>=50,"Credit",IF(GH5>=45,"Pass",IF(GH5>=40,"Pass",IF(GH5>=6,"Fail",IF(GH5<5,"")))))))))) | GL5: 3 | GM5: =Data!B4 -> AMOS ANJILI STANLEY | GR5: =SUM(GN5:GQ5) -> 0 | GT5: =GR5+GS5 -> 0 | GU5: =IF(GT5<10,"",RANK(GT5,GT$3:GT$52)) | GV5: =IF(GT5>=75,"A",IF(GT5>=70,"B2",IF(GT5>=50,"C",IF(GT5>=45,"D",IF(GT5>=40,"E",IF(GT5>=6,"F",IF(GT5<5,""))))))) | GW5: =IF(GT5>=75,"Excellent",IF(GT5>=70,"V.Good",IF(GT5>=65,"Good",IF(GT5>=60,"Credit",IF(GT5>=55,"Credit",IF(GT5>=50,"Credit",IF(GT5>=45,"Pass",IF(GT5>=40,"Pass",IF(GT5>=6,"Fail",IF(GT5<5,"")))))))))) | GX5: 3 | GY5: =Data!B4 -> AMOS ANJILI STANLEY | HD5: =SUM(GZ5:HC5) -> 0 | HF5: =HD5+HE5 -> 0 | HG5: =IF(HF5<10,"",RANK(HF5,HF$3:HF$52)) | HH5: =IF(HF5>=75,"A",IF(HF5>=70,"B2",IF(HF5>=50,"C",IF(HF5>=45,"D",IF(HF5>=40,"E",IF(HF5>=6,"F",IF(HF5<5,""))))))) | HI5: =IF(HF5>=75,"Excellent",IF(HF5>=70,"V.Good",IF(HF5>=65,"Good",IF(HF5>=60,"Credit",IF(HF5>=55,"Credit",IF(HF5>=50,"Credit",IF(HF5>=45,"Pass",IF(HF5>=40,"Pass",IF(HF5>=6,"Fail",IF(HF5<5,"")))))))))) | HJ5: 3 | HK5: =Data!B4 -> AMOS ANJILI STANLEY | HP5: =SUM(HL5:HO5) -> 0 | HR5: =HP5+HQ5 -> 0 | HS5: =IF(HR5<10,"",RANK(HR5,HR$3:HR$52)) | HT5: =IF(HR5>=75,"A",IF(HR5>=70,"B2",IF(HR5>=50,"C",IF(HR5>=45,"D",IF(HR5>=40,"E",IF(HR5>=6,"F",IF(HR5<5,""))))))) | HU5: =IF(HR5>=75,"Excellent",IF(HR5>=70,"V.Good",IF(HR5>=65,"Good",IF(HR5>=60,"Credit",IF(HR5>=55,"Credit",IF(HR5>=50,"Credit",IF(HR5>=45,"Pass",IF(HR5>=40,"Pass",IF(HR5>=6,"Fail",IF(HR5<5,"")))))))))) | HV5: 3 | HW5: =Data!B4 -> AMOS ANJILI STANLEY | IB5: =SUM(HX5:IA5) -> 0 | ID5: =IB5+IC5 -> 0 | IE5: =IF(ID5<10,"",RANK(ID5,ID$3:ID$52)) | IF5: =IF(ID5>=75,"A",IF(ID5>=70,"B2",IF(ID5>=50,"C",IF(ID5>=45,"D",IF(ID5>=40,"E",IF(ID5>=6,"F",IF(ID5<5,""))))))) | IG5: =IF(ID5>=75,"Excellent",IF(ID5>=70,"V.Good",IF(ID5>=65,"Good",IF(ID5>=60,"Credit",IF(ID5>=55,"Credit",IF(ID5>=50,"Credit",IF(ID5>=45,"Pass",IF(ID5>=40,"Pass",IF(ID5>=6,"Fail",IF(ID5<5,"")))))))))) | IH5: 3 | II5: =Data!B4 -> AMOS ANJILI STANLEY | IN5: =SUM(IJ5:IM5) -> 0 | IP5: =IN5+IO5 -> 0 | IQ5: =IF(IP5<10,"",RANK(IP5,IP$3:IP$52)) | IR5: =IF(IP5>=75,"A",IF(IP5>=70,"B2",IF(IP5>=50,"C",IF(IP5>=45,"D",IF(IP5>=40,"E",IF(IP5>=6,"F",IF(IP5<5,""))))))) | IS5: =IF(IP5>=75,"Excellent",IF(IP5>=70,"V.Good",IF(IP5>=65,"Good",IF(IP5>=60,"Credit",IF(IP5>=55,"Credit",IF(IP5>=50,"Credit",IF(IP5>=45,"Pass",IF(IP5>=40,"Pass",IF(IP5>=6,"Fail",IF(IP5<5,"")))))))))) | IT5: 3 | IU5: =II5 -> AMOS ANJILI STANLEY | IZ5: =SUM(IV5:IY5) -> 0 | JB5: =IZ5+JA5 -> 0 | JC5: =IF(JB5<10,"",RANK(JB5,JB$3:JB$52)) | JD5: =IF(JB5>=75,"A",IF(JB5>=70,"B2",IF(JB5>=50,"C",IF(JB5>=45,"D",IF(JB5>=40,"E",IF(JB5>=6,"F",IF(JB5<5,""))))))) | JE5: =IF(JB5>=75,"Excellent",IF(JB5>=70,"V.Good",IF(JB5>=65,"Good",IF(JB5>=60,"Credit",IF(JB5>=55,"Credit",IF(JB5>=50,"Credit",IF(JB5>=45,"Pass",IF(JB5>=40,"Pass",IF(JB5>=6,"Fail",IF(JB5<5,"")))))))))) | JF5: 3 | JG5: =IU5 -> AMOS ANJILI STANLEY | JL5: =SUM(JH5:JK5) -> 0 | JN5: =JL5+JM5 -> 0 | JO5: =IF(JN5<10,"",RANK(JN5,JN$3:JN$52)) | JP5: =IF(JN5>=75,"A",IF(JN5>=70,"B2",IF(JN5>=50,"C",IF(JN5>=45,"D",IF(JN5>=40,"E",IF(JN5>=6,"F",IF(JN5<5,""))))))) | JQ5: =IF(JN5>=75,"Excellent",IF(JN5>=70,"V.Good",IF(JN5>=65,"Good",IF(JN5>=60,"Credit",IF(JN5>=55,"Credit",IF(JN5>=50,"Credit",IF(JN5>=45,"Pass",IF(JN5>=40,"Pass",IF(JN5>=6,"Fail",IF(JN5<5,"")))))))))) | JR5: 3 | JS5: =JG5 -> AMOS ANJILI STANLEY | JX5: =SUM(JT5:JW5) -> 0 | JZ5: =JX5+JY5 -> 0 | KA5: =IF(JZ5<10,"",RANK(JZ5,JZ$3:JZ$52)) | KB5: =IF(JZ5>=75,"A",IF(JZ5>=70,"B2",IF(JZ5>=50,"C",IF(JZ5>=45,"D",IF(JZ5>=40,"E",IF(JZ5>=6,"F",IF(JZ5<5,""))))))) | KC5: =IF(JZ5>=75,"Excellent",IF(JZ5>=70,"V.Good",IF(JZ5>=65,"Good",IF(JZ5>=60,"Credit",IF(JZ5>=55,"Credit",IF(JZ5>=50,"Credit",IF(JZ5>=45,"Pass",IF(JZ5>=40,"Pass",IF(JZ5>=6,"Fail",IF(JZ5<5,""))))))))))
A6: 4 | B6: 4 | C6: =Data!B5 -> BABAKURA ABUBAKAR YUSUF | D6: 10 | E6: 6 | F6: 9 | G6: 10 | H6: =SUM(D6:G6) -> 35 | I6: 25 | J6: =H6+I6 -> 60 | K6: =IF(J6<10,"",RANK(J6,J$3:J$52)) -> 18 | L6: =IF(J6>=75,"A1",IF(J6>=70,"B2",IF(J6>=65,"B3",IF(J6>=60,"C4",IF(J6>=55,"C5",IF(J6>=50,"C6",IF(J6>=45,"D7",IF(J6>=40,"E8",IF(J6>=6,"F",IF(J6<5,"")))))))))) -> C4 | M6: =IF(J6>=75,"Excellent",IF(J6>=70,"V.Good",IF(J6>=65,"Good",IF(J6>=60,"Credit",IF(J6>=55,"Credit",IF(J6>=50,"Credit",IF(J6>=45,"Pass",IF(J6>=40,"Pass",IF(J6>=6,"Fail",IF(J6<5,"")))))))))) -> Credit | N6: 4 | O6: =Data!B5 -> BABAKURA ABUBAKAR YUSUF | T6: =SUM(P6:S6) -> 0 | V6: =T6+U6 -> 0 | W6: =IF(V6<10,"",RANK(V6,V$3:V$52)) | X6: =IF(V6>=75,"A1",IF(V6>=70,"B2",IF(V6>=65,"B3",IF(V6>=60,"C4",IF(V6>=55,"C5",IF(V6>=50,"C6",IF(V6>=45,"D7",IF(V6>=40,"E8",IF(V6>=6,"F",IF(V6<5,"")))))))))) | Y6: =IF(V6>=75,"Excellent",IF(V6>=70,"V.Good",IF(V6>=65,"Good",IF(V6>=60,"Credit",IF(V6>=55,"Credit",IF(V6>=50,"Credit",IF(V6>=45,"Pass",IF(V6>=40,"Pass",IF(V6>=6,"Fail",IF(V6<5,"")))))))))) | Z6: 4 | AA6: =Data!B5 -> BABAKURA ABUBAKAR YUSUF | AB6: 10 | AC6: 6 | AD6: 9 | AE6: 10 | AF6: =SUM(AB6:AE6) -> 35 | AG6: 25 | AH6: =AF6+AG6 -> 60 | AI6: =IF(AH6<10,"",RANK(AH6,AH$3:AH$52)) -> 18 | AJ6: =IF(AH6>=75,"A1",IF(AH6>=70,"B2",IF(AH6>=65,"B3",IF(AH6>=60,"C4",IF(AH6>=55,"C5",IF(AH6>=50,"C6",IF(AH6>=45,"D7",IF(AH6>=40,"E8",IF(AH6>=6,"F",IF(AH6<5,"")))))))))) -> C4 | AK6: =IF(AH6>=75,"Excellent",IF(AH6>=70,"V.Good",IF(AH6>=65,"Good",IF(AH6>=60,"Credit",IF(AH6>=55,"Credit",IF(AH6>=50,"Credit",IF(AH6>=45,"Pass",IF(AH6>=40,"Pass",IF(AH6>=6,"Fail",IF(AH6<5,"")))))))))) -> Credit | AL6: 4 | AM6: =Data!B5 -> BABAKURA ABUBAKAR YUSUF | AN6: 10 | AO6: 6 | AP6: 9 | AQ6: 10 | AR6: =SUM(AN6:AQ6) -> 35 | AS6: 25 | AT6: =AR6+AS6 -> 60 | AU6: =IF(AT6<10,"",RANK(AT6,AT$3:AT$52)) -> 18 | AV6: =IF(AT6>=75,"A1",IF(AT6>=70,"B2",IF(AT6>=65,"B3",IF(AT6>=60,"C4",IF(AT6>=55,"C5",IF(AT6>=50,"C6",IF(AT6>=45,"D7",IF(AT6>=40,"E8",IF(AT6>=6,"F",IF(AT6<5,"")))))))))) -> C4 | AW6: =IF(AT6>=75,"Excellent",IF(AT6>=70,"V.Good",IF(AT6>=65,"Good",IF(AT6>=60,"Credit",IF(AT6>=55,"Credit",IF(AT6>=50,"Credit",IF(AT6>=45,"Pass",IF(AT6>=40,"Pass",IF(AT6>=6,"Fail",IF(AT6<5,"")))))))))) -> Credit | AX6: 4 | AY6: =Data!B5 -> BABAKURA ABUBAKAR YUSUF | AZ6: 10 | BA6: 6 | BB6: 9 | BC6: 10 | BD6: =SUM(AZ6:BC6) -> 35 | BE6: 25 | BF6: =BD6+BE6 -> 60 | BG6: =IF(BF6<10,"",RANK(BF6,BF$3:BF$52)) -> 18 | BH6: =IF(BF6>=75,"A1",IF(BF6>=70,"B2",IF(BF6>=65,"B3",IF(BF6>=60,"C4",IF(BF6>=55,"C5",IF(BF6>=50,"C6",IF(BF6>=45,"D7",IF(BF6>=40,"E8",IF(BF6>=6,"F",IF(BF6<5,"")))))))))) -> C4 | BI6: =IF(BF6>=75,"Excellent",IF(BF6>=70,"V.Good",IF(BF6>=65,"Good",IF(BF6>=60,"Credit",IF(BF6>=55,"Credit",IF(BF6>=50,"Credit",IF(BF6>=45,"Pass",IF(BF6>=40,"Pass",IF(BF6>=6,"Fail",IF(BF6<5,"")))))))))) -> Credit | BJ6: 4 | BK6: =Data!B5 -> BABAKURA ABUBAKAR YUSUF | BL6: 10 | BM6: 6 | BN6: 9 | BO6: 10 | BP6: =SUM(BL6:BO6) -> 35 | BQ6: 25 | BR6: =BP6+BQ6 -> 60 | BS6: =IF(BR6<10,"",RANK(BR6,BR$3:BR$52)) -> 18 | BT6: =IF(BR6>=75,"A1",IF(BR6>=70,"B2",IF(BR6>=65,"B3",IF(BR6>=60,"C4",IF(BR6>=55,"C5",IF(BR6>=50,"C6",IF(BR6>=45,"D7",IF(BR6>=40,"E8",IF(BR6>=6,"F",IF(BR6<5,"")))))))))) -> C4 | BU6: =IF(BR6>=75,"Excellent",IF(BR6>=70,"V.Good",IF(BR6>=65,"Good",IF(BR6>=60,"Credit",IF(BR6>=55,"Credit",IF(BR6>=50,"Credit",IF(BR6>=45,"Pass",IF(BR6>=40,"Pass",IF(BR6>=6,"Fail",IF(BR6<5,"")))))))))) -> Credit | BV6: 4 | BW6: =Data!B5 -> BABAKURA ABUBAKAR YUSUF | BX6: 10 | BY6: 6 | BZ6: 9 | CA6: 10 | CB6: =SUM(BX6:CA6) -> 35 | CC6: 25 | CD6: =CB6+CC6 -> 60 | CE6: =IF(CD6<10,"",RANK(CD6,CD$3:CD$52)) -> 18 | CF6: =IF(CD6>=75,"A1",IF(CD6>=70,"B2",IF(CD6>=65,"B3",IF(CD6>=60,"C4",IF(CD6>=55,"C5",IF(CD6>=50,"C6",IF(CD6>=45,"D7",IF(CD6>=40,"E8",IF(CD6>=6,"F",IF(CD6<5,"")))))))))) -> C4 | CG6: =IF(CD6>=75,"Excellent",IF(CD6>=70,"V.Good",IF(CD6>=65,"Good",IF(CD6>=60,"Credit",IF(CD6>=55,"Credit",IF(CD6>=50,"Credit",IF(CD6>=45,"Pass",IF(CD6>=40,"Pass",IF(CD6>=6,"Fail",IF(CD6<5,"")))))))))) -> Credit | CH6: 4 | CI6: =Data!B5 -> BABAKURA ABUBAKAR YUSUF | CN6: =SUM(CJ6:CM6) -> 0 | CP6: =CN6+CO6 -> 0 | CQ6: =IF(CP6<10,"",RANK(CP6,CP$3:CP$52)) | CR6: =IF(CP6>=75,"A1",IF(CP6>=70,"B2",IF(CP6>=65,"B3",IF(CP6>=60,"C4",IF(CP6>=55,"C5",IF(CP6>=50,"C6",IF(CP6>=45,"D7",IF(CP6>=40,"E8",IF(CP6>=6,"F",IF(CP6<5,"")))))))))) | CS6: =IF(CP6>=75,"Excellent",IF(CP6>=70,"V.Good",IF(CP6>=65,"Good",IF(CP6>=60,"Credit",IF(CP6>=55,"Credit",IF(CP6>=50,"Credit",IF(CP6>=45,"Pass",IF(CP6>=40,"Pass",IF(CP6>=6,"Fail",IF(CP6<5,"")))))))))) | CT6: 4 | CU6: =Data!B5 -> BABAKURA ABUBAKAR YUSUF | CZ6: =SUM(CV6:CY6) -> 0 | DB6: =CZ6+DA6 -> 0 | DC6: =IF(DB6<10,"",RANK(DB6,DB$3:DB$52)) | DD6: =IF(DB6>=75,"A1",IF(DB6>=70,"B2",IF(DB6>=65,"B3",IF(DB6>=60,"C4",IF(DB6>=55,"C5",IF(DB6>=50,"C6",IF(DB6>=45,"D7",IF(DB6>=40,"E8",IF(DB6>=6,"F",IF(DB6<5,"")))))))))) | DE6: =IF(DB6>=75,"Excellent",IF(DB6>=70,"V.Good",IF(DB6>=65,"Good",IF(DB6>=60,"Credit",IF(DB6>=55,"Credit",IF(DB6>=50,"Credit",IF(DB6>=45,"Pass",IF(DB6>=40,"Pass",IF(DB6>=6,"Fail",IF(DB6<5,"")))))))))) | DF6: 4 | DG6: =Data!B5 -> BABAKURA ABUBAKAR YUSUF | DL6: =SUM(DH6:DK6) -> 0 | DN6: =DL6+DM6 -> 0 | DO6: =IF(DN6<10,"",RANK(DN6,DN$3:DN$52)) | DP6: =IF(DN6>=75,"A1",IF(DN6>=70,"B2",IF(DN6>=65,"B3",IF(DN6>=60,"C4",IF(DN6>=55,"C5",IF(DN6>=50,"C6",IF(DN6>=45,"D7",IF(DN6>=40,"E8",IF(DN6>=6,"F",IF(DN6<5,"")))))))))) | DQ6: =IF(DN6>=75,"Excellent",IF(DN6>=70,"V.Good",IF(DN6>=65,"Good",IF(DN6>=60,"Credit",IF(DN6>=55,"Credit",IF(DN6>=50,"Credit",IF(DN6>=45,"Pass",IF(DN6>=40,"Pass",IF(DN6>=6,"Fail",IF(DN6<5,"")))))))))) | DR6: 4 | DS6: =Data!B5 -> BABAKURA ABUBAKAR YUSUF | DX6: =SUM(DT6:DW6) -> 0 | DZ6: =DX6+DY6 -> 0 | EA6: =IF(DZ6<10,"",RANK(DZ6,DZ$3:DZ$52)) | EB6: =IF(DZ6>=75,"A1",IF(DZ6>=70,"B2",IF(DZ6>=65,"B3",IF(DZ6>=60,"C4",IF(DZ6>=55,"C5",IF(DZ6>=50,"C6",IF(DZ6>=45,"D7",IF(DZ6>=40,"E8",IF(DZ6>=6,"F",IF(DZ6<5,"")))))))))) | EC6: =IF(DZ6>=75,"Excellent",IF(DZ6>=70,"V.Good",IF(DZ6>=65,"Good",IF(DZ6>=60,"Credit",IF(DZ6>=55,"Credit",IF(DZ6>=50,"Credit",IF(DZ6>=45,"Pass",IF(DZ6>=40,"Pass",IF(DZ6>=6,"Fail",IF(DZ6<5,"")))))))))) | ED6: 4 | EE6: =Data!B5 -> BABAKURA ABUBAKAR YUSUF | EJ6: =SUM(EF6:EI6) -> 0 | EL6: =EJ6+EK6 -> 0 | EM6: =IF(EL6<10,"",RANK(EL6,EL$3:EL$52)) | EN6: =IF(EL6>=75,"A1",IF(EL6>=70,"B2",IF(EL6>=65,"B3",IF(EL6>=60,"C4",IF(EL6>=55,"C5",IF(EL6>=50,"C6",IF(EL6>=45,"D7",IF(EL6>=40,"E8",IF(EL6>=6,"F",IF(EL6<5,"")))))))))) | EO6: =IF(EL6>=75,"Excellent",IF(EL6>=70,"V.Good",IF(EL6>=65,"Good",IF(EL6>=60,"Credit",IF(EL6>=55,"Credit",IF(EL6>=50,"Credit",IF(EL6>=45,"Pass",IF(EL6>=40,"Pass",IF(EL6>=6,"Fail",IF(EL6<5,"")))))))))) | EP6: 4 | EQ6: =Data!B5 -> BABAKURA ABUBAKAR YUSUF | EV6: =SUM(ER6:EU6) -> 0 | EX6: =EV6+EW6 -> 0 | EY6: =IF(EX6<10,"",RANK(EX6,EX$3:EX$52)) | EZ6: =IF(EX6>=75,"A1",IF(EX6>=70,"B2",IF(EX6>=65,"B3",IF(EX6>=60,"C4",IF(EX6>=55,"C5",IF(EX6>=50,"C6",IF(EX6>=45,"D7",IF(EX6>=40,"E8",IF(EX6>=6,"F",IF(EX6<5,"")))))))))) | FA6: =IF(EX6>=75,"Excellent",IF(EX6>=70,"V.Good",IF(EX6>=65,"Good",IF(EX6>=60,"Credit",IF(EX6>=55,"Credit",IF(EX6>=50,"Credit",IF(EX6>=45,"Pass",IF(EX6>=40,"Pass",IF(EX6>=6,"Fail",IF(EX6<5,"")))))))))) | FB6: 4 | FC6: =Data!B5 -> BABAKURA ABUBAKAR YUSUF | FH6: =SUM(FD6:FG6) -> 0 | FJ6: =FH6+FI6 -> 0 | FK6: =IF(FJ6<10,"",RANK(FJ6,FJ$3:FJ$52)) | FL6: =IF(FJ6>=75,"A",IF(FJ6>=70,"B2",IF(FJ6>=50,"C",IF(FJ6>=45,"D",IF(FJ6>=40,"E",IF(FJ6>=6,"F",IF(FJ6<5,""))))))) | FM6: =IF(FJ6>=75,"Excellent",IF(FJ6>=70,"V.Good",IF(FJ6>=65,"Good",IF(FJ6>=60,"Credit",IF(FJ6>=55,"Credit",IF(FJ6>=50,"Credit",IF(FJ6>=45,"Pass",IF(FJ6>=40,"Pass",IF(FJ6>=6,"Fail",IF(FJ6<5,"")))))))))) | FN6: 4 | FO6: =Data!B5 -> BABAKURA ABUBAKAR YUSUF | FT6: =SUM(FP6:FS6) -> 0 | FV6: =FT6+FU6 -> 0 | FW6: =IF(FV6<10,"",RANK(FV6,FV$3:FV$52)) | FX6: =IF(FV6>=75,"A",IF(FV6>=70,"B2",IF(FV6>=50,"C",IF(FV6>=45,"D",IF(FV6>=40,"E",IF(FV6>=6,"F",IF(FV6<5,""))))))) | FY6: =IF(FV6>=75,"Excellent",IF(FV6>=70,"V.Good",IF(FV6>=65,"Good",IF(FV6>=60,"Credit",IF(FV6>=55,"Credit",IF(FV6>=50,"Credit",IF(FV6>=45,"Pass",IF(FV6>=40,"Pass",IF(FV6>=6,"Fail",IF(FV6<5,"")))))))))) | FZ6: 4 | GA6: =Data!B5 -> BABAKURA ABUBAKAR YUSUF | GF6: =SUM(GB6:GE6) -> 0 | GH6: =GF6+GG6 -> 0 | GI6: =IF(GH6<10,"",RANK(GH6,GH$3:GH$52)) | GJ6: =IF(GH6>=75,"A",IF(GH6>=70,"B2",IF(GH6>=50,"C",IF(GH6>=45,"D",IF(GH6>=40,"E",IF(GH6>=6,"F",IF(GH6<5,""))))))) | GK6: =IF(GH6>=75,"Excellent",IF(GH6>=70,"V.Good",IF(GH6>=65,"Good",IF(GH6>=60,"Credit",IF(GH6>=55,"Credit",IF(GH6>=50,"Credit",IF(GH6>=45,"Pass",IF(GH6>=40,"Pass",IF(GH6>=6,"Fail",IF(GH6<5,"")))))))))) | GL6: 4 | GM6: =Data!B5 -> BABAKURA ABUBAKAR YUSUF | GR6: =SUM(GN6:GQ6) -> 0 | GT6: =GR6+GS6 -> 0 | GU6: =IF(GT6<10,"",RANK(GT6,GT$3:GT$52)) | GV6: =IF(GT6>=75,"A",IF(GT6>=70,"B2",IF(GT6>=50,"C",IF(GT6>=45,"D",IF(GT6>=40,"E",IF(GT6>=6,"F",IF(GT6<5,""))))))) | GW6: =IF(GT6>=75,"Excellent",IF(GT6>=70,"V.Good",IF(GT6>=65,"Good",IF(GT6>=60,"Credit",IF(GT6>=55,"Credit",IF(GT6>=50,"Credit",IF(GT6>=45,"Pass",IF(GT6>=40,"Pass",IF(GT6>=6,"Fail",IF(GT6<5,"")))))))))) | GX6: 4 | GY6: =Data!B5 -> BABAKURA ABUBAKAR YUSUF | HD6: =SUM(GZ6:HC6) -> 0 | HF6: =HD6+HE6 -> 0 | HG6: =IF(HF6<10,"",RANK(HF6,HF$3:HF$52)) | HH6: =IF(HF6>=75,"A",IF(HF6>=70,"B2",IF(HF6>=50,"C",IF(HF6>=45,"D",IF(HF6>=40,"E",IF(HF6>=6,"F",IF(HF6<5,""))))))) | HI6: =IF(HF6>=75,"Excellent",IF(HF6>=70,"V.Good",IF(HF6>=65,"Good",IF(HF6>=60,"Credit",IF(HF6>=55,"Credit",IF(HF6>=50,"Credit",IF(HF6>=45,"Pass",IF(HF6>=40,"Pass",IF(HF6>=6,"Fail",IF(HF6<5,"")))))))))) | HJ6: 4 | HK6: =Data!B5 -> BABAKURA ABUBAKAR YUSUF | HL6: 6 | HM6: 5 | HN6: 8 | HO6: 8 | HP6: =SUM(HL6:HO6) -> 27 | HR6: =HP6+HQ6 -> 27 | HS6: =IF(HR6<10,"",RANK(HR6,HR$3:HR$52)) -> 17 | HT6: =IF(HR6>=75,"A",IF(HR6>=70,"B2",IF(HR6>=50,"C",IF(HR6>=45,"D",IF(HR6>=40,"E",IF(HR6>=6,"F",IF(HR6<5,""))))))) -> F | HU6: =IF(HR6>=75,"Excellent",IF(HR6>=70,"V.Good",IF(HR6>=65,"Good",IF(HR6>=60,"Credit",IF(HR6>=55,"Credit",IF(HR6>=50,"Credit",IF(HR6>=45,"Pass",IF(HR6>=40,"Pass",IF(HR6>=6,"Fail",IF(HR6<5,"")))))))))) -> Fail | HV6: 4 | HW6: =Data!B5 -> BABAKURA ABUBAKAR YUSUF | IB6: =SUM(HX6:IA6) -> 0 | ID6: =IB6+IC6 -> 0 | IE6: =IF(ID6<10,"",RANK(ID6,ID$3:ID$52)) | IF6: =IF(ID6>=75,"A",IF(ID6>=70,"B2",IF(ID6>=50,"C",IF(ID6>=45,"D",IF(ID6>=40,"E",IF(ID6>=6,"F",IF(ID6<5,""))))))) | IG6: =IF(ID6>=75,"Excellent",IF(ID6>=70,"V.Good",IF(ID6>=65,"Good",IF(ID6>=60,"Credit",IF(ID6>=55,"Credit",IF(ID6>=50,"Credit",IF(ID6>=45,"Pass",IF(ID6>=40,"Pass",IF(ID6>=6,"Fail",IF(ID6<5,"")))))))))) | IH6: 4 | II6: =Data!B5 -> BABAKURA ABUBAKAR YUSUF | IN6: =SUM(IJ6:IM6) -> 0 | IP6: =IN6+IO6 -> 0 | IQ6: =IF(IP6<10,"",RANK(IP6,IP$3:IP$52)) | IR6: =IF(IP6>=75,"A",IF(IP6>=70,"B2",IF(IP6>=50,"C",IF(IP6>=45,"D",IF(IP6>=40,"E",IF(IP6>=6,"F",IF(IP6<5,""))))))) | IS6: =IF(IP6>=75,"Excellent",IF(IP6>=70,"V.Good",IF(IP6>=65,"Good",IF(IP6>=60,"Credit",IF(IP6>=55,"Credit",IF(IP6>=50,"Credit",IF(IP6>=45,"Pass",IF(IP6>=40,"Pass",IF(IP6>=6,"Fail",IF(IP6<5,"")))))))))) | IT6: 4 | IU6: =II6 -> BABAKURA ABUBAKAR YUSUF | IZ6: =SUM(IV6:IY6) -> 0 | JB6: =IZ6+JA6 -> 0 | JC6: =IF(JB6<10,"",RANK(JB6,JB$3:JB$52)) | JD6: =IF(JB6>=75,"A",IF(JB6>=70,"B2",IF(JB6>=50,"C",IF(JB6>=45,"D",IF(JB6>=40,"E",IF(JB6>=6,"F",IF(JB6<5,""))))))) | JE6: =IF(JB6>=75,"Excellent",IF(JB6>=70,"V.Good",IF(JB6>=65,"Good",IF(JB6>=60,"Credit",IF(JB6>=55,"Credit",IF(JB6>=50,"Credit",IF(JB6>=45,"Pass",IF(JB6>=40,"Pass",IF(JB6>=6,"Fail",IF(JB6<5,"")))))))))) | JF6: 4 | JG6: =IU6 -> BABAKURA ABUBAKAR YUSUF | JL6: =SUM(JH6:JK6) -> 0 | JN6: =JL6+JM6 -> 0 | JO6: =IF(JN6<10,"",RANK(JN6,JN$3:JN$52)) | JP6: =IF(JN6>=75,"A",IF(JN6>=70,"B2",IF(JN6>=50,"C",IF(JN6>=45,"D",IF(JN6>=40,"E",IF(JN6>=6,"F",IF(JN6<5,""))))))) | JQ6: =IF(JN6>=75,"Excellent",IF(JN6>=70,"V.Good",IF(JN6>=65,"Good",IF(JN6>=60,"Credit",IF(JN6>=55,"Credit",IF(JN6>=50,"Credit",IF(JN6>=45,"Pass",IF(JN6>=40,"Pass",IF(JN6>=6,"Fail",IF(JN6<5,"")))))))))) | JR6: 4 | JS6: =JG6 -> BABAKURA ABUBAKAR YUSUF | JX6: =SUM(JT6:JW6) -> 0 | JZ6: =JX6+JY6 -> 0 | KA6: =IF(JZ6<10,"",RANK(JZ6,JZ$3:JZ$52)) | KB6: =IF(JZ6>=75,"A",IF(JZ6>=70,"B2",IF(JZ6>=50,"C",IF(JZ6>=45,"D",IF(JZ6>=40,"E",IF(JZ6>=6,"F",IF(JZ6<5,""))))))) | KC6: =IF(JZ6>=75,"Excellent",IF(JZ6>=70,"V.Good",IF(JZ6>=65,"Good",IF(JZ6>=60,"Credit",IF(JZ6>=55,"Credit",IF(JZ6>=50,"Credit",IF(JZ6>=45,"Pass",IF(JZ6>=40,"Pass",IF(JZ6>=6,"Fail",IF(JZ6<5,""))))))))))
A7: 5 | B7: 5 | C7: =Data!B6 -> BUKAR MOHAMMED KADI | D7: 7 | E7: 6 | F7: 9 | G7: 10 | H7: =SUM(D7:G7) -> 32 | I7: 11 | J7: =H7+I7 -> 43 | K7: =IF(J7<10,"",RANK(J7,J$3:J$52)) -> 43 | L7: =IF(J7>=75,"A1",IF(J7>=70,"B2",IF(J7>=65,"B3",IF(J7>=60,"C4",IF(J7>=55,"C5",IF(J7>=50,"C6",IF(J7>=45,"D7",IF(J7>=40,"E8",IF(J7>=6,"F",IF(J7<5,"")))))))))) -> E8 | M7: =IF(J7>=75,"Excellent",IF(J7>=70,"V.Good",IF(J7>=65,"Good",IF(J7>=60,"Credit",IF(J7>=55,"Credit",IF(J7>=50,"Credit",IF(J7>=45,"Pass",IF(J7>=40,"Pass",IF(J7>=6,"Fail",IF(J7<5,"")))))))))) -> Pass | N7: 5 | O7: =Data!B6 -> BUKAR MOHAMMED KADI | T7: =SUM(P7:S7) -> 0 | V7: =T7+U7 -> 0 | W7: =IF(V7<10,"",RANK(V7,V$3:V$52)) | X7: =IF(V7>=75,"A1",IF(V7>=70,"B2",IF(V7>=65,"B3",IF(V7>=60,"C4",IF(V7>=55,"C5",IF(V7>=50,"C6",IF(V7>=45,"D7",IF(V7>=40,"E8",IF(V7>=6,"F",IF(V7<5,"")))))))))) | Y7: =IF(V7>=75,"Excellent",IF(V7>=70,"V.Good",IF(V7>=65,"Good",IF(V7>=60,"Credit",IF(V7>=55,"Credit",IF(V7>=50,"Credit",IF(V7>=45,"Pass",IF(V7>=40,"Pass",IF(V7>=6,"Fail",IF(V7<5,"")))))))))) | Z7: 5 | AA7: =Data!B6 -> BUKAR MOHAMMED KADI | AB7: 7 | AC7: 6 | AD7: 9 | AE7: 10 | AF7: =SUM(AB7:AE7) -> 32 | AG7: 11 | AH7: =AF7+AG7 -> 43 | AI7: =IF(AH7<10,"",RANK(AH7,AH$3:AH$52)) -> 43 | AJ7: =IF(AH7>=75,"A1",IF(AH7>=70,"B2",IF(AH7>=65,"B3",IF(AH7>=60,"C4",IF(AH7>=55,"C5",IF(AH7>=50,"C6",IF(AH7>=45,"D7",IF(AH7>=40,"E8",IF(AH7>=6,"F",IF(AH7<5,"")))))))))) -> E8 | AK7: =IF(AH7>=75,"Excellent",IF(AH7>=70,"V.Good",IF(AH7>=65,"Good",IF(AH7>=60,"Credit",IF(AH7>=55,"Credit",IF(AH7>=50,"Credit",IF(AH7>=45,"Pass",IF(AH7>=40,"Pass",IF(AH7>=6,"Fail",IF(AH7<5,"")))))))))) -> Pass | AL7: 5 | AM7: =Data!B6 -> BUKAR MOHAMMED KADI | AN7: 7 | AO7: 6 | AP7: 9 | AQ7: 10 | AR7: =SUM(AN7:AQ7) -> 32 | AS7: 11 | AT7: =AR7+AS7 -> 43 | AU7: =IF(AT7<10,"",RANK(AT7,AT$3:AT$52)) -> 43 | AV7: =IF(AT7>=75,"A1",IF(AT7>=70,"B2",IF(AT7>=65,"B3",IF(AT7>=60,"C4",IF(AT7>=55,"C5",IF(AT7>=50,"C6",IF(AT7>=45,"D7",IF(AT7>=40,"E8",IF(AT7>=6,"F",IF(AT7<5,"")))))))))) -> E8 | AW7: =IF(AT7>=75,"Excellent",IF(AT7>=70,"V.Good",IF(AT7>=65,"Good",IF(AT7>=60,"Credit",IF(AT7>=55,"Credit",IF(AT7>=50,"Credit",IF(AT7>=45,"Pass",IF(AT7>=40,"Pass",IF(AT7>=6,"Fail",IF(AT7<5,"")))))))))) -> Pass | AX7: 5 | AY7: =Data!B6 -> BUKAR MOHAMMED KADI | AZ7: 7 | BA7: 6 | BB7: 9 | BC7: 10 | BD7: =SUM(AZ7:BC7) -> 32 | BE7: 11 | BF7: =BD7+BE7 -> 43 | BG7: =IF(BF7<10,"",RANK(BF7,BF$3:BF$52)) -> 43 | BH7: =IF(BF7>=75,"A1",IF(BF7>=70,"B2",IF(BF7>=65,"B3",IF(BF7>=60,"C4",IF(BF7>=55,"C5",IF(BF7>=50,"C6",IF(BF7>=45,"D7",IF(BF7>=40,"E8",IF(BF7>=6,"F",IF(BF7<5,"")))))))))) -> E8 | BI7: =IF(BF7>=75,"Excellent",IF(BF7>=70,"V.Good",IF(BF7>=65,"Good",IF(BF7>=60,"Credit",IF(BF7>=55,"Credit",IF(BF7>=50,"Credit",IF(BF7>=45,"Pass",IF(BF7>=40,"Pass",IF(BF7>=6,"Fail",IF(BF7<5,"")))))))))) -> Pass | BJ7: 5 | BK7: =Data!B6 -> BUKAR MOHAMMED KADI | BL7: 7 | BM7: 6 | BN7: 9 | BO7: 10 | BP7: =SUM(BL7:BO7) -> 32 | BQ7: 11 | BR7: =BP7+BQ7 -> 43 | BS7: =IF(BR7<10,"",RANK(BR7,BR$3:BR$52)) -> 43 | BT7: =IF(BR7>=75,"A1",IF(BR7>=70,"B2",IF(BR7>=65,"B3",IF(BR7>=60,"C4",IF(BR7>=55,"C5",IF(BR7>=50,"C6",IF(BR7>=45,"D7",IF(BR7>=40,"E8",IF(BR7>=6,"F",IF(BR7<5,"")))))))))) -> E8 | BU7: =IF(BR7>=75,"Excellent",IF(BR7>=70,"V.Good",IF(BR7>=65,"Good",IF(BR7>=60,"Credit",IF(BR7>=55,"Credit",IF(BR7>=50,"Credit",IF(BR7>=45,"Pass",IF(BR7>=40,"Pass",IF(BR7>=6,"Fail",IF(BR7<5,"")))))))))) -> Pass | BV7: 5 | BW7: =Data!B6 -> BUKAR MOHAMMED KADI | BX7: 7 | BY7: 6 | BZ7: 9 | CA7: 10 | CB7: =SUM(BX7:CA7) -> 32 | CC7: 11 | CD7: =CB7+CC7 -> 43 | CE7: =IF(CD7<10,"",RANK(CD7,CD$3:CD$52)) -> 43 | CF7: =IF(CD7>=75,"A1",IF(CD7>=70,"B2",IF(CD7>=65,"B3",IF(CD7>=60,"C4",IF(CD7>=55,"C5",IF(CD7>=50,"C6",IF(CD7>=45,"D7",IF(CD7>=40,"E8",IF(CD7>=6,"F",IF(CD7<5,"")))))))))) -> E8 | CG7: =IF(CD7>=75,"Excellent",IF(CD7>=70,"V.Good",IF(CD7>=65,"Good",IF(CD7>=60,"Credit",IF(CD7>=55,"Credit",IF(CD7>=50,"Credit",IF(CD7>=45,"Pass",IF(CD7>=40,"Pass",IF(CD7>=6,"Fail",IF(CD7<5,"")))))))))) -> Pass | CH7: 5 | CI7: =Data!B6 -> BUKAR MOHAMMED KADI | CN7: =SUM(CJ7:CM7) -> 0 | CP7: =CN7+CO7 -> 0 | CQ7: =IF(CP7<10,"",RANK(CP7,CP$3:CP$52)) | CR7: =IF(CP7>=75,"A1",IF(CP7>=70,"B2",IF(CP7>=65,"B3",IF(CP7>=60,"C4",IF(CP7>=55,"C5",IF(CP7>=50,"C6",IF(CP7>=45,"D7",IF(CP7>=40,"E8",IF(CP7>=6,"F",IF(CP7<5,"")))))))))) | CS7: =IF(CP7>=75,"Excellent",IF(CP7>=70,"V.Good",IF(CP7>=65,"Good",IF(CP7>=60,"Credit",IF(CP7>=55,"Credit",IF(CP7>=50,"Credit",IF(CP7>=45,"Pass",IF(CP7>=40,"Pass",IF(CP7>=6,"Fail",IF(CP7<5,"")))))))))) | CT7: 5 | CU7: =Data!B6 -> BUKAR MOHAMMED KADI | CZ7: =SUM(CV7:CY7) -> 0 | DB7: =CZ7+DA7 -> 0 | DC7: =IF(DB7<10,"",RANK(DB7,DB$3:DB$52)) | DD7: =IF(DB7>=75,"A1",IF(DB7>=70,"B2",IF(DB7>=65,"B3",IF(DB7>=60,"C4",IF(DB7>=55,"C5",IF(DB7>=50,"C6",IF(DB7>=45,"D7",IF(DB7>=40,"E8",IF(DB7>=6,"F",IF(DB7<5,"")))))))))) | DE7: =IF(DB7>=75,"Excellent",IF(DB7>=70,"V.Good",IF(DB7>=65,"Good",IF(DB7>=60,"Credit",IF(DB7>=55,"Credit",IF(DB7>=50,"Credit",IF(DB7>=45,"Pass",IF(DB7>=40,"Pass",IF(DB7>=6,"Fail",IF(DB7<5,"")))))))))) | DF7: 5 | DG7: =Data!B6 -> BUKAR MOHAMMED KADI | DL7: =SUM(DH7:DK7) -> 0 | DN7: =DL7+DM7 -> 0 | DO7: =IF(DN7<10,"",RANK(DN7,DN$3:DN$52)) | DP7: =IF(DN7>=75,"A1",IF(DN7>=70,"B2",IF(DN7>=65,"B3",IF(DN7>=60,"C4",IF(DN7>=55,"C5",IF(DN7>=50,"C6",IF(DN7>=45,"D7",IF(DN7>=40,"E8",IF(DN7>=6,"F",IF(DN7<5,"")))))))))) | DQ7: =IF(DN7>=75,"Excellent",IF(DN7>=70,"V.Good",IF(DN7>=65,"Good",IF(DN7>=60,"Credit",IF(DN7>=55,"Credit",IF(DN7>=50,"Credit",IF(DN7>=45,"Pass",IF(DN7>=40,"Pass",IF(DN7>=6,"Fail",IF(DN7<5,"")))))))))) | DR7: 5 | DS7: =Data!B6 -> BUKAR MOHAMMED KADI | DX7: =SUM(DT7:DW7) -> 0 | DZ7: =DX7+DY7 -> 0 | EA7: =IF(DZ7<10,"",RANK(DZ7,DZ$3:DZ$52)) | EB7: =IF(DZ7>=75,"A1",IF(DZ7>=70,"B2",IF(DZ7>=65,"B3",IF(DZ7>=60,"C4",IF(DZ7>=55,"C5",IF(DZ7>=50,"C6",IF(DZ7>=45,"D7",IF(DZ7>=40,"E8",IF(DZ7>=6,"F",IF(DZ7<5,"")))))))))) | EC7: =IF(DZ7>=75,"Excellent",IF(DZ7>=70,"V.Good",IF(DZ7>=65,"Good",IF(DZ7>=60,"Credit",IF(DZ7>=55,"Credit",IF(DZ7>=50,"Credit",IF(DZ7>=45,"Pass",IF(DZ7>=40,"Pass",IF(DZ7>=6,"Fail",IF(DZ7<5,"")))))))))) | ED7: 5 | EE7: =Data!B6 -> BUKAR MOHAMMED KADI | EJ7: =SUM(EF7:EI7) -> 0 | EL7: =EJ7+EK7 -> 0 | EM7: =IF(EL7<10,"",RANK(EL7,EL$3:EL$52)) | EN7: =IF(EL7>=75,"A1",IF(EL7>=70,"B2",IF(EL7>=65,"B3",IF(EL7>=60,"C4",IF(EL7>=55,"C5",IF(EL7>=50,"C6",IF(EL7>=45,"D7",IF(EL7>=40,"E8",IF(EL7>=6,"F",IF(EL7<5,"")))))))))) | EO7: =IF(EL7>=75,"Excellent",IF(EL7>=70,"V.Good",IF(EL7>=65,"Good",IF(EL7>=60,"Credit",IF(EL7>=55,"Credit",IF(EL7>=50,"Credit",IF(EL7>=45,"Pass",IF(EL7>=40,"Pass",IF(EL7>=6,"Fail",IF(EL7<5,"")))))))))) | EP7: 5 | EQ7: =Data!B6 -> BUKAR MOHAMMED KADI | EV7: =SUM(ER7:EU7) -> 0 | EX7: =EV7+EW7 -> 0 | EY7: =IF(EX7<10,"",RANK(EX7,EX$3:EX$52)) | EZ7: =IF(EX7>=75,"A1",IF(EX7>=70,"B2",IF(EX7>=65,"B3",IF(EX7>=60,"C4",IF(EX7>=55,"C5",IF(EX7>=50,"C6",IF(EX7>=45,"D7",IF(EX7>=40,"E8",IF(EX7>=6,"F",IF(EX7<5,"")))))))))) | FA7: =IF(EX7>=75,"Excellent",IF(EX7>=70,"V.Good",IF(EX7>=65,"Good",IF(EX7>=60,"Credit",IF(EX7>=55,"Credit",IF(EX7>=50,"Credit",IF(EX7>=45,"Pass",IF(EX7>=40,"Pass",IF(EX7>=6,"Fail",IF(EX7<5,"")))))))))) | FB7: 5 | FC7: =Data!B6 -> BUKAR MOHAMMED KADI | FH7: =SUM(FD7:FG7) -> 0 | FJ7: =FH7+FI7 -> 0 | FK7: =IF(FJ7<10,"",RANK(FJ7,FJ$3:FJ$52)) | FL7: =IF(FJ7>=75,"A",IF(FJ7>=70,"B2",IF(FJ7>=50,"C",IF(FJ7>=45,"D",IF(FJ7>=40,"E",IF(FJ7>=6,"F",IF(FJ7<5,""))))))) | FM7: =IF(FJ7>=75,"Excellent",IF(FJ7>=70,"V.Good",IF(FJ7>=65,"Good",IF(FJ7>=60,"Credit",IF(FJ7>=55,"Credit",IF(FJ7>=50,"Credit",IF(FJ7>=45,"Pass",IF(FJ7>=40,"Pass",IF(FJ7>=6,"Fail",IF(FJ7<5,"")))))))))) | FN7: 5 | FO7: =Data!B6 -> BUKAR MOHAMMED KADI | FT7: =SUM(FP7:FS7) -> 0 | FV7: =FT7+FU7 -> 0 | FW7: =IF(FV7<10,"",RANK(FV7,FV$3:FV$52)) | FX7: =IF(FV7>=75,"A",IF(FV7>=70,"B2",IF(FV7>=50,"C",IF(FV7>=45,"D",IF(FV7>=40,"E",IF(FV7>=6,"F",IF(FV7<5,""))))))) | FY7: =IF(FV7>=75,"Excellent",IF(FV7>=70,"V.Good",IF(FV7>=65,"Good",IF(FV7>=60,"Credit",IF(FV7>=55,"Credit",IF(FV7>=50,"Credit",IF(FV7>=45,"Pass",IF(FV7>=40,"Pass",IF(FV7>=6,"Fail",IF(FV7<5,"")))))))))) | FZ7: 5 | GA7: =Data!B6 -> BUKAR MOHAMMED KADI | GF7: =SUM(GB7:GE7) -> 0 | GH7: =GF7+GG7 -> 0 | GI7: =IF(GH7<10,"",RANK(GH7,GH$3:GH$52)) | GJ7: =IF(GH7>=75,"A",IF(GH7>=70,"B2",IF(GH7>=50,"C",IF(GH7>=45,"D",IF(GH7>=40,"E",IF(GH7>=6,"F",IF(GH7<5,""))))))) | GK7: =IF(GH7>=75,"Excellent",IF(GH7>=70,"V.Good",IF(GH7>=65,"Good",IF(GH7>=60,"Credit",IF(GH7>=55,"Credit",IF(GH7>=50,"Credit",IF(GH7>=45,"Pass",IF(GH7>=40,"Pass",IF(GH7>=6,"Fail",IF(GH7<5,"")))))))))) | GL7: 5 | GM7: =Data!B6 -> BUKAR MOHAMMED KADI | GR7: =SUM(GN7:GQ7) -> 0 | GT7: =GR7+GS7 -> 0 | GU7: =IF(GT7<10,"",RANK(GT7,GT$3:GT$52)) | GV7: =IF(GT7>=75,"A",IF(GT7>=70,"B2",IF(GT7>=50,"C",IF(GT7>=45,"D",IF(GT7>=40,"E",IF(GT7>=6,"F",IF(GT7<5,""))))))) | GW7: =IF(GT7>=75,"Excellent",IF(GT7>=70,"V.Good",IF(GT7>=65,"Good",IF(GT7>=60,"Credit",IF(GT7>=55,"Credit",IF(GT7>=50,"Credit",IF(GT7>=45,"Pass",IF(GT7>=40,"Pass",IF(GT7>=6,"Fail",IF(GT7<5,"")))))))))) | GX7: 5 | GY7: =Data!B6 -> BUKAR MOHAMMED KADI | HD7: =SUM(GZ7:HC7) -> 0 | HF7: =HD7+HE7 -> 0 | HG7: =IF(HF7<10,"",RANK(HF7,HF$3:HF$52)) | HH7: =IF(HF7>=75,"A",IF(HF7>=70,"B2",IF(HF7>=50,"C",IF(HF7>=45,"D",IF(HF7>=40,"E",IF(HF7>=6,"F",IF(HF7<5,""))))))) | HI7: =IF(HF7>=75,"Excellent",IF(HF7>=70,"V.Good",IF(HF7>=65,"Good",IF(HF7>=60,"Credit",IF(HF7>=55,"Credit",IF(HF7>=50,"Credit",IF(HF7>=45,"Pass",IF(HF7>=40,"Pass",IF(HF7>=6,"Fail",IF(HF7<5,"")))))))))) | HJ7: 5 | HK7: =Data!B6 -> BUKAR MOHAMMED KADI | HP7: =SUM(HL7:HO7) -> 0 | HR7: =HP7+HQ7 -> 0 | HS7: =IF(HR7<10,"",RANK(HR7,HR$3:HR$52)) | HT7: =IF(HR7>=75,"A",IF(HR7>=70,"B2",IF(HR7>=50,"C",IF(HR7>=45,"D",IF(HR7>=40,"E",IF(HR7>=6,"F",IF(HR7<5,""))))))) | HU7: =IF(HR7>=75,"Excellent",IF(HR7>=70,"V.Good",IF(HR7>=65,"Good",IF(HR7>=60,"Credit",IF(HR7>=55,"Credit",IF(HR7>=50,"Credit",IF(HR7>=45,"Pass",IF(HR7>=40,"Pass",IF(HR7>=6,"Fail",IF(HR7<5,"")))))))))) | HV7: 5 | HW7: =Data!B6 -> BUKAR MOHAMMED KADI | IB7: =SUM(HX7:IA7) -> 0 | ID7: =IB7+IC7 -> 0 | IE7: =IF(ID7<10,"",RANK(ID7,ID$3:ID$52)) | IF7: =IF(ID7>=75,"A",IF(ID7>=70,"B2",IF(ID7>=50,"C",IF(ID7>=45,"D",IF(ID7>=40,"E",IF(ID7>=6,"F",IF(ID7<5,""))))))) | IG7: =IF(ID7>=75,"Excellent",IF(ID7>=70,"V.Good",IF(ID7>=65,"Good",IF(ID7>=60,"Credit",IF(ID7>=55,"Credit",IF(ID7>=50,"Credit",IF(ID7>=45,"Pass",IF(ID7>=40,"Pass",IF(ID7>=6,"Fail",IF(ID7<5,"")))))))))) | IH7: 5 | II7: =Data!B6 -> BUKAR MOHAMMED KADI | IN7: =SUM(IJ7:IM7) -> 0 | IP7: =IN7+IO7 -> 0 | IQ7: =IF(IP7<10,"",RANK(IP7,IP$3:IP$52)) | IR7: =IF(IP7>=75,"A",IF(IP7>=70,"B2",IF(IP7>=50,"C",IF(IP7>=45,"D",IF(IP7>=40,"E",IF(IP7>=6,"F",IF(IP7<5,""))))))) | IS7: =IF(IP7>=75,"Excellent",IF(IP7>=70,"V.Good",IF(IP7>=65,"Good",IF(IP7>=60,"Credit",IF(IP7>=55,"Credit",IF(IP7>=50,"Credit",IF(IP7>=45,"Pass",IF(IP7>=40,"Pass",IF(IP7>=6,"Fail",IF(IP7<5,"")))))))))) | IT7: 5 | IU7: =II7 -> BUKAR MOHAMMED KADI | IZ7: =SUM(IV7:IY7) -> 0 | JB7: =IZ7+JA7 -> 0 | JC7: =IF(JB7<10,"",RANK(JB7,JB$3:JB$52)) | JD7: =IF(JB7>=75,"A",IF(JB7>=70,"B2",IF(JB7>=50,"C",IF(JB7>=45,"D",IF(JB7>=40,"E",IF(JB7>=6,"F",IF(JB7<5,""))))))) | JE7: =IF(JB7>=75,"Excellent",IF(JB7>=70,"V.Good",IF(JB7>=65,"Good",IF(JB7>=60,"Credit",IF(JB7>=55,"Credit",IF(JB7>=50,"Credit",IF(JB7>=45,"Pass",IF(JB7>=40,"Pass",IF(JB7>=6,"Fail",IF(JB7<5,"")))))))))) | JF7: 5 | JG7: =IU7 -> BUKAR MOHAMMED KADI | JL7: =SUM(JH7:JK7) -> 0 | JN7: =JL7+JM7 -> 0 | JO7: =IF(JN7<10,"",RANK(JN7,JN$3:JN$52)) | JP7: =IF(JN7>=75,"A",IF(JN7>=70,"B2",IF(JN7>=50,"C",IF(JN7>=45,"D",IF(JN7>=40,"E",IF(JN7>=6,"F",IF(JN7<5,""))))))) | JQ7: =IF(JN7>=75,"Excellent",IF(JN7>=70,"V.Good",IF(JN7>=65,"Good",IF(JN7>=60,"Credit",IF(JN7>=55,"Credit",IF(JN7>=50,"Credit",IF(JN7>=45,"Pass",IF(JN7>=40,"Pass",IF(JN7>=6,"Fail",IF(JN7<5,"")))))))))) | JR7: 5 | JS7: =JG7 -> BUKAR MOHAMMED KADI | JX7: =SUM(JT7:JW7) -> 0 | JZ7: =JX7+JY7 -> 0 | KA7: =IF(JZ7<10,"",RANK(JZ7,JZ$3:JZ$52)) | KB7: =IF(JZ7>=75,"A",IF(JZ7>=70,"B2",IF(JZ7>=50,"C",IF(JZ7>=45,"D",IF(JZ7>=40,"E",IF(JZ7>=6,"F",IF(JZ7<5,""))))))) | KC7: =IF(JZ7>=75,"Excellent",IF(JZ7>=70,"V.Good",IF(JZ7>=65,"Good",IF(JZ7>=60,"Credit",IF(JZ7>=55,"Credit",IF(JZ7>=50,"Credit",IF(JZ7>=45,"Pass",IF(JZ7>=40,"Pass",IF(JZ7>=6,"Fail",IF(JZ7<5,""))))))))))
A8: 6 | B8: 6 | C8: =Data!B7 -> BUKAR MUSTAPHA AJI | D8: 5 | E8: 4 | F8: 7 | G8: 9 | H8: =SUM(D8:G8) -> 25 | I8: 23 | J8: =H8+I8 -> 48 | K8: =IF(J8<10,"",RANK(J8,J$3:J$52)) -> 36 | L8: =IF(J8>=75,"A1",IF(J8>=70,"B2",IF(J8>=65,"B3",IF(J8>=60,"C4",IF(J8>=55,"C5",IF(J8>=50,"C6",IF(J8>=45,"D7",IF(J8>=40,"E8",IF(J8>=6,"F",IF(J8<5,"")))))))))) -> D7 | M8: =IF(J8>=75,"Excellent",IF(J8>=70,"V.Good",IF(J8>=65,"Good",IF(J8>=60,"Credit",IF(J8>=55,"Credit",IF(J8>=50,"Credit",IF(J8>=45,"Pass",IF(J8>=40,"Pass",IF(J8>=6,"Fail",IF(J8<5,"")))))))))) -> Pass | N8: 6 | O8: =Data!B7 -> BUKAR MUSTAPHA AJI | T8: =SUM(P8:S8) -> 0 | V8: =T8+U8 -> 0 | W8: =IF(V8<10,"",RANK(V8,V$3:V$52)) | X8: =IF(V8>=75,"A1",IF(V8>=70,"B2",IF(V8>=65,"B3",IF(V8>=60,"C4",IF(V8>=55,"C5",IF(V8>=50,"C6",IF(V8>=45,"D7",IF(V8>=40,"E8",IF(V8>=6,"F",IF(V8<5,"")))))))))) | Y8: =IF(V8>=75,"Excellent",IF(V8>=70,"V.Good",IF(V8>=65,"Good",IF(V8>=60,"Credit",IF(V8>=55,"Credit",IF(V8>=50,"Credit",IF(V8>=45,"Pass",IF(V8>=40,"Pass",IF(V8>=6,"Fail",IF(V8<5,"")))))))))) | Z8: 6 | AA8: =Data!B7 -> BUKAR MUSTAPHA AJI | AB8: 5 | AC8: 4 | AD8: 7 | AE8: 9 | AF8: =SUM(AB8:AE8) -> 25 | AG8: 23 | AH8: =AF8+AG8 -> 48 | AI8: =IF(AH8<10,"",RANK(AH8,AH$3:AH$52)) -> 36 | AJ8: =IF(AH8>=75,"A1",IF(AH8>=70,"B2",IF(AH8>=65,"B3",IF(AH8>=60,"C4",IF(AH8>=55,"C5",IF(AH8>=50,"C6",IF(AH8>=45,"D7",IF(AH8>=40,"E8",IF(AH8>=6,"F",IF(AH8<5,"")))))))))) -> D7 | AK8: =IF(AH8>=75,"Excellent",IF(AH8>=70,"V.Good",IF(AH8>=65,"Good",IF(AH8>=60,"Credit",IF(AH8>=55,"Credit",IF(AH8>=50,"Credit",IF(AH8>=45,"Pass",IF(AH8>=40,"Pass",IF(AH8>=6,"Fail",IF(AH8<5,"")))))))))) -> Pass | AL8: 6 | AM8: =Data!B7 -> BUKAR MUSTAPHA AJI | AN8: 5 | AO8: 4 | AP8: 7 | AQ8: 9 | AR8: =SUM(AN8:AQ8) -> 25 | AS8: 23 | AT8: =AR8+AS8 -> 48 | AU8: =IF(AT8<10,"",RANK(AT8,AT$3:AT$52)) -> 36 | AV8: =IF(AT8>=75,"A1",IF(AT8>=70,"B2",IF(AT8>=65,"B3",IF(AT8>=60,"C4",IF(AT8>=55,"C5",IF(AT8>=50,"C6",IF(AT8>=45,"D7",IF(AT8>=40,"E8",IF(AT8>=6,"F",IF(AT8<5,"")))))))))) -> D7 | AW8: =IF(AT8>=75,"Excellent",IF(AT8>=70,"V.Good",IF(AT8>=65,"Good",IF(AT8>=60,"Credit",IF(AT8>=55,"Credit",IF(AT8>=50,"Credit",IF(AT8>=45,"Pass",IF(AT8>=40,"Pass",IF(AT8>=6,"Fail",IF(AT8<5,"")))))))))) -> Pass | AX8: 6 | AY8: =Data!B7 -> BUKAR MUSTAPHA AJI | AZ8: 5 | BA8: 4 | BB8: 7 | BC8: 9 | BD8: =SUM(AZ8:BC8) -> 25 | BE8: 23 | BF8: =BD8+BE8 -> 48 | BG8: =IF(BF8<10,"",RANK(BF8,BF$3:BF$52)) -> 36 | BH8: =IF(BF8>=75,"A1",IF(BF8>=70,"B2",IF(BF8>=65,"B3",IF(BF8>=60,"C4",IF(BF8>=55,"C5",IF(BF8>=50,"C6",IF(BF8>=45,"D7",IF(BF8>=40,"E8",IF(BF8>=6,"F",IF(BF8<5,"")))))))))) -> D7 | BI8: =IF(BF8>=75,"Excellent",IF(BF8>=70,"V.Good",IF(BF8>=65,"Good",IF(BF8>=60,"Credit",IF(BF8>=55,"Credit",IF(BF8>=50,"Credit",IF(BF8>=45,"Pass",IF(BF8>=40,"Pass",IF(BF8>=6,"Fail",IF(BF8<5,"")))))))))) -> Pass | BJ8: 6 | BK8: =Data!B7 -> BUKAR MUSTAPHA AJI | BL8: 5 | BM8: 4 | BN8: 7 | BO8: 9 | BP8: =SUM(BL8:BO8) -> 25 | BQ8: 23 | BR8: =BP8+BQ8 -> 48 | BS8: =IF(BR8<10,"",RANK(BR8,BR$3:BR$52)) -> 36 | BT8: =IF(BR8>=75,"A1",IF(BR8>=70,"B2",IF(BR8>=65,"B3",IF(BR8>=60,"C4",IF(BR8>=55,"C5",IF(BR8>=50,"C6",IF(BR8>=45,"D7",IF(BR8>=40,"E8",IF(BR8>=6,"F",IF(BR8<5,"")))))))))) -> D7 | BU8: =IF(BR8>=75,"Excellent",IF(BR8>=70,"V.Good",IF(BR8>=65,"Good",IF(BR8>=60,"Credit",IF(BR8>=55,"Credit",IF(BR8>=50,"Credit",IF(BR8>=45,"Pass",IF(BR8>=40,"Pass",IF(BR8>=6,"Fail",IF(BR8<5,"")))))))))) -> Pass | BV8: 6 | BW8: =Data!B7 -> BUKAR MUSTAPHA AJI | BX8: 5 | BY8: 4 | BZ8: 7 | CA8: 9 | CB8: =SUM(BX8:CA8) -> 25 | CC8: 23 | CD8: =CB8+CC8 -> 48 | CE8: =IF(CD8<10,"",RANK(CD8,CD$3:CD$52)) -> 36 | CF8: =IF(CD8>=75,"A1",IF(CD8>=70,"B2",IF(CD8>=65,"B3",IF(CD8>=60,"C4",IF(CD8>=55,"C5",IF(CD8>=50,"C6",IF(CD8>=45,"D7",IF(CD8>=40,"E8",IF(CD8>=6,"F",IF(CD8<5,"")))))))))) -> D7 | CG8: =IF(CD8>=75,"Excellent",IF(CD8>=70,"V.Good",IF(CD8>=65,"Good",IF(CD8>=60,"Credit",IF(CD8>=55,"Credit",IF(CD8>=50,"Credit",IF(CD8>=45,"Pass",IF(CD8>=40,"Pass",IF(CD8>=6,"Fail",IF(CD8<5,"")))))))))) -> Pass | CH8: 6 | CI8: =Data!B7 -> BUKAR MUSTAPHA AJI | CN8: =SUM(CJ8:CM8) -> 0 | CP8: =CN8+CO8 -> 0 | CQ8: =IF(CP8<10,"",RANK(CP8,CP$3:CP$52)) | CR8: =IF(CP8>=75,"A1",IF(CP8>=70,"B2",IF(CP8>=65,"B3",IF(CP8>=60,"C4",IF(CP8>=55,"C5",IF(CP8>=50,"C6",IF(CP8>=45,"D7",IF(CP8>=40,"E8",IF(CP8>=6,"F",IF(CP8<5,"")))))))))) | CS8: =IF(CP8>=75,"Excellent",IF(CP8>=70,"V.Good",IF(CP8>=65,"Good",IF(CP8>=60,"Credit",IF(CP8>=55,"Credit",IF(CP8>=50,"Credit",IF(CP8>=45,"Pass",IF(CP8>=40,"Pass",IF(CP8>=6,"Fail",IF(CP8<5,"")))))))))) | CT8: 6 | CU8: =Data!B7 -> BUKAR MUSTAPHA AJI | CZ8: =SUM(CV8:CY8) -> 0 | DB8: =CZ8+DA8 -> 0 | DC8: =IF(DB8<10,"",RANK(DB8,DB$3:DB$52)) | DD8: =IF(DB8>=75,"A1",IF(DB8>=70,"B2",IF(DB8>=65,"B3",IF(DB8>=60,"C4",IF(DB8>=55,"C5",IF(DB8>=50,"C6",IF(DB8>=45,"D7",IF(DB8>=40,"E8",IF(DB8>=6,"F",IF(DB8<5,"")))))))))) | DE8: =IF(DB8>=75,"Excellent",IF(DB8>=70,"V.Good",IF(DB8>=65,"Good",IF(DB8>=60,"Credit",IF(DB8>=55,"Credit",IF(DB8>=50,"Credit",IF(DB8>=45,"Pass",IF(DB8>=40,"Pass",IF(DB8>=6,"Fail",IF(DB8<5,"")))))))))) | DF8: 6 | DG8: =Data!B7 -> BUKAR MUSTAPHA AJI | DL8: =SUM(DH8:DK8) -> 0 | DN8: =DL8+DM8 -> 0 | DO8: =IF(DN8<10,"",RANK(DN8,DN$3:DN$52)) | DP8: =IF(DN8>=75,"A1",IF(DN8>=70,"B2",IF(DN8>=65,"B3",IF(DN8>=60,"C4",IF(DN8>=55,"C5",IF(DN8>=50,"C6",IF(DN8>=45,"D7",IF(DN8>=40,"E8",IF(DN8>=6,"F",IF(DN8<5,"")))))))))) | DQ8: =IF(DN8>=75,"Excellent",IF(DN8>=70,"V.Good",IF(DN8>=65,"Good",IF(DN8>=60,"Credit",IF(DN8>=55,"Credit",IF(DN8>=50,"Credit",IF(DN8>=45,"Pass",IF(DN8>=40,"Pass",IF(DN8>=6,"Fail",IF(DN8<5,"")))))))))) | DR8: 6 | DS8: =Data!B7 -> BUKAR MUSTAPHA AJI | DX8: =SUM(DT8:DW8) -> 0 | DZ8: =DX8+DY8 -> 0 | EA8: =IF(DZ8<10,"",RANK(DZ8,DZ$3:DZ$52)) | EB8: =IF(DZ8>=75,"A1",IF(DZ8>=70,"B2",IF(DZ8>=65,"B3",IF(DZ8>=60,"C4",IF(DZ8>=55,"C5",IF(DZ8>=50,"C6",IF(DZ8>=45,"D7",IF(DZ8>=40,"E8",IF(DZ8>=6,"F",IF(DZ8<5,"")))))))))) | EC8: =IF(DZ8>=75,"Excellent",IF(DZ8>=70,"V.Good",IF(DZ8>=65,"Good",IF(DZ8>=60,"Credit",IF(DZ8>=55,"Credit",IF(DZ8>=50,"Credit",IF(DZ8>=45,"Pass",IF(DZ8>=40,"Pass",IF(DZ8>=6,"Fail",IF(DZ8<5,"")))))))))) | ED8: 6 | EE8: =Data!B7 -> BUKAR MUSTAPHA AJI | EJ8: =SUM(EF8:EI8) -> 0 | EL8: =EJ8+EK8 -> 0 | EM8: =IF(EL8<10,"",RANK(EL8,EL$3:EL$52)) | EN8: =IF(EL8>=75,"A1",IF(EL8>=70,"B2",IF(EL8>=65,"B3",IF(EL8>=60,"C4",IF(EL8>=55,"C5",IF(EL8>=50,"C6",IF(EL8>=45,"D7",IF(EL8>=40,"E8",IF(EL8>=6,"F",IF(EL8<5,"")))))))))) | EO8: =IF(EL8>=75,"Excellent",IF(EL8>=70,"V.Good",IF(EL8>=65,"Good",IF(EL8>=60,"Credit",IF(EL8>=55,"Credit",IF(EL8>=50,"Credit",IF(EL8>=45,"Pass",IF(EL8>=40,"Pass",IF(EL8>=6,"Fail",IF(EL8<5,"")))))))))) | EP8: 6 | EQ8: =Data!B7 -> BUKAR MUSTAPHA AJI | EV8: =SUM(ER8:EU8) -> 0 | EX8: =EV8+EW8 -> 0 | EY8: =IF(EX8<10,"",RANK(EX8,EX$3:EX$52)) | EZ8: =IF(EX8>=75,"A1",IF(EX8>=70,"B2",IF(EX8>=65,"B3",IF(EX8>=60,"C4",IF(EX8>=55,"C5",IF(EX8>=50,"C6",IF(EX8>=45,"D7",IF(EX8>=40,"E8",IF(EX8>=6,"F",IF(EX8<5,"")))))))))) | FA8: =IF(EX8>=75,"Excellent",IF(EX8>=70,"V.Good",IF(EX8>=65,"Good",IF(EX8>=60,"Credit",IF(EX8>=55,"Credit",IF(EX8>=50,"Credit",IF(EX8>=45,"Pass",IF(EX8>=40,"Pass",IF(EX8>=6,"Fail",IF(EX8<5,"")))))))))) | FB8: 6 | FC8: =Data!B7 -> BUKAR MUSTAPHA AJI | FH8: =SUM(FD8:FG8) -> 0 | FJ8: =FH8+FI8 -> 0 | FK8: =IF(FJ8<10,"",RANK(FJ8,FJ$3:FJ$52)) | FL8: =IF(FJ8>=75,"A",IF(FJ8>=70,"B2",IF(FJ8>=50,"C",IF(FJ8>=45,"D",IF(FJ8>=40,"E",IF(FJ8>=6,"F",IF(FJ8<5,""))))))) | FM8: =IF(FJ8>=75,"Excellent",IF(FJ8>=70,"V.Good",IF(FJ8>=65,"Good",IF(FJ8>=60,"Credit",IF(FJ8>=55,"Credit",IF(FJ8>=50,"Credit",IF(FJ8>=45,"Pass",IF(FJ8>=40,"Pass",IF(FJ8>=6,"Fail",IF(FJ8<5,"")))))))))) | FN8: 6 | FO8: =Data!B7 -> BUKAR MUSTAPHA AJI | FT8: =SUM(FP8:FS8) -> 0 | FV8: =FT8+FU8 -> 0 | FW8: =IF(FV8<10,"",RANK(FV8,FV$3:FV$52)) | FX8: =IF(FV8>=75,"A",IF(FV8>=70,"B2",IF(FV8>=50,"C",IF(FV8>=45,"D",IF(FV8>=40,"E",IF(FV8>=6,"F",IF(FV8<5,""))))))) | FY8: =IF(FV8>=75,"Excellent",IF(FV8>=70,"V.Good",IF(FV8>=65,"Good",IF(FV8>=60,"Credit",IF(FV8>=55,"Credit",IF(FV8>=50,"Credit",IF(FV8>=45,"Pass",IF(FV8>=40,"Pass",IF(FV8>=6,"Fail",IF(FV8<5,"")))))))))) | FZ8: 6 | GA8: =Data!B7 -> BUKAR MUSTAPHA AJI | GF8: =SUM(GB8:GE8) -> 0 | GH8: =GF8+GG8 -> 0 | GI8: =IF(GH8<10,"",RANK(GH8,GH$3:GH$52)) | GJ8: =IF(GH8>=75,"A",IF(GH8>=70,"B2",IF(GH8>=50,"C",IF(GH8>=45,"D",IF(GH8>=40,"E",IF(GH8>=6,"F",IF(GH8<5,""))))))) | GK8: =IF(GH8>=75,"Excellent",IF(GH8>=70,"V.Good",IF(GH8>=65,"Good",IF(GH8>=60,"Credit",IF(GH8>=55,"Credit",IF(GH8>=50,"Credit",IF(GH8>=45,"Pass",IF(GH8>=40,"Pass",IF(GH8>=6,"Fail",IF(GH8<5,"")))))))))) | GL8: 6 | GM8: =Data!B7 -> BUKAR MUSTAPHA AJI | GR8: =SUM(GN8:GQ8) -> 0 | GT8: =GR8+GS8 -> 0 | GU8: =IF(GT8<10,"",RANK(GT8,GT$3:GT$52)) | GV8: =IF(GT8>=75,"A",IF(GT8>=70,"B2",IF(GT8>=50,"C",IF(GT8>=45,"D",IF(GT8>=40,"E",IF(GT8>=6,"F",IF(GT8<5,""))))))) | GW8: =IF(GT8>=75,"Excellent",IF(GT8>=70,"V.Good",IF(GT8>=65,"Good",IF(GT8>=60,"Credit",IF(GT8>=55,"Credit",IF(GT8>=50,"Credit",IF(GT8>=45,"Pass",IF(GT8>=40,"Pass",IF(GT8>=6,"Fail",IF(GT8<5,"")))))))))) | GX8: 6 | GY8: =Data!B7 -> BUKAR MUSTAPHA AJI | HD8: =SUM(GZ8:HC8) -> 0 | HF8: =HD8+HE8 -> 0 | HG8: =IF(HF8<10,"",RANK(HF8,HF$3:HF$52)) | HH8: =IF(HF8>=75,"A",IF(HF8>=70,"B2",IF(HF8>=50,"C",IF(HF8>=45,"D",IF(HF8>=40,"E",IF(HF8>=6,"F",IF(HF8<5,""))))))) | HI8: =IF(HF8>=75,"Excellent",IF(HF8>=70,"V.Good",IF(HF8>=65,"Good",IF(HF8>=60,"Credit",IF(HF8>=55,"Credit",IF(HF8>=50,"Credit",IF(HF8>=45,"Pass",IF(HF8>=40,"Pass",IF(HF8>=6,"Fail",IF(HF8<5,"")))))))))) | HJ8: 6 | HK8: =Data!B7 -> BUKAR MUSTAPHA AJI | HP8: =SUM(HL8:HO8) -> 0 | HR8: =HP8+HQ8 -> 0 | HS8: =IF(HR8<10,"",RANK(HR8,HR$3:HR$52)) | HT8: =IF(HR8>=75,"A",IF(HR8>=70,"B2",IF(HR8>=50,"C",IF(HR8>=45,"D",IF(HR8>=40,"E",IF(HR8>=6,"F",IF(HR8<5,""))))))) | HU8: =IF(HR8>=75,"Excellent",IF(HR8>=70,"V.Good",IF(HR8>=65,"Good",IF(HR8>=60,"Credit",IF(HR8>=55,"Credit",IF(HR8>=50,"Credit",IF(HR8>=45,"Pass",IF(HR8>=40,"Pass",IF(HR8>=6,"Fail",IF(HR8<5,"")))))))))) | HV8: 6 | HW8: =Data!B7 -> BUKAR MUSTAPHA AJI | IB8: =SUM(HX8:IA8) -> 0 | ID8: =IB8+IC8 -> 0 | IE8: =IF(ID8<10,"",RANK(ID8,ID$3:ID$52)) | IF8: =IF(ID8>=75,"A",IF(ID8>=70,"B2",IF(ID8>=50,"C",IF(ID8>=45,"D",IF(ID8>=40,"E",IF(ID8>=6,"F",IF(ID8<5,""))))))) | IG8: =IF(ID8>=75,"Excellent",IF(ID8>=70,"V.Good",IF(ID8>=65,"Good",IF(ID8>=60,"Credit",IF(ID8>=55,"Credit",IF(ID8>=50,"Credit",IF(ID8>=45,"Pass",IF(ID8>=40,"Pass",IF(ID8>=6,"Fail",IF(ID8<5,"")))))))))) | IH8: 6 | II8: =Data!B7 -> BUKAR MUSTAPHA AJI | IN8: =SUM(IJ8:IM8) -> 0 | IP8: =IN8+IO8 -> 0 | IQ8: =IF(IP8<10,"",RANK(IP8,IP$3:IP$52)) | IR8: =IF(IP8>=75,"A",IF(IP8>=70,"B2",IF(IP8>=50,"C",IF(IP8>=45,"D",IF(IP8>=40,"E",IF(IP8>=6,"F",IF(IP8<5,""))))))) | IS8: =IF(IP8>=75,"Excellent",IF(IP8>=70,"V.Good",IF(IP8>=65,"Good",IF(IP8>=60,"Credit",IF(IP8>=55,"Credit",IF(IP8>=50,"Credit",IF(IP8>=45,"Pass",IF(IP8>=40,"Pass",IF(IP8>=6,"Fail",IF(IP8<5,"")))))))))) | IT8: 6 | IU8: =II8 -> BUKAR MUSTAPHA AJI | IZ8: =SUM(IV8:IY8) -> 0 | JB8: =IZ8+JA8 -> 0 | JC8: =IF(JB8<10,"",RANK(JB8,JB$3:JB$52)) | JD8: =IF(JB8>=75,"A",IF(JB8>=70,"B2",IF(JB8>=50,"C",IF(JB8>=45,"D",IF(JB8>=40,"E",IF(JB8>=6,"F",IF(JB8<5,""))))))) | JE8: =IF(JB8>=75,"Excellent",IF(JB8>=70,"V.Good",IF(JB8>=65,"Good",IF(JB8>=60,"Credit",IF(JB8>=55,"Credit",IF(JB8>=50,"Credit",IF(JB8>=45,"Pass",IF(JB8>=40,"Pass",IF(JB8>=6,"Fail",IF(JB8<5,"")))))))))) | JF8: 6 | JG8: =IU8 -> BUKAR MUSTAPHA AJI | JL8: =SUM(JH8:JK8) -> 0 | JN8: =JL8+JM8 -> 0 | JO8: =IF(JN8<10,"",RANK(JN8,JN$3:JN$52)) | JP8: =IF(JN8>=75,"A",IF(JN8>=70,"B2",IF(JN8>=50,"C",IF(JN8>=45,"D",IF(JN8>=40,"E",IF(JN8>=6,"F",IF(JN8<5,""))))))) | JQ8: =IF(JN8>=75,"Excellent",IF(JN8>=70,"V.Good",IF(JN8>=65,"Good",IF(JN8>=60,"Credit",IF(JN8>=55,"Credit",IF(JN8>=50,"Credit",IF(JN8>=45,"Pass",IF(JN8>=40,"Pass",IF(JN8>=6,"Fail",IF(JN8<5,"")))))))))) | JR8: 6 | JS8: =JG8 -> BUKAR MUSTAPHA AJI | JX8: =SUM(JT8:JW8) -> 0 | JZ8: =JX8+JY8 -> 0 | KA8: =IF(JZ8<10,"",RANK(JZ8,JZ$3:JZ$52)) | KB8: =IF(JZ8>=75,"A",IF(JZ8>=70,"B2",IF(JZ8>=50,"C",IF(JZ8>=45,"D",IF(JZ8>=40,"E",IF(JZ8>=6,"F",IF(JZ8<5,""))))))) | KC8: =IF(JZ8>=75,"Excellent",IF(JZ8>=70,"V.Good",IF(JZ8>=65,"Good",IF(JZ8>=60,"Credit",IF(JZ8>=55,"Credit",IF(JZ8>=50,"Credit",IF(JZ8>=45,"Pass",IF(JZ8>=40,"Pass",IF(JZ8>=6,"Fail",IF(JZ8<5,""))))))))))
A9: 7 | B9: 7 | C9: =Data!B8 -> GADZAMA IJUDIGAL JOHN | D9: 7 | E9: 4 | F9: 9 | G9: 6 | H9: =SUM(D9:G9) -> 26 | I9: 11 | J9: =H9+I9 -> 37 | K9: =IF(J9<10,"",RANK(J9,J$3:J$52)) -> 48 | L9: =IF(J9>=75,"A1",IF(J9>=70,"B2",IF(J9>=65,"B3",IF(J9>=60,"C4",IF(J9>=55,"C5",IF(J9>=50,"C6",IF(J9>=45,"D7",IF(J9>=40,"E8",IF(J9>=6,"F",IF(J9<5,"")))))))))) -> F | M9: =IF(J9>=75,"Excellent",IF(J9>=70,"V.Good",IF(J9>=65,"Good",IF(J9>=60,"Credit",IF(J9>=55,"Credit",IF(J9>=50,"Credit",IF(J9>=45,"Pass",IF(J9>=40,"Pass",IF(J9>=6,"Fail",IF(J9<5,"")))))))))) -> Fail | N9: 7 | O9: =Data!B8 -> GADZAMA IJUDIGAL JOHN | T9: =SUM(P9:S9) -> 0 | V9: =T9+U9 -> 0 | W9: =IF(V9<10,"",RANK(V9,V$3:V$52)) | X9: =IF(V9>=75,"A1",IF(V9>=70,"B2",IF(V9>=65,"B3",IF(V9>=60,"C4",IF(V9>=55,"C5",IF(V9>=50,"C6",IF(V9>=45,"D7",IF(V9>=40,"E8",IF(V9>=6,"F",IF(V9<5,"")))))))))) | Y9: =IF(V9>=75,"Excellent",IF(V9>=70,"V.Good",IF(V9>=65,"Good",IF(V9>=60,"Credit",IF(V9>=55,"Credit",IF(V9>=50,"Credit",IF(V9>=45,"Pass",IF(V9>=40,"Pass",IF(V9>=6,"Fail",IF(V9<5,"")))))))))) | Z9: 7 | AA9: =Data!B8 -> GADZAMA IJUDIGAL JOHN | AB9: 7 | AC9: 4 | AD9: 9 | AE9: 6 | AF9: =SUM(AB9:AE9) -> 26 | AG9: 11 | AH9: =AF9+AG9 -> 37 | AI9: =IF(AH9<10,"",RANK(AH9,AH$3:AH$52)) -> 48 | AJ9: =IF(AH9>=75,"A1",IF(AH9>=70,"B2",IF(AH9>=65,"B3",IF(AH9>=60,"C4",IF(AH9>=55,"C5",IF(AH9>=50,"C6",IF(AH9>=45,"D7",IF(AH9>=40,"E8",IF(AH9>=6,"F",IF(AH9<5,"")))))))))) -> F | AK9: =IF(AH9>=75,"Excellent",IF(AH9>=70,"V.Good",IF(AH9>=65,"Good",IF(AH9>=60,"Credit",IF(AH9>=55,"Credit",IF(AH9>=50,"Credit",IF(AH9>=45,"Pass",IF(AH9>=40,"Pass",IF(AH9>=6,"Fail",IF(AH9<5,"")))))))))) -> Fail | AL9: 7 | AM9: =Data!B8 -> GADZAMA IJUDIGAL JOHN | AN9: 7 | AO9: 4 | AP9: 9 | AQ9: 6 | AR9: =SUM(AN9:AQ9) -> 26 | AS9: 11 | AT9: =AR9+AS9 -> 37 | AU9: =IF(AT9<10,"",RANK(AT9,AT$3:AT$52)) -> 48 | AV9: =IF(AT9>=75,"A1",IF(AT9>=70,"B2",IF(AT9>=65,"B3",IF(AT9>=60,"C4",IF(AT9>=55,"C5",IF(AT9>=50,"C6",IF(AT9>=45,"D7",IF(AT9>=40,"E8",IF(AT9>=6,"F",IF(AT9<5,"")))))))))) -> F | AW9: =IF(AT9>=75,"Excellent",IF(AT9>=70,"V.Good",IF(AT9>=65,"Good",IF(AT9>=60,"Credit",IF(AT9>=55,"Credit",IF(AT9>=50,"Credit",IF(AT9>=45,"Pass",IF(AT9>=40,"Pass",IF(AT9>=6,"Fail",IF(AT9<5,"")))))))))) -> Fail | AX9: 7 | AY9: =Data!B8 -> GADZAMA IJUDIGAL JOHN | AZ9: 7 | BA9: 4 | BB9: 9 | BC9: 6 | BD9: =SUM(AZ9:BC9) -> 26 | BE9: 11 | BF9: =BD9+BE9 -> 37 | BG9: =IF(BF9<10,"",RANK(BF9,BF$3:BF$52)) -> 48 | BH9: =IF(BF9>=75,"A1",IF(BF9>=70,"B2",IF(BF9>=65,"B3",IF(BF9>=60,"C4",IF(BF9>=55,"C5",IF(BF9>=50,"C6",IF(BF9>=45,"D7",IF(BF9>=40,"E8",IF(BF9>=6,"F",IF(BF9<5,"")))))))))) -> F | BI9: =IF(BF9>=75,"Excellent",IF(BF9>=70,"V.Good",IF(BF9>=65,"Good",IF(BF9>=60,"Credit",IF(BF9>=55,"Credit",IF(BF9>=50,"Credit",IF(BF9>=45,"Pass",IF(BF9>=40,"Pass",IF(BF9>=6,"Fail",IF(BF9<5,"")))))))))) -> Fail | BJ9: 7 | BK9: =Data!B8 -> GADZAMA IJUDIGAL JOHN | BL9: 7 | BM9: 4 | BN9: 9 | BO9: 6 | BP9: =SUM(BL9:BO9) -> 26 | BQ9: 11 | BR9: =BP9+BQ9 -> 37 | BS9: =IF(BR9<10,"",RANK(BR9,BR$3:BR$52)) -> 48 | BT9: =IF(BR9>=75,"A1",IF(BR9>=70,"B2",IF(BR9>=65,"B3",IF(BR9>=60,"C4",IF(BR9>=55,"C5",IF(BR9>=50,"C6",IF(BR9>=45,"D7",IF(BR9>=40,"E8",IF(BR9>=6,"F",IF(BR9<5,"")))))))))) -> F | BU9: =IF(BR9>=75,"Excellent",IF(BR9>=70,"V.Good",IF(BR9>=65,"Good",IF(BR9>=60,"Credit",IF(BR9>=55,"Credit",IF(BR9>=50,"Credit",IF(BR9>=45,"Pass",IF(BR9>=40,"Pass",IF(BR9>=6,"Fail",IF(BR9<5,"")))))))))) -> Fail | BV9: 7 | BW9: =Data!B8 -> GADZAMA IJUDIGAL JOHN | BX9: 7 | BY9: 4 | BZ9: 9 | CA9: 6 | CB9: =SUM(BX9:CA9) -> 26 | CC9: 11 | CD9: =CB9+CC9 -> 37 | CE9: =IF(CD9<10,"",RANK(CD9,CD$3:CD$52)) -> 48 | CF9: =IF(CD9>=75,"A1",IF(CD9>=70,"B2",IF(CD9>=65,"B3",IF(CD9>=60,"C4",IF(CD9>=55,"C5",IF(CD9>=50,"C6",IF(CD9>=45,"D7",IF(CD9>=40,"E8",IF(CD9>=6,"F",IF(CD9<5,"")))))))))) -> F | CG9: =IF(CD9>=75,"Excellent",IF(CD9>=70,"V.Good",IF(CD9>=65,"Good",IF(CD9>=60,"Credit",IF(CD9>=55,"Credit",IF(CD9>=50,"Credit",IF(CD9>=45,"Pass",IF(CD9>=40,"Pass",IF(CD9>=6,"Fail",IF(CD9<5,"")))))))))) -> Fail | CH9: 7 | CI9: =Data!B8 -> GADZAMA IJUDIGAL JOHN | CN9: =SUM(CJ9:CM9) -> 0 | CP9: =CN9+CO9 -> 0 | CQ9: =IF(CP9<10,"",RANK(CP9,CP$3:CP$52)) | CR9: =IF(CP9>=75,"A1",IF(CP9>=70,"B2",IF(CP9>=65,"B3",IF(CP9>=60,"C4",IF(CP9>=55,"C5",IF(CP9>=50,"C6",IF(CP9>=45,"D7",IF(CP9>=40,"E8",IF(CP9>=6,"F",IF(CP9<5,"")))))))))) | CS9: =IF(CP9>=75,"Excellent",IF(CP9>=70,"V.Good",IF(CP9>=65,"Good",IF(CP9>=60,"Credit",IF(CP9>=55,"Credit",IF(CP9>=50,"Credit",IF(CP9>=45,"Pass",IF(CP9>=40,"Pass",IF(CP9>=6,"Fail",IF(CP9<5,"")))))))))) | CT9: 7 | CU9: =Data!B8 -> GADZAMA IJUDIGAL JOHN | CZ9: =SUM(CV9:CY9) -> 0 | DB9: =CZ9+DA9 -> 0 | DC9: =IF(DB9<10,"",RANK(DB9,DB$3:DB$52)) | DD9: =IF(DB9>=75,"A1",IF(DB9>=70,"B2",IF(DB9>=65,"B3",IF(DB9>=60,"C4",IF(DB9>=55,"C5",IF(DB9>=50,"C6",IF(DB9>=45,"D7",IF(DB9>=40,"E8",IF(DB9>=6,"F",IF(DB9<5,"")))))))))) | DE9: =IF(DB9>=75,"Excellent",IF(DB9>=70,"V.Good",IF(DB9>=65,"Good",IF(DB9>=60,"Credit",IF(DB9>=55,"Credit",IF(DB9>=50,"Credit",IF(DB9>=45,"Pass",IF(DB9>=40,"Pass",IF(DB9>=6,"Fail",IF(DB9<5,"")))))))))) | DF9: 7 | DG9: =Data!B8 -> GADZAMA IJUDIGAL JOHN | DL9: =SUM(DH9:DK9) -> 0 | DN9: =DL9+DM9 -> 0 | DO9: =IF(DN9<10,"",RANK(DN9,DN$3:DN$52)) | DP9: =IF(DN9>=75,"A1",IF(DN9>=70,"B2",IF(DN9>=65,"B3",IF(DN9>=60,"C4",IF(DN9>=55,"C5",IF(DN9>=50,"C6",IF(DN9>=45,"D7",IF(DN9>=40,"E8",IF(DN9>=6,"F",IF(DN9<5,"")))))))))) | DQ9: =IF(DN9>=75,"Excellent",IF(DN9>=70,"V.Good",IF(DN9>=65,"Good",IF(DN9>=60,"Credit",IF(DN9>=55,"Credit",IF(DN9>=50,"Credit",IF(DN9>=45,"Pass",IF(DN9>=40,"Pass",IF(DN9>=6,"Fail",IF(DN9<5,"")))))))))) | DR9: 7 | DS9: =Data!B8 -> GADZAMA IJUDIGAL JOHN | DX9: =SUM(DT9:DW9) -> 0 | DZ9: =DX9+DY9 -> 0 | EA9: =IF(DZ9<10,"",RANK(DZ9,DZ$3:DZ$52)) | EB9: =IF(DZ9>=75,"A1",IF(DZ9>=70,"B2",IF(DZ9>=65,"B3",IF(DZ9>=60,"C4",IF(DZ9>=55,"C5",IF(DZ9>=50,"C6",IF(DZ9>=45,"D7",IF(DZ9>=40,"E8",IF(DZ9>=6,"F",IF(DZ9<5,"")))))))))) | EC9: =IF(DZ9>=75,"Excellent",IF(DZ9>=70,"V.Good",IF(DZ9>=65,"Good",IF(DZ9>=60,"Credit",IF(DZ9>=55,"Credit",IF(DZ9>=50,"Credit",IF(DZ9>=45,"Pass",IF(DZ9>=40,"Pass",IF(DZ9>=6,"Fail",IF(DZ9<5,"")))))))))) | ED9: 7 | EE9: =Data!B8 -> GADZAMA IJUDIGAL JOHN | EJ9: =SUM(EF9:EI9) -> 0 | EL9: =EJ9+EK9 -> 0 | EM9: =IF(EL9<10,"",RANK(EL9,EL$3:EL$52)) | EN9: =IF(EL9>=75,"A1",IF(EL9>=70,"B2",IF(EL9>=65,"B3",IF(EL9>=60,"C4",IF(EL9>=55,"C5",IF(EL9>=50,"C6",IF(EL9>=45,"D7",IF(EL9>=40,"E8",IF(EL9>=6,"F",IF(EL9<5,"")))))))))) | EO9: =IF(EL9>=75,"Excellent",IF(EL9>=70,"V.Good",IF(EL9>=65,"Good",IF(EL9>=60,"Credit",IF(EL9>=55,"Credit",IF(EL9>=50,"Credit",IF(EL9>=45,"Pass",IF(EL9>=40,"Pass",IF(EL9>=6,"Fail",IF(EL9<5,"")))))))))) | EP9: 7 | EQ9: =Data!B8 -> GADZAMA IJUDIGAL JOHN | EV9: =SUM(ER9:EU9) -> 0 | EX9: =EV9+EW9 -> 0 | EY9: =IF(EX9<10,"",RANK(EX9,EX$3:EX$52)) | EZ9: =IF(EX9>=75,"A1",IF(EX9>=70,"B2",IF(EX9>=65,"B3",IF(EX9>=60,"C4",IF(EX9>=55,"C5",IF(EX9>=50,"C6",IF(EX9>=45,"D7",IF(EX9>=40,"E8",IF(EX9>=6,"F",IF(EX9<5,"")))))))))) | FA9: =IF(EX9>=75,"Excellent",IF(EX9>=70,"V.Good",IF(EX9>=65,"Good",IF(EX9>=60,"Credit",IF(EX9>=55,"Credit",IF(EX9>=50,"Credit",IF(EX9>=45,"Pass",IF(EX9>=40,"Pass",IF(EX9>=6,"Fail",IF(EX9<5,"")))))))))) | FB9: 7 | FC9: =Data!B8 -> GADZAMA IJUDIGAL JOHN | FH9: =SUM(FD9:FG9) -> 0 | FJ9: =FH9+FI9 -> 0 | FK9: =IF(FJ9<10,"",RANK(FJ9,FJ$3:FJ$52)) | FL9: =IF(FJ9>=75,"A",IF(FJ9>=70,"B2",IF(FJ9>=50,"C",IF(FJ9>=45,"D",IF(FJ9>=40,"E",IF(FJ9>=6,"F",IF(FJ9<5,""))))))) | FM9: =IF(FJ9>=75,"Excellent",IF(FJ9>=70,"V.Good",IF(FJ9>=65,"Good",IF(FJ9>=60,"Credit",IF(FJ9>=55,"Credit",IF(FJ9>=50,"Credit",IF(FJ9>=45,"Pass",IF(FJ9>=40,"Pass",IF(FJ9>=6,"Fail",IF(FJ9<5,"")))))))))) | FN9: 7 | FO9: =Data!B8 -> GADZAMA IJUDIGAL JOHN | FT9: =SUM(FP9:FS9) -> 0 | FV9: =FT9+FU9 -> 0 | FW9: =IF(FV9<10,"",RANK(FV9,FV$3:FV$52)) | FX9: =IF(FV9>=75,"A",IF(FV9>=70,"B2",IF(FV9>=50,"C",IF(FV9>=45,"D",IF(FV9>=40,"E",IF(FV9>=6,"F",IF(FV9<5,""))))))) | FY9: =IF(FV9>=75,"Excellent",IF(FV9>=70,"V.Good",IF(FV9>=65,"Good",IF(FV9>=60,"Credit",IF(FV9>=55,"Credit",IF(FV9>=50,"Credit",IF(FV9>=45,"Pass",IF(FV9>=40,"Pass",IF(FV9>=6,"Fail",IF(FV9<5,"")))))))))) | FZ9: 7 | GA9: =Data!B8 -> GADZAMA IJUDIGAL JOHN | GF9: =SUM(GB9:GE9) -> 0 | GH9: =GF9+GG9 -> 0 | GI9: =IF(GH9<10,"",RANK(GH9,GH$3:GH$52)) | GJ9: =IF(GH9>=75,"A",IF(GH9>=70,"B2",IF(GH9>=50,"C",IF(GH9>=45,"D",IF(GH9>=40,"E",IF(GH9>=6,"F",IF(GH9<5,""))))))) | GK9: =IF(GH9>=75,"Excellent",IF(GH9>=70,"V.Good",IF(GH9>=65,"Good",IF(GH9>=60,"Credit",IF(GH9>=55,"Credit",IF(GH9>=50,"Credit",IF(GH9>=45,"Pass",IF(GH9>=40,"Pass",IF(GH9>=6,"Fail",IF(GH9<5,"")))))))))) | GL9: 7 | GM9: =Data!B8 -> GADZAMA IJUDIGAL JOHN | GR9: =SUM(GN9:GQ9) -> 0 | GT9: =GR9+GS9 -> 0 | GU9: =IF(GT9<10,"",RANK(GT9,GT$3:GT$52)) | GV9: =IF(GT9>=75,"A",IF(GT9>=70,"B2",IF(GT9>=50,"C",IF(GT9>=45,"D",IF(GT9>=40,"E",IF(GT9>=6,"F",IF(GT9<5,""))))))) | GW9: =IF(GT9>=75,"Excellent",IF(GT9>=70,"V.Good",IF(GT9>=65,"Good",IF(GT9>=60,"Credit",IF(GT9>=55,"Credit",IF(GT9>=50,"Credit",IF(GT9>=45,"Pass",IF(GT9>=40,"Pass",IF(GT9>=6,"Fail",IF(GT9<5,"")))))))))) | GX9: 7 | GY9: =Data!B8 -> GADZAMA IJUDIGAL JOHN | HD9: =SUM(GZ9:HC9) -> 0 | HF9: =HD9+HE9 -> 0 | HG9: =IF(HF9<10,"",RANK(HF9,HF$3:HF$52)) | HH9: =IF(HF9>=75,"A",IF(HF9>=70,"B2",IF(HF9>=50,"C",IF(HF9>=45,"D",IF(HF9>=40,"E",IF(HF9>=6,"F",IF(HF9<5,""))))))) | HI9: =IF(HF9>=75,"Excellent",IF(HF9>=70,"V.Good",IF(HF9>=65,"Good",IF(HF9>=60,"Credit",IF(HF9>=55,"Credit",IF(HF9>=50,"Credit",IF(HF9>=45,"Pass",IF(HF9>=40,"Pass",IF(HF9>=6,"Fail",IF(HF9<5,"")))))))))) | HJ9: 7 | HK9: =Data!B8 -> GADZAMA IJUDIGAL JOHN | HP9: =SUM(HL9:HO9) -> 0 | HR9: =HP9+HQ9 -> 0 | HS9: =IF(HR9<10,"",RANK(HR9,HR$3:HR$52)) | HT9: =IF(HR9>=75,"A",IF(HR9>=70,"B2",IF(HR9>=50,"C",IF(HR9>=45,"D",IF(HR9>=40,"E",IF(HR9>=6,"F",IF(HR9<5,""))))))) | HU9: =IF(HR9>=75,"Excellent",IF(HR9>=70,"V.Good",IF(HR9>=65,"Good",IF(HR9>=60,"Credit",IF(HR9>=55,"Credit",IF(HR9>=50,"Credit",IF(HR9>=45,"Pass",IF(HR9>=40,"Pass",IF(HR9>=6,"Fail",IF(HR9<5,"")))))))))) | HV9: 7 | HW9: =Data!B8 -> GADZAMA IJUDIGAL JOHN | IB9: =SUM(HX9:IA9) -> 0 | ID9: =IB9+IC9 -> 0 | IE9: =IF(ID9<10,"",RANK(ID9,ID$3:ID$52)) | IF9: =IF(ID9>=75,"A",IF(ID9>=70,"B2",IF(ID9>=50,"C",IF(ID9>=45,"D",IF(ID9>=40,"E",IF(ID9>=6,"F",IF(ID9<5,""))))))) | IG9: =IF(ID9>=75,"Excellent",IF(ID9>=70,"V.Good",IF(ID9>=65,"Good",IF(ID9>=60,"Credit",IF(ID9>=55,"Credit",IF(ID9>=50,"Credit",IF(ID9>=45,"Pass",IF(ID9>=40,"Pass",IF(ID9>=6,"Fail",IF(ID9<5,"")))))))))) | IH9: 7 | II9: =Data!B8 -> GADZAMA IJUDIGAL JOHN | IN9: =SUM(IJ9:IM9) -> 0 | IP9: =IN9+IO9 -> 0 | IQ9: =IF(IP9<10,"",RANK(IP9,IP$3:IP$52)) | IR9: =IF(IP9>=75,"A",IF(IP9>=70,"B2",IF(IP9>=50,"C",IF(IP9>=45,"D",IF(IP9>=40,"E",IF(IP9>=6,"F",IF(IP9<5,""))))))) | IS9: =IF(IP9>=75,"Excellent",IF(IP9>=70,"V.Good",IF(IP9>=65,"Good",IF(IP9>=60,"Credit",IF(IP9>=55,"Credit",IF(IP9>=50,"Credit",IF(IP9>=45,"Pass",IF(IP9>=40,"Pass",IF(IP9>=6,"Fail",IF(IP9<5,"")))))))))) | IT9: 7 | IU9: =II9 -> GADZAMA IJUDIGAL JOHN | IZ9: =SUM(IV9:IY9) -> 0 | JB9: =IZ9+JA9 -> 0 | JC9: =IF(JB9<10,"",RANK(JB9,JB$3:JB$52)) | JD9: =IF(JB9>=75,"A",IF(JB9>=70,"B2",IF(JB9>=50,"C",IF(JB9>=45,"D",IF(JB9>=40,"E",IF(JB9>=6,"F",IF(JB9<5,""))))))) | JE9: =IF(JB9>=75,"Excellent",IF(JB9>=70,"V.Good",IF(JB9>=65,"Good",IF(JB9>=60,"Credit",IF(JB9>=55,"Credit",IF(JB9>=50,"Credit",IF(JB9>=45,"Pass",IF(JB9>=40,"Pass",IF(JB9>=6,"Fail",IF(JB9<5,"")))))))))) | JF9: 7 | JG9: =IU9 -> GADZAMA IJUDIGAL JOHN | JL9: =SUM(JH9:JK9) -> 0 | JN9: =JL9+JM9 -> 0 | JO9: =IF(JN9<10,"",RANK(JN9,JN$3:JN$52)) | JP9: =IF(JN9>=75,"A",IF(JN9>=70,"B2",IF(JN9>=50,"C",IF(JN9>=45,"D",IF(JN9>=40,"E",IF(JN9>=6,"F",IF(JN9<5,""))))))) | JQ9: =IF(JN9>=75,"Excellent",IF(JN9>=70,"V.Good",IF(JN9>=65,"Good",IF(JN9>=60,"Credit",IF(JN9>=55,"Credit",IF(JN9>=50,"Credit",IF(JN9>=45,"Pass",IF(JN9>=40,"Pass",IF(JN9>=6,"Fail",IF(JN9<5,"")))))))))) | JR9: 7 | JS9: =JG9 -> GADZAMA IJUDIGAL JOHN | JX9: =SUM(JT9:JW9) -> 0 | JZ9: =JX9+JY9 -> 0 | KA9: =IF(JZ9<10,"",RANK(JZ9,JZ$3:JZ$52)) | KB9: =IF(JZ9>=75,"A",IF(JZ9>=70,"B2",IF(JZ9>=50,"C",IF(JZ9>=45,"D",IF(JZ9>=40,"E",IF(JZ9>=6,"F",IF(JZ9<5,""))))))) | KC9: =IF(JZ9>=75,"Excellent",IF(JZ9>=70,"V.Good",IF(JZ9>=65,"Good",IF(JZ9>=60,"Credit",IF(JZ9>=55,"Credit",IF(JZ9>=50,"Credit",IF(JZ9>=45,"Pass",IF(JZ9>=40,"Pass",IF(JZ9>=6,"Fail",IF(JZ9<5,""))))))))))
A10: 8 | B10: 8 | C10: =Data!B9 -> IBRAHIM EMMANUEL | D10: 4 | E10: 9 | F10: 6 | G10: 8 | H10: =SUM(D10:G10) -> 27 | I10: 37 | J10: =H10+I10 -> 64 | K10: =IF(J10<10,"",RANK(J10,J$3:J$52)) -> 13 | L10: =IF(J10>=75,"A1",IF(J10>=70,"B2",IF(J10>=65,"B3",IF(J10>=60,"C4",IF(J10>=55,"C5",IF(J10>=50,"C6",IF(J10>=45,"D7",IF(J10>=40,"E8",IF(J10>=6,"F",IF(J10<5,"")))))))))) -> C4 | M10: =IF(J10>=75,"Excellent",IF(J10>=70,"V.Good",IF(J10>=65,"Good",IF(J10>=60,"Credit",IF(J10>=55,"Credit",IF(J10>=50,"Credit",IF(J10>=45,"Pass",IF(J10>=40,"Pass",IF(J10>=6,"Fail",IF(J10<5,"")))))))))) -> Credit | N10: 8 | O10: =Data!B9 -> IBRAHIM EMMANUEL | T10: =SUM(P10:S10) -> 0 | V10: =T10+U10 -> 0 | W10: =IF(V10<10,"",RANK(V10,V$3:V$52)) | X10: =IF(V10>=75,"A1",IF(V10>=70,"B2",IF(V10>=65,"B3",IF(V10>=60,"C4",IF(V10>=55,"C5",IF(V10>=50,"C6",IF(V10>=45,"D7",IF(V10>=40,"E8",IF(V10>=6,"F",IF(V10<5,"")))))))))) | Y10: =IF(V10>=75,"Excellent",IF(V10>=70,"V.Good",IF(V10>=65,"Good",IF(V10>=60,"Credit",IF(V10>=55,"Credit",IF(V10>=50,"Credit",IF(V10>=45,"Pass",IF(V10>=40,"Pass",IF(V10>=6,"Fail",IF(V10<5,"")))))))))) | Z10: 8 | AA10: =Data!B9 -> IBRAHIM EMMANUEL | AB10: 4 | AC10: 9 | AD10: 6 | AE10: 8 | AF10: =SUM(AB10:AE10) -> 27 | AG10: 37 | AH10: =AF10+AG10 -> 64 | AI10: =IF(AH10<10,"",RANK(AH10,AH$3:AH$52)) -> 13 | AJ10: =IF(AH10>=75,"A1",IF(AH10>=70,"B2",IF(AH10>=65,"B3",IF(AH10>=60,"C4",IF(AH10>=55,"C5",IF(AH10>=50,"C6",IF(AH10>=45,"D7",IF(AH10>=40,"E8",IF(AH10>=6,"F",IF(AH10<5,"")))))))))) -> C4 | AK10: =IF(AH10>=75,"Excellent",IF(AH10>=70,"V.Good",IF(AH10>=65,"Good",IF(AH10>=60,"Credit",IF(AH10>=55,"Credit",IF(AH10>=50,"Credit",IF(AH10>=45,"Pass",IF(AH10>=40,"Pass",IF(AH10>=6,"Fail",IF(AH10<5,"")))))))))) -> Credit | AL10: 8 | AM10: =Data!B9 -> IBRAHIM EMMANUEL | AN10: 4 | AO10: 9 | AP10: 6 | AQ10: 8 | AR10: =SUM(AN10:AQ10) -> 27 | AS10: 37 | AT10: =AR10+AS10 -> 64 | AU10: =IF(AT10<10,"",RANK(AT10,AT$3:AT$52)) -> 13 | AV10: =IF(AT10>=75,"A1",IF(AT10>=70,"B2",IF(AT10>=65,"B3",IF(AT10>=60,"C4",IF(AT10>=55,"C5",IF(AT10>=50,"C6",IF(AT10>=45,"D7",IF(AT10>=40,"E8",IF(AT10>=6,"F",IF(AT10<5,"")))))))))) -> C4 | AW10: =IF(AT10>=75,"Excellent",IF(AT10>=70,"V.Good",IF(AT10>=65,"Good",IF(AT10>=60,"Credit",IF(AT10>=55,"Credit",IF(AT10>=50,"Credit",IF(AT10>=45,"Pass",IF(AT10>=40,"Pass",IF(AT10>=6,"Fail",IF(AT10<5,"")))))))))) -> Credit | AX10: 8 | AY10: =Data!B9 -> IBRAHIM EMMANUEL | AZ10: 4 | BA10: 9 | BB10: 6 | BC10: 8 | BD10: =SUM(AZ10:BC10) -> 27 | BE10: 37 | BF10: =BD10+BE10 -> 64 | BG10: =IF(BF10<10,"",RANK(BF10,BF$3:BF$52)) -> 13 | BH10: =IF(BF10>=75,"A1",IF(BF10>=70,"B2",IF(BF10>=65,"B3",IF(BF10>=60,"C4",IF(BF10>=55,"C5",IF(BF10>=50,"C6",IF(BF10>=45,"D7",IF(BF10>=40,"E8",IF(BF10>=6,"F",IF(BF10<5,"")))))))))) -> C4 | BI10: =IF(BF10>=75,"Excellent",IF(BF10>=70,"V.Good",IF(BF10>=65,"Good",IF(BF10>=60,"Credit",IF(BF10>=55,"Credit",IF(BF10>=50,"Credit",IF(BF10>=45,"Pass",IF(BF10>=40,"Pass",IF(BF10>=6,"Fail",IF(BF10<5,"")))))))))) -> Credit | BJ10: 8 | BK10: =Data!B9 -> IBRAHIM EMMANUEL | BL10: 4 | BM10: 9 | BN10: 6 | BO10: 8 | BP10: =SUM(BL10:BO10) -> 27 | BQ10: 37 | BR10: =BP10+BQ10 -> 64 | BS10: =IF(BR10<10,"",RANK(BR10,BR$3:BR$52)) -> 13 | BT10: =IF(BR10>=75,"A1",IF(BR10>=70,"B2",IF(BR10>=65,"B3",IF(BR10>=60,"C4",IF(BR10>=55,"C5",IF(BR10>=50,"C6",IF(BR10>=45,"D7",IF(BR10>=40,"E8",IF(BR10>=6,"F",IF(BR10<5,"")))))))))) -> C4 | BU10: =IF(BR10>=75,"Excellent",IF(BR10>=70,"V.Good",IF(BR10>=65,"Good",IF(BR10>=60,"Credit",IF(BR10>=55,"Credit",IF(BR10>=50,"Credit",IF(BR10>=45,"Pass",IF(BR10>=40,"Pass",IF(BR10>=6,"Fail",IF(BR10<5,"")))))))))) -> Credit | BV10: 8 | BW10: =Data!B9 -> IBRAHIM EMMANUEL | BX10: 4 | BY10: 9 | BZ10: 6 | CA10: 8 | CB10: =SUM(BX10:CA10) -> 27 | CC10: 37 | CD10: =CB10+CC10 -> 64 | CE10: =IF(CD10<10,"",RANK(CD10,CD$3:CD$52)) -> 13 | CF10: =IF(CD10>=75,"A1",IF(CD10>=70,"B2",IF(CD10>=65,"B3",IF(CD10>=60,"C4",IF(CD10>=55,"C5",IF(CD10>=50,"C6",IF(CD10>=45,"D7",IF(CD10>=40,"E8",IF(CD10>=6,"F",IF(CD10<5,"")))))))))) -> C4 | CG10: =IF(CD10>=75,"Excellent",IF(CD10>=70,"V.Good",IF(CD10>=65,"Good",IF(CD10>=60,"Credit",IF(CD10>=55,"Credit",IF(CD10>=50,"Credit",IF(CD10>=45,"Pass",IF(CD10>=40,"Pass",IF(CD10>=6,"Fail",IF(CD10<5,"")))))))))) -> Credit | CH10: 8 | CI10: =Data!B9 -> IBRAHIM EMMANUEL | CN10: =SUM(CJ10:CM10) -> 0 | CP10: =CN10+CO10 -> 0 | CQ10: =IF(CP10<10,"",RANK(CP10,CP$3:CP$52)) | CR10: =IF(CP10>=75,"A1",IF(CP10>=70,"B2",IF(CP10>=65,"B3",IF(CP10>=60,"C4",IF(CP10>=55,"C5",IF(CP10>=50,"C6",IF(CP10>=45,"D7",IF(CP10>=40,"E8",IF(CP10>=6,"F",IF(CP10<5,"")))))))))) | CS10: =IF(CP10>=75,"Excellent",IF(CP10>=70,"V.Good",IF(CP10>=65,"Good",IF(CP10>=60,"Credit",IF(CP10>=55,"Credit",IF(CP10>=50,"Credit",IF(CP10>=45,"Pass",IF(CP10>=40,"Pass",IF(CP10>=6,"Fail",IF(CP10<5,"")))))))))) | CT10: 8 | CU10: =Data!B9 -> IBRAHIM EMMANUEL | CZ10: =SUM(CV10:CY10) -> 0 | DB10: =CZ10+DA10 -> 0 | DC10: =IF(DB10<10,"",RANK(DB10,DB$3:DB$52)) | DD10: =IF(DB10>=75,"A1",IF(DB10>=70,"B2",IF(DB10>=65,"B3",IF(DB10>=60,"C4",IF(DB10>=55,"C5",IF(DB10>=50,"C6",IF(DB10>=45,"D7",IF(DB10>=40,"E8",IF(DB10>=6,"F",IF(DB10<5,"")))))))))) | DE10: =IF(DB10>=75,"Excellent",IF(DB10>=70,"V.Good",IF(DB10>=65,"Good",IF(DB10>=60,"Credit",IF(DB10>=55,"Credit",IF(DB10>=50,"Credit",IF(DB10>=45,"Pass",IF(DB10>=40,"Pass",IF(DB10>=6,"Fail",IF(DB10<5,"")))))))))) | DF10: 8 | DG10: =Data!B9 -> IBRAHIM EMMANUEL | DL10: =SUM(DH10:DK10) -> 0 | DN10: =DL10+DM10 -> 0 | DO10: =IF(DN10<10,"",RANK(DN10,DN$3:DN$52)) | DP10: =IF(DN10>=75,"A1",IF(DN10>=70,"B2",IF(DN10>=65,"B3",IF(DN10>=60,"C4",IF(DN10>=55,"C5",IF(DN10>=50,"C6",IF(DN10>=45,"D7",IF(DN10>=40,"E8",IF(DN10>=6,"F",IF(DN10<5,"")))))))))) | DQ10: =IF(DN10>=75,"Excellent",IF(DN10>=70,"V.Good",IF(DN10>=65,"Good",IF(DN10>=60,"Credit",IF(DN10>=55,"Credit",IF(DN10>=50,"Credit",IF(DN10>=45,"Pass",IF(DN10>=40,"Pass",IF(DN10>=6,"Fail",IF(DN10<5,"")))))))))) | DR10: 8 | DS10: =Data!B9 -> IBRAHIM EMMANUEL | DX10: =SUM(DT10:DW10) -> 0 | DZ10: =DX10+DY10 -> 0 | EA10: =IF(DZ10<10,"",RANK(DZ10,DZ$3:DZ$52)) | EB10: =IF(DZ10>=75,"A1",IF(DZ10>=70,"B2",IF(DZ10>=65,"B3",IF(DZ10>=60,"C4",IF(DZ10>=55,"C5",IF(DZ10>=50,"C6",IF(DZ10>=45,"D7",IF(DZ10>=40,"E8",IF(DZ10>=6,"F",IF(DZ10<5,"")))))))))) | EC10: =IF(DZ10>=75,"Excellent",IF(DZ10>=70,"V.Good",IF(DZ10>=65,"Good",IF(DZ10>=60,"Credit",IF(DZ10>=55,"Credit",IF(DZ10>=50,"Credit",IF(DZ10>=45,"Pass",IF(DZ10>=40,"Pass",IF(DZ10>=6,"Fail",IF(DZ10<5,"")))))))))) | ED10: 8 | EE10: =Data!B9 -> IBRAHIM EMMANUEL | EJ10: =SUM(EF10:EI10) -> 0 | EL10: =EJ10+EK10 -> 0 | EM10: =IF(EL10<10,"",RANK(EL10,EL$3:EL$52)) | EN10: =IF(EL10>=75,"A1",IF(EL10>=70,"B2",IF(EL10>=65,"B3",IF(EL10>=60,"C4",IF(EL10>=55,"C5",IF(EL10>=50,"C6",IF(EL10>=45,"D7",IF(EL10>=40,"E8",IF(EL10>=6,"F",IF(EL10<5,"")))))))))) | EO10: =IF(EL10>=75,"Excellent",IF(EL10>=70,"V.Good",IF(EL10>=65,"Good",IF(EL10>=60,"Credit",IF(EL10>=55,"Credit",IF(EL10>=50,"Credit",IF(EL10>=45,"Pass",IF(EL10>=40,"Pass",IF(EL10>=6,"Fail",IF(EL10<5,"")))))))))) | EP10: 8 | EQ10: =Data!B9 -> IBRAHIM EMMANUEL | EV10: =SUM(ER10:EU10) -> 0 | EX10: =EV10+EW10 -> 0 | EY10: =IF(EX10<10,"",RANK(EX10,EX$3:EX$52)) | EZ10: =IF(EX10>=75,"A1",IF(EX10>=70,"B2",IF(EX10>=65,"B3",IF(EX10>=60,"C4",IF(EX10>=55,"C5",IF(EX10>=50,"C6",IF(EX10>=45,"D7",IF(EX10>=40,"E8",IF(EX10>=6,"F",IF(EX10<5,"")))))))))) | FA10: =IF(EX10>=75,"Excellent",IF(EX10>=70,"V.Good",IF(EX10>=65,"Good",IF(EX10>=60,"Credit",IF(EX10>=55,"Credit",IF(EX10>=50,"Credit",IF(EX10>=45,"Pass",IF(EX10>=40,"Pass",IF(EX10>=6,"Fail",IF(EX10<5,"")))))))))) | FB10: 8 | FC10: =Data!B9 -> IBRAHIM EMMANUEL | FH10: =SUM(FD10:FG10) -> 0 | FJ10: =FH10+FI10 -> 0 | FK10: =IF(FJ10<10,"",RANK(FJ10,FJ$3:FJ$52)) | FL10: =IF(FJ10>=75,"A",IF(FJ10>=70,"B2",IF(FJ10>=50,"C",IF(FJ10>=45,"D",IF(FJ10>=40,"E",IF(FJ10>=6,"F",IF(FJ10<5,""))))))) | FM10: =IF(FJ10>=75,"Excellent",IF(FJ10>=70,"V.Good",IF(FJ10>=65,"Good",IF(FJ10>=60,"Credit",IF(FJ10>=55,"Credit",IF(FJ10>=50,"Credit",IF(FJ10>=45,"Pass",IF(FJ10>=40,"Pass",IF(FJ10>=6,"Fail",IF(FJ10<5,"")))))))))) | FN10: 8 | FO10: =Data!B9 -> IBRAHIM EMMANUEL | FT10: =SUM(FP10:FS10) -> 0 | FV10: =FT10+FU10 -> 0 | FW10: =IF(FV10<10,"",RANK(FV10,FV$3:FV$52)) | FX10: =IF(FV10>=75,"A",IF(FV10>=70,"B2",IF(FV10>=50,"C",IF(FV10>=45,"D",IF(FV10>=40,"E",IF(FV10>=6,"F",IF(FV10<5,""))))))) | FY10: =IF(FV10>=75,"Excellent",IF(FV10>=70,"V.Good",IF(FV10>=65,"Good",IF(FV10>=60,"Credit",IF(FV10>=55,"Credit",IF(FV10>=50,"Credit",IF(FV10>=45,"Pass",IF(FV10>=40,"Pass",IF(FV10>=6,"Fail",IF(FV10<5,"")))))))))) | FZ10: 8 | GA10: =Data!B9 -> IBRAHIM EMMANUEL | GF10: =SUM(GB10:GE10) -> 0 | GH10: =GF10+GG10 -> 0 | GI10: =IF(GH10<10,"",RANK(GH10,GH$3:GH$52)) | GJ10: =IF(GH10>=75,"A",IF(GH10>=70,"B2",IF(GH10>=50,"C",IF(GH10>=45,"D",IF(GH10>=40,"E",IF(GH10>=6,"F",IF(GH10<5,""))))))) | GK10: =IF(GH10>=75,"Excellent",IF(GH10>=70,"V.Good",IF(GH10>=65,"Good",IF(GH10>=60,"Credit",IF(GH10>=55,"Credit",IF(GH10>=50,"Credit",IF(GH10>=45,"Pass",IF(GH10>=40,"Pass",IF(GH10>=6,"Fail",IF(GH10<5,"")))))))))) | GL10: 8 | GM10: =Data!B9 -> IBRAHIM EMMANUEL | GR10: =SUM(GN10:GQ10) -> 0 | GT10: =GR10+GS10 -> 0 | GU10: =IF(GT10<10,"",RANK(GT10,GT$3:GT$52)) | GV10: =IF(GT10>=75,"A",IF(GT10>=70,"B2",IF(GT10>=50,"C",IF(GT10>=45,"D",IF(GT10>=40,"E",IF(GT10>=6,"F",IF(GT10<5,""))))))) | GW10: =IF(GT10>=75,"Excellent",IF(GT10>=70,"V.Good",IF(GT10>=65,"Good",IF(GT10>=60,"Credit",IF(GT10>=55,"Credit",IF(GT10>=50,"Credit",IF(GT10>=45,"Pass",IF(GT10>=40,"Pass",IF(GT10>=6,"Fail",IF(GT10<5,"")))))))))) | GX10: 8 | GY10: =Data!B9 -> IBRAHIM EMMANUEL | HD10: =SUM(GZ10:HC10) -> 0 | HF10: =HD10+HE10 -> 0 | HG10: =IF(HF10<10,"",RANK(HF10,HF$3:HF$52)) | HH10: =IF(HF10>=75,"A",IF(HF10>=70,"B2",IF(HF10>=50,"C",IF(HF10>=45,"D",IF(HF10>=40,"E",IF(HF10>=6,"F",IF(HF10<5,""))))))) | HI10: =IF(HF10>=75,"Excellent",IF(HF10>=70,"V.Good",IF(HF10>=65,"Good",IF(HF10>=60,"Credit",IF(HF10>=55,"Credit",IF(HF10>=50,"Credit",IF(HF10>=45,"Pass",IF(HF10>=40,"Pass",IF(HF10>=6,"Fail",IF(HF10<5,"")))))))))) | HJ10: 8 | HK10: =Data!B9 -> IBRAHIM EMMANUEL | HP10: =SUM(HL10:HO10) -> 0 | HR10: =HP10+HQ10 -> 0 | HS10: =IF(HR10<10,"",RANK(HR10,HR$3:HR$52)) | HT10: =IF(HR10>=75,"A",IF(HR10>=70,"B2",IF(HR10>=50,"C",IF(HR10>=45,"D",IF(HR10>=40,"E",IF(HR10>=6,"F",IF(HR10<5,""))))))) | HU10: =IF(HR10>=75,"Excellent",IF(HR10>=70,"V.Good",IF(HR10>=65,"Good",IF(HR10>=60,"Credit",IF(HR10>=55,"Credit",IF(HR10>=50,"Credit",IF(HR10>=45,"Pass",IF(HR10>=40,"Pass",IF(HR10>=6,"Fail",IF(HR10<5,"")))))))))) | HV10: 8 | HW10: =Data!B9 -> IBRAHIM EMMANUEL | IB10: =SUM(HX10:IA10) -> 0 | ID10: =IB10+IC10 -> 0 | IE10: =IF(ID10<10,"",RANK(ID10,ID$3:ID$52)) | IF10: =IF(ID10>=75,"A",IF(ID10>=70,"B2",IF(ID10>=50,"C",IF(ID10>=45,"D",IF(ID10>=40,"E",IF(ID10>=6,"F",IF(ID10<5,""))))))) | IG10: =IF(ID10>=75,"Excellent",IF(ID10>=70,"V.Good",IF(ID10>=65,"Good",IF(ID10>=60,"Credit",IF(ID10>=55,"Credit",IF(ID10>=50,"Credit",IF(ID10>=45,"Pass",IF(ID10>=40,"Pass",IF(ID10>=6,"Fail",IF(ID10<5,"")))))))))) | IH10: 8 | II10: =Data!B9 -> IBRAHIM EMMANUEL | IN10: =SUM(IJ10:IM10) -> 0 | IP10: =IN10+IO10 -> 0 | IQ10: =IF(IP10<10,"",RANK(IP10,IP$3:IP$52)) | IR10: =IF(IP10>=75,"A",IF(IP10>=70,"B2",IF(IP10>=50,"C",IF(IP10>=45,"D",IF(IP10>=40,"E",IF(IP10>=6,"F",IF(IP10<5,""))))))) | IS10: =IF(IP10>=75,"Excellent",IF(IP10>=70,"V.Good",IF(IP10>=65,"Good",IF(IP10>=60,"Credit",IF(IP10>=55,"Credit",IF(IP10>=50,"Credit",IF(IP10>=45,"Pass",IF(IP10>=40,"Pass",IF(IP10>=6,"Fail",IF(IP10<5,"")))))))))) | IT10: 8 | IU10: =II10 -> IBRAHIM EMMANUEL | IZ10: =SUM(IV10:IY10) -> 0 | JB10: =IZ10+JA10 -> 0 | JC10: =IF(JB10<10,"",RANK(JB10,JB$3:JB$52)) | JD10: =IF(JB10>=75,"A",IF(JB10>=70,"B2",IF(JB10>=50,"C",IF(JB10>=45,"D",IF(JB10>=40,"E",IF(JB10>=6,"F",IF(JB10<5,""))))))) | JE10: =IF(JB10>=75,"Excellent",IF(JB10>=70,"V.Good",IF(JB10>=65,"Good",IF(JB10>=60,"Credit",IF(JB10>=55,"Credit",IF(JB10>=50,"Credit",IF(JB10>=45,"Pass",IF(JB10>=40,"Pass",IF(JB10>=6,"Fail",IF(JB10<5,"")))))))))) | JF10: 8 | JG10: =IU10 -> IBRAHIM EMMANUEL | JL10: =SUM(JH10:JK10) -> 0 | JN10: =JL10+JM10 -> 0 | JO10: =IF(JN10<10,"",RANK(JN10,JN$3:JN$52)) | JP10: =IF(JN10>=75,"A",IF(JN10>=70,"B2",IF(JN10>=50,"C",IF(JN10>=45,"D",IF(JN10>=40,"E",IF(JN10>=6,"F",IF(JN10<5,""))))))) | JQ10: =IF(JN10>=75,"Excellent",IF(JN10>=70,"V.Good",IF(JN10>=65,"Good",IF(JN10>=60,"Credit",IF(JN10>=55,"Credit",IF(JN10>=50,"Credit",IF(JN10>=45,"Pass",IF(JN10>=40,"Pass",IF(JN10>=6,"Fail",IF(JN10<5,"")))))))))) | JR10: 8 | JS10: =JG10 -> IBRAHIM EMMANUEL | JX10: =SUM(JT10:JW10) -> 0 | JZ10: =JX10+JY10 -> 0 | KA10: =IF(JZ10<10,"",RANK(JZ10,JZ$3:JZ$52)) | KB10: =IF(JZ10>=75,"A",IF(JZ10>=70,"B2",IF(JZ10>=50,"C",IF(JZ10>=45,"D",IF(JZ10>=40,"E",IF(JZ10>=6,"F",IF(JZ10<5,""))))))) | KC10: =IF(JZ10>=75,"Excellent",IF(JZ10>=70,"V.Good",IF(JZ10>=65,"Good",IF(JZ10>=60,"Credit",IF(JZ10>=55,"Credit",IF(JZ10>=50,"Credit",IF(JZ10>=45,"Pass",IF(JZ10>=40,"Pass",IF(JZ10>=6,"Fail",IF(JZ10<5,""))))))))))
A11: 9 | B11: 9 | C11: =Data!B10 -> ISHAKU JOSHUA KWARI | D11: 4 | E11: 6 | F11: 9 | G11: 9 | H11: =SUM(D11:G11) -> 28 | I11: 24 | J11: =H11+I11 -> 52 | K11: =IF(J11<10,"",RANK(J11,J$3:J$52)) -> 33 | L11: =IF(J11>=75,"A1",IF(J11>=70,"B2",IF(J11>=65,"B3",IF(J11>=60,"C4",IF(J11>=55,"C5",IF(J11>=50,"C6",IF(J11>=45,"D7",IF(J11>=40,"E8",IF(J11>=6,"F",IF(J11<5,"")))))))))) -> C6 | M11: =IF(J11>=75,"Excellent",IF(J11>=70,"V.Good",IF(J11>=65,"Good",IF(J11>=60,"Credit",IF(J11>=55,"Credit",IF(J11>=50,"Credit",IF(J11>=45,"Pass",IF(J11>=40,"Pass",IF(J11>=6,"Fail",IF(J11<5,"")))))))))) -> Credit | N11: 9 | O11: =Data!B10 -> ISHAKU JOSHUA KWARI | V11: =T11+U11 -> 0 | W11: =IF(V11<10,"",RANK(V11,V$3:V$52)) | X11: =IF(V11>=75,"A1",IF(V11>=70,"B2",IF(V11>=65,"B3",IF(V11>=60,"C4",IF(V11>=55,"C5",IF(V11>=50,"C6",IF(V11>=45,"D7",IF(V11>=40,"E8",IF(V11>=6,"F",IF(V11<5,"")))))))))) | Y11: =IF(V11>=75,"Excellent",IF(V11>=70,"V.Good",IF(V11>=65,"Good",IF(V11>=60,"Credit",IF(V11>=55,"Credit",IF(V11>=50,"Credit",IF(V11>=45,"Pass",IF(V11>=40,"Pass",IF(V11>=6,"Fail",IF(V11<5,"")))))))))) | Z11: 9 | AA11: =Data!B10 -> ISHAKU JOSHUA KWARI | AB11: 4 | AC11: 6 | AD11: 9 | AE11: 9 | AF11: =SUM(AB11:AE11) -> 28 | AG11: 24 | AH11: =AF11+AG11 -> 52 | AI11: =IF(AH11<10,"",RANK(AH11,AH$3:AH$52)) -> 33 | AJ11: =IF(AH11>=75,"A1",IF(AH11>=70,"B2",IF(AH11>=65,"B3",IF(AH11>=60,"C4",IF(AH11>=55,"C5",IF(AH11>=50,"C6",IF(AH11>=45,"D7",IF(AH11>=40,"E8",IF(AH11>=6,"F",IF(AH11<5,"")))))))))) -> C6 | AK11: =IF(AH11>=75,"Excellent",IF(AH11>=70,"V.Good",IF(AH11>=65,"Good",IF(AH11>=60,"Credit",IF(AH11>=55,"Credit",IF(AH11>=50,"Credit",IF(AH11>=45,"Pass",IF(AH11>=40,"Pass",IF(AH11>=6,"Fail",IF(AH11<5,"")))))))))) -> Credit | AL11: 9 | AM11: =Data!B10 -> ISHAKU JOSHUA KWARI | AN11: 4 | AO11: 6 | AP11: 9 | AQ11: 9 | AR11: =SUM(AN11:AQ11) -> 28 | AS11: 24 | AT11: =AR11+AS11 -> 52 | AU11: =IF(AT11<10,"",RANK(AT11,AT$3:AT$52)) -> 33 | AV11: =IF(AT11>=75,"A1",IF(AT11>=70,"B2",IF(AT11>=65,"B3",IF(AT11>=60,"C4",IF(AT11>=55,"C5",IF(AT11>=50,"C6",IF(AT11>=45,"D7",IF(AT11>=40,"E8",IF(AT11>=6,"F",IF(AT11<5,"")))))))))) -> C6 | AW11: =IF(AT11>=75,"Excellent",IF(AT11>=70,"V.Good",IF(AT11>=65,"Good",IF(AT11>=60,"Credit",IF(AT11>=55,"Credit",IF(AT11>=50,"Credit",IF(AT11>=45,"Pass",IF(AT11>=40,"Pass",IF(AT11>=6,"Fail",IF(AT11<5,"")))))))))) -> Credit | AX11: 9 | AY11: =Data!B10 -> ISHAKU JOSHUA KWARI | AZ11: 4 | BA11: 6 | BB11: 9 | BC11: 9 | BD11: =SUM(AZ11:BC11) -> 28 | BE11: 24 | BF11: =BD11+BE11 -> 52 | BG11: =IF(BF11<10,"",RANK(BF11,BF$3:BF$52)) -> 33 | BH11: =IF(BF11>=75,"A1",IF(BF11>=70,"B2",IF(BF11>=65,"B3",IF(BF11>=60,"C4",IF(BF11>=55,"C5",IF(BF11>=50,"C6",IF(BF11>=45,"D7",IF(BF11>=40,"E8",IF(BF11>=6,"F",IF(BF11<5,"")))))))))) -> C6 | BI11: =IF(BF11>=75,"Excellent",IF(BF11>=70,"V.Good",IF(BF11>=65,"Good",IF(BF11>=60,"Credit",IF(BF11>=55,"Credit",IF(BF11>=50,"Credit",IF(BF11>=45,"Pass",IF(BF11>=40,"Pass",IF(BF11>=6,"Fail",IF(BF11<5,"")))))))))) -> Credit | BJ11: 9 | BK11: =Data!B10 -> ISHAKU JOSHUA KWARI | BL11: 4 | BM11: 6 | BN11: 9 | BO11: 9 | BP11: =SUM(BL11:BO11) -> 28 | BQ11: 24 | BR11: =BP11+BQ11 -> 52 | BS11: =IF(BR11<10,"",RANK(BR11,BR$3:BR$52)) -> 33 | BT11: =IF(BR11>=75,"A1",IF(BR11>=70,"B2",IF(BR11>=65,"B3",IF(BR11>=60,"C4",IF(BR11>=55,"C5",IF(BR11>=50,"C6",IF(BR11>=45,"D7",IF(BR11>=40,"E8",IF(BR11>=6,"F",IF(BR11<5,"")))))))))) -> C6 | BU11: =IF(BR11>=75,"Excellent",IF(BR11>=70,"V.Good",IF(BR11>=65,"Good",IF(BR11>=60,"Credit",IF(BR11>=55,"Credit",IF(BR11>=50,"Credit",IF(BR11>=45,"Pass",IF(BR11>=40,"Pass",IF(BR11>=6,"Fail",IF(BR11<5,"")))))))))) -> Credit | BV11: 9 | BW11: =Data!B10 -> ISHAKU JOSHUA KWARI | BX11: 4 | BY11: 6 | BZ11: 9 | CA11: 9 | CB11: =SUM(BX11:CA11) -> 28 | CC11: 24 | CD11: =CB11+CC11 -> 52 | CE11: =IF(CD11<10,"",RANK(CD11,CD$3:CD$52)) -> 33 | CF11: =IF(CD11>=75,"A1",IF(CD11>=70,"B2",IF(CD11>=65,"B3",IF(CD11>=60,"C4",IF(CD11>=55,"C5",IF(CD11>=50,"C6",IF(CD11>=45,"D7",IF(CD11>=40,"E8",IF(CD11>=6,"F",IF(CD11<5,"")))))))))) -> C6 | CG11: =IF(CD11>=75,"Excellent",IF(CD11>=70,"V.Good",IF(CD11>=65,"Good",IF(CD11>=60,"Credit",IF(CD11>=55,"Credit",IF(CD11>=50,"Credit",IF(CD11>=45,"Pass",IF(CD11>=40,"Pass",IF(CD11>=6,"Fail",IF(CD11<5,"")))))))))) -> Credit | CH11: 9 | CI11: =Data!B10 -> ISHAKU JOSHUA KWARI | CN11: =SUM(CJ11:CM11) -> 0 | CP11: =CN11+CO11 -> 0 | CQ11: =IF(CP11<10,"",RANK(CP11,CP$3:CP$52)) | CR11: =IF(CP11>=75,"A1",IF(CP11>=70,"B2",IF(CP11>=65,"B3",IF(CP11>=60,"C4",IF(CP11>=55,"C5",IF(CP11>=50,"C6",IF(CP11>=45,"D7",IF(CP11>=40,"E8",IF(CP11>=6,"F",IF(CP11<5,"")))))))))) | CS11: =IF(CP11>=75,"Excellent",IF(CP11>=70,"V.Good",IF(CP11>=65,"Good",IF(CP11>=60,"Credit",IF(CP11>=55,"Credit",IF(CP11>=50,"Credit",IF(CP11>=45,"Pass",IF(CP11>=40,"Pass",IF(CP11>=6,"Fail",IF(CP11<5,"")))))))))) | CT11: 9 | CU11: =Data!B10 -> ISHAKU JOSHUA KWARI | CZ11: =SUM(CV11:CY11) -> 0 | DB11: =CZ11+DA11 -> 0 | DC11: =IF(DB11<10,"",RANK(DB11,DB$3:DB$52)) | DD11: =IF(DB11>=75,"A1",IF(DB11>=70,"B2",IF(DB11>=65,"B3",IF(DB11>=60,"C4",IF(DB11>=55,"C5",IF(DB11>=50,"C6",IF(DB11>=45,"D7",IF(DB11>=40,"E8",IF(DB11>=6,"F",IF(DB11<5,"")))))))))) | DE11: =IF(DB11>=75,"Excellent",IF(DB11>=70,"V.Good",IF(DB11>=65,"Good",IF(DB11>=60,"Credit",IF(DB11>=55,"Credit",IF(DB11>=50,"Credit",IF(DB11>=45,"Pass",IF(DB11>=40,"Pass",IF(DB11>=6,"Fail",IF(DB11<5,"")))))))))) | DF11: 9 | DG11: =Data!B10 -> ISHAKU JOSHUA KWARI | DL11: =SUM(DH11:DK11) -> 0 | DN11: =DL11+DM11 -> 0 | DO11: =IF(DN11<10,"",RANK(DN11,DN$3:DN$52)) | DP11: =IF(DN11>=75,"A1",IF(DN11>=70,"B2",IF(DN11>=65,"B3",IF(DN11>=60,"C4",IF(DN11>=55,"C5",IF(DN11>=50,"C6",IF(DN11>=45,"D7",IF(DN11>=40,"E8",IF(DN11>=6,"F",IF(DN11<5,"")))))))))) | DQ11: =IF(DN11>=75,"Excellent",IF(DN11>=70,"V.Good",IF(DN11>=65,"Good",IF(DN11>=60,"Credit",IF(DN11>=55,"Credit",IF(DN11>=50,"Credit",IF(DN11>=45,"Pass",IF(DN11>=40,"Pass",IF(DN11>=6,"Fail",IF(DN11<5,"")))))))))) | DR11: 9 | DS11: =Data!B10 -> ISHAKU JOSHUA KWARI | DX11: =SUM(DT11:DW11) -> 0 | DZ11: =DX11+DY11 -> 0 | EA11: =IF(DZ11<10,"",RANK(DZ11,DZ$3:DZ$52)) | EB11: =IF(DZ11>=75,"A1",IF(DZ11>=70,"B2",IF(DZ11>=65,"B3",IF(DZ11>=60,"C4",IF(DZ11>=55,"C5",IF(DZ11>=50,"C6",IF(DZ11>=45,"D7",IF(DZ11>=40,"E8",IF(DZ11>=6,"F",IF(DZ11<5,"")))))))))) | EC11: =IF(DZ11>=75,"Excellent",IF(DZ11>=70,"V.Good",IF(DZ11>=65,"Good",IF(DZ11>=60,"Credit",IF(DZ11>=55,"Credit",IF(DZ11>=50,"Credit",IF(DZ11>=45,"Pass",IF(DZ11>=40,"Pass",IF(DZ11>=6,"Fail",IF(DZ11<5,"")))))))))) | ED11: 9 | EE11: =Data!B10 -> ISHAKU JOSHUA KWARI | EJ11: =SUM(EF11:EI11) -> 0 | EL11: =EJ11+EK11 -> 0 | EM11: =IF(EL11<10,"",RANK(EL11,EL$3:EL$52)) | EN11: =IF(EL11>=75,"A1",IF(EL11>=70,"B2",IF(EL11>=65,"B3",IF(EL11>=60,"C4",IF(EL11>=55,"C5",IF(EL11>=50,"C6",IF(EL11>=45,"D7",IF(EL11>=40,"E8",IF(EL11>=6,"F",IF(EL11<5,"")))))))))) | EO11: =IF(EL11>=75,"Excellent",IF(EL11>=70,"V.Good",IF(EL11>=65,"Good",IF(EL11>=60,"Credit",IF(EL11>=55,"Credit",IF(EL11>=50,"Credit",IF(EL11>=45,"Pass",IF(EL11>=40,"Pass",IF(EL11>=6,"Fail",IF(EL11<5,"")))))))))) | EP11: 9 | EQ11: =Data!B10 -> ISHAKU JOSHUA KWARI | EV11: =SUM(ER11:EU11) -> 0 | EX11: =EV11+EW11 -> 0 | EY11: =IF(EX11<10,"",RANK(EX11,EX$3:EX$52)) | EZ11: =IF(EX11>=75,"A1",IF(EX11>=70,"B2",IF(EX11>=65,"B3",IF(EX11>=60,"C4",IF(EX11>=55,"C5",IF(EX11>=50,"C6",IF(EX11>=45,"D7",IF(EX11>=40,"E8",IF(EX11>=6,"F",IF(EX11<5,"")))))))))) | FA11: =IF(EX11>=75,"Excellent",IF(EX11>=70,"V.Good",IF(EX11>=65,"Good",IF(EX11>=60,"Credit",IF(EX11>=55,"Credit",IF(EX11>=50,"Credit",IF(EX11>=45,"Pass",IF(EX11>=40,"Pass",IF(EX11>=6,"Fail",IF(EX11<5,"")))))))))) | FB11: 9 | FC11: =Data!B10 -> ISHAKU JOSHUA KWARI | FH11: =SUM(FD11:FG11) -> 0 | FJ11: =FH11+FI11 -> 0 | FK11: =IF(FJ11<10,"",RANK(FJ11,FJ$3:FJ$52)) | FL11: =IF(FJ11>=75,"A",IF(FJ11>=70,"B2",IF(FJ11>=50,"C",IF(FJ11>=45,"D",IF(FJ11>=40,"E",IF(FJ11>=6,"F",IF(FJ11<5,""))))))) | FM11: =IF(FJ11>=75,"Excellent",IF(FJ11>=70,"V.Good",IF(FJ11>=65,"Good",IF(FJ11>=60,"Credit",IF(FJ11>=55,"Credit",IF(FJ11>=50,"Credit",IF(FJ11>=45,"Pass",IF(FJ11>=40,"Pass",IF(FJ11>=6,"Fail",IF(FJ11<5,"")))))))))) | FN11: 9 | FO11: =Data!B10 -> ISHAKU JOSHUA KWARI | FT11: =SUM(FP11:FS11) -> 0 | FV11: =FT11+FU11 -> 0 | FW11: =IF(FV11<10,"",RANK(FV11,FV$3:FV$52)) | FX11: =IF(FV11>=75,"A",IF(FV11>=70,"B2",IF(FV11>=50,"C",IF(FV11>=45,"D",IF(FV11>=40,"E",IF(FV11>=6,"F",IF(FV11<5,""))))))) | FY11: =IF(FV11>=75,"Excellent",IF(FV11>=70,"V.Good",IF(FV11>=65,"Good",IF(FV11>=60,"Credit",IF(FV11>=55,"Credit",IF(FV11>=50,"Credit",IF(FV11>=45,"Pass",IF(FV11>=40,"Pass",IF(FV11>=6,"Fail",IF(FV11<5,"")))))))))) | FZ11: 9 | GA11: =Data!B10 -> ISHAKU JOSHUA KWARI | GF11: =SUM(GB11:GE11) -> 0 | GH11: =GF11+GG11 -> 0 | GI11: =IF(GH11<10,"",RANK(GH11,GH$3:GH$52)) | GJ11: =IF(GH11>=75,"A",IF(GH11>=70,"B2",IF(GH11>=50,"C",IF(GH11>=45,"D",IF(GH11>=40,"E",IF(GH11>=6,"F",IF(GH11<5,""))))))) | GK11: =IF(GH11>=75,"Excellent",IF(GH11>=70,"V.Good",IF(GH11>=65,"Good",IF(GH11>=60,"Credit",IF(GH11>=55,"Credit",IF(GH11>=50,"Credit",IF(GH11>=45,"Pass",IF(GH11>=40,"Pass",IF(GH11>=6,"Fail",IF(GH11<5,"")))))))))) | GL11: 9 | GM11: =Data!B10 -> ISHAKU JOSHUA KWARI | GR11: =SUM(GN11:GQ11) -> 0 | GT11: =GR11+GS11 -> 0 | GU11: =IF(GT11<10,"",RANK(GT11,GT$3:GT$52)) | GV11: =IF(GT11>=75,"A",IF(GT11>=70,"B2",IF(GT11>=50,"C",IF(GT11>=45,"D",IF(GT11>=40,"E",IF(GT11>=6,"F",IF(GT11<5,""))))))) | GW11: =IF(GT11>=75,"Excellent",IF(GT11>=70,"V.Good",IF(GT11>=65,"Good",IF(GT11>=60,"Credit",IF(GT11>=55,"Credit",IF(GT11>=50,"Credit",IF(GT11>=45,"Pass",IF(GT11>=40,"Pass",IF(GT11>=6,"Fail",IF(GT11<5,"")))))))))) | GX11: 9 | GY11: =Data!B10 -> ISHAKU JOSHUA KWARI | HD11: =SUM(GZ11:HC11) -> 0 | HF11: =HD11+HE11 -> 0 | HG11: =IF(HF11<10,"",RANK(HF11,HF$3:HF$52)) | HH11: =IF(HF11>=75,"A",IF(HF11>=70,"B2",IF(HF11>=50,"C",IF(HF11>=45,"D",IF(HF11>=40,"E",IF(HF11>=6,"F",IF(HF11<5,""))))))) | HI11: =IF(HF11>=75,"Excellent",IF(HF11>=70,"V.Good",IF(HF11>=65,"Good",IF(HF11>=60,"Credit",IF(HF11>=55,"Credit",IF(HF11>=50,"Credit",IF(HF11>=45,"Pass",IF(HF11>=40,"Pass",IF(HF11>=6,"Fail",IF(HF11<5,"")))))))))) | HJ11: 9 | HK11: =Data!B10 -> ISHAKU JOSHUA KWARI | HP11: =SUM(HL11:HO11) -> 0 | HR11: =HP11+HQ11 -> 0 | HS11: =IF(HR11<10,"",RANK(HR11,HR$3:HR$52)) | HT11: =IF(HR11>=75,"A",IF(HR11>=70,"B2",IF(HR11>=50,"C",IF(HR11>=45,"D",IF(HR11>=40,"E",IF(HR11>=6,"F",IF(HR11<5,""))))))) | HU11: =IF(HR11>=75,"Excellent",IF(HR11>=70,"V.Good",IF(HR11>=65,"Good",IF(HR11>=60,"Credit",IF(HR11>=55,"Credit",IF(HR11>=50,"Credit",IF(HR11>=45,"Pass",IF(HR11>=40,"Pass",IF(HR11>=6,"Fail",IF(HR11<5,"")))))))))) | HV11: 9 | HW11: =Data!B10 -> ISHAKU JOSHUA KWARI | IB11: =SUM(HX11:IA11) -> 0 | ID11: =IB11+IC11 -> 0 | IE11: =IF(ID11<10,"",RANK(ID11,ID$3:ID$52)) | IF11: =IF(ID11>=75,"A",IF(ID11>=70,"B2",IF(ID11>=50,"C",IF(ID11>=45,"D",IF(ID11>=40,"E",IF(ID11>=6,"F",IF(ID11<5,""))))))) | IG11: =IF(ID11>=75,"Excellent",IF(ID11>=70,"V.Good",IF(ID11>=65,"Good",IF(ID11>=60,"Credit",IF(ID11>=55,"Credit",IF(ID11>=50,"Credit",IF(ID11>=45,"Pass",IF(ID11>=40,"Pass",IF(ID11>=6,"Fail",IF(ID11<5,"")))))))))) | IH11: 9 | II11: =Data!B10 -> ISHAKU JOSHUA KWARI | IN11: =SUM(IJ11:IM11) -> 0 | IP11: =IN11+IO11 -> 0 | IQ11: =IF(IP11<10,"",RANK(IP11,IP$3:IP$52)) | IR11: =IF(IP11>=75,"A",IF(IP11>=70,"B2",IF(IP11>=50,"C",IF(IP11>=45,"D",IF(IP11>=40,"E",IF(IP11>=6,"F",IF(IP11<5,""))))))) | IS11: =IF(IP11>=75,"Excellent",IF(IP11>=70,"V.Good",IF(IP11>=65,"Good",IF(IP11>=60,"Credit",IF(IP11>=55,"Credit",IF(IP11>=50,"Credit",IF(IP11>=45,"Pass",IF(IP11>=40,"Pass",IF(IP11>=6,"Fail",IF(IP11<5,"")))))))))) | IT11: 9 | IU11: =II11 -> ISHAKU JOSHUA KWARI | IZ11: =SUM(IV11:IY11) -> 0 | JB11: =IZ11+JA11 -> 0 | JC11: =IF(JB11<10,"",RANK(JB11,JB$3:JB$52)) | JD11: =IF(JB11>=75,"A",IF(JB11>=70,"B2",IF(JB11>=50,"C",IF(JB11>=45,"D",IF(JB11>=40,"E",IF(JB11>=6,"F",IF(JB11<5,""))))))) | JE11: =IF(JB11>=75,"Excellent",IF(JB11>=70,"V.Good",IF(JB11>=65,"Good",IF(JB11>=60,"Credit",IF(JB11>=55,"Credit",IF(JB11>=50,"Credit",IF(JB11>=45,"Pass",IF(JB11>=40,"Pass",IF(JB11>=6,"Fail",IF(JB11<5,"")))))))))) | JF11: 9 | JG11: =IU11 -> ISHAKU JOSHUA KWARI | JL11: =SUM(JH11:JK11) -> 0 | JN11: =JL11+JM11 -> 0 | JO11: =IF(JN11<10,"",RANK(JN11,JN$3:JN$52)) | JP11: =IF(JN11>=75,"A",IF(JN11>=70,"B2",IF(JN11>=50,"C",IF(JN11>=45,"D",IF(JN11>=40,"E",IF(JN11>=6,"F",IF(JN11<5,""))))))) | JQ11: =IF(JN11>=75,"Excellent",IF(JN11>=70,"V.Good",IF(JN11>=65,"Good",IF(JN11>=60,"Credit",IF(JN11>=55,"Credit",IF(JN11>=50,"Credit",IF(JN11>=45,"Pass",IF(JN11>=40,"Pass",IF(JN11>=6,"Fail",IF(JN11<5,"")))))))))) | JR11: 9 | JS11: =JG11 -> ISHAKU JOSHUA KWARI | JX11: =SUM(JT11:JW11) -> 0 | JZ11: =JX11+JY11 -> 0 | KA11: =IF(JZ11<10,"",RANK(JZ11,JZ$3:JZ$52)) | KB11: =IF(JZ11>=75,"A",IF(JZ11>=70,"B2",IF(JZ11>=50,"C",IF(JZ11>=45,"D",IF(JZ11>=40,"E",IF(JZ11>=6,"F",IF(JZ11<5,""))))))) | KC11: =IF(JZ11>=75,"Excellent",IF(JZ11>=70,"V.Good",IF(JZ11>=65,"Good",IF(JZ11>=60,"Credit",IF(JZ11>=55,"Credit",IF(JZ11>=50,"Credit",IF(JZ11>=45,"Pass",IF(JZ11>=40,"Pass",IF(JZ11>=6,"Fail",IF(JZ11<5,""))))))))))
A12: 10 | B12: 10 | C12: =Data!B11 -> PETER SIMON WANDIYAHEL | D12: 1 | E12: 7 | F12: 8 | G12: 10 | H12: =SUM(D12:G12) -> 26 | I12: 29 | J12: =H12+I12 -> 55 | K12: =IF(J12<10,"",RANK(J12,J$3:J$52)) -> 27 | L12: =IF(J12>=75,"A1",IF(J12>=70,"B2",IF(J12>=65,"B3",IF(J12>=60,"C4",IF(J12>=55,"C5",IF(J12>=50,"C6",IF(J12>=45,"D7",IF(J12>=40,"E8",IF(J12>=6,"F",IF(J12<5,"")))))))))) -> C5 | M12: =IF(J12>=75,"Excellent",IF(J12>=70,"V.Good",IF(J12>=65,"Good",IF(J12>=60,"Credit",IF(J12>=55,"Credit",IF(J12>=50,"Credit",IF(J12>=45,"Pass",IF(J12>=40,"Pass",IF(J12>=6,"Fail",IF(J12<5,"")))))))))) -> Credit | N12: 10 | O12: =Data!B11 -> PETER SIMON WANDIYAHEL | T12: =SUM(P12:S12) -> 0 | V12: =T12+U12 -> 0 | W12: =IF(V12<10,"",RANK(V12,V$3:V$52)) | X12: =IF(V12>=75,"A1",IF(V12>=70,"B2",IF(V12>=65,"B3",IF(V12>=60,"C4",IF(V12>=55,"C5",IF(V12>=50,"C6",IF(V12>=45,"D7",IF(V12>=40,"E8",IF(V12>=6,"F",IF(V12<5,"")))))))))) | Y12: =IF(V12>=75,"Excellent",IF(V12>=70,"V.Good",IF(V12>=65,"Good",IF(V12>=60,"Credit",IF(V12>=55,"Credit",IF(V12>=50,"Credit",IF(V12>=45,"Pass",IF(V12>=40,"Pass",IF(V12>=6,"Fail",IF(V12<5,"")))))))))) | Z12: 10 | AA12: =Data!B11 -> PETER SIMON WANDIYAHEL | AB12: 1 | AC12: 7 | AD12: 8 | AE12: 10 | AF12: =SUM(AB12:AE12) -> 26 | AG12: 29 | AH12: =AF12+AG12 -> 55 | AI12: =IF(AH12<10,"",RANK(AH12,AH$3:AH$52)) -> 27 | AJ12: =IF(AH12>=75,"A1",IF(AH12>=70,"B2",IF(AH12>=65,"B3",IF(AH12>=60,"C4",IF(AH12>=55,"C5",IF(AH12>=50,"C6",IF(AH12>=45,"D7",IF(AH12>=40,"E8",IF(AH12>=6,"F",IF(AH12<5,"")))))))))) -> C5 | AK12: =IF(AH12>=75,"Excellent",IF(AH12>=70,"V.Good",IF(AH12>=65,"Good",IF(AH12>=60,"Credit",IF(AH12>=55,"Credit",IF(AH12>=50,"Credit",IF(AH12>=45,"Pass",IF(AH12>=40,"Pass",IF(AH12>=6,"Fail",IF(AH12<5,"")))))))))) -> Credit | AL12: 10 | AM12: =Data!B11 -> PETER SIMON WANDIYAHEL | AN12: 1 | AO12: 7 | AP12: 8 | AQ12: 10 | AR12: =SUM(AN12:AQ12) -> 26 | AS12: 29 | AT12: =AR12+AS12 -> 55 | AU12: =IF(AT12<10,"",RANK(AT12,AT$3:AT$52)) -> 27 | AV12: =IF(AT12>=75,"A1",IF(AT12>=70,"B2",IF(AT12>=65,"B3",IF(AT12>=60,"C4",IF(AT12>=55,"C5",IF(AT12>=50,"C6",IF(AT12>=45,"D7",IF(AT12>=40,"E8",IF(AT12>=6,"F",IF(AT12<5,"")))))))))) -> C5 | AW12: =IF(AT12>=75,"Excellent",IF(AT12>=70,"V.Good",IF(AT12>=65,"Good",IF(AT12>=60,"Credit",IF(AT12>=55,"Credit",IF(AT12>=50,"Credit",IF(AT12>=45,"Pass",IF(AT12>=40,"Pass",IF(AT12>=6,"Fail",IF(AT12<5,"")))))))))) -> Credit | AX12: 10 | AY12: =Data!B11 -> PETER SIMON WANDIYAHEL | AZ12: 1 | BA12: 7 | BB12: 8 | BC12: 10 | BD12: =SUM(AZ12:BC12) -> 26 | BE12: 29 | BF12: =BD12+BE12 -> 55 | BG12: =IF(BF12<10,"",RANK(BF12,BF$3:BF$52)) -> 27 | BH12: =IF(BF12>=75,"A1",IF(BF12>=70,"B2",IF(BF12>=65,"B3",IF(BF12>=60,"C4",IF(BF12>=55,"C5",IF(BF12>=50,"C6",IF(BF12>=45,"D7",IF(BF12>=40,"E8",IF(BF12>=6,"F",IF(BF12<5,"")))))))))) -> C5 | BI12: =IF(BF12>=75,"Excellent",IF(BF12>=70,"V.Good",IF(BF12>=65,"Good",IF(BF12>=60,"Credit",IF(BF12>=55,"Credit",IF(BF12>=50,"Credit",IF(BF12>=45,"Pass",IF(BF12>=40,"Pass",IF(BF12>=6,"Fail",IF(BF12<5,"")))))))))) -> Credit | BJ12: 10 | BK12: =Data!B11 -> PETER SIMON WANDIYAHEL | BL12: 1 | BM12: 7 | BN12: 8 | BO12: 10 | BP12: =SUM(BL12:BO12) -> 26 | BQ12: 29 | BR12: =BP12+BQ12 -> 55 | BS12: =IF(BR12<10,"",RANK(BR12,BR$3:BR$52)) -> 27 | BT12: =IF(BR12>=75,"A1",IF(BR12>=70,"B2",IF(BR12>=65,"B3",IF(BR12>=60,"C4",IF(BR12>=55,"C5",IF(BR12>=50,"C6",IF(BR12>=45,"D7",IF(BR12>=40,"E8",IF(BR12>=6,"F",IF(BR12<5,"")))))))))) -> C5 | BU12: =IF(BR12>=75,"Excellent",IF(BR12>=70,"V.Good",IF(BR12>=65,"Good",IF(BR12>=60,"Credit",IF(BR12>=55,"Credit",IF(BR12>=50,"Credit",IF(BR12>=45,"Pass",IF(BR12>=40,"Pass",IF(BR12>=6,"Fail",IF(BR12<5,"")))))))))) -> Credit | BV12: 10 | BW12: =Data!B11 -> PETER SIMON WANDIYAHEL | BX12: 1 | BY12: 7 | BZ12: 8 | CA12: 10 | CB12: =SUM(BX12:CA12) -> 26 | CC12: 29 | CD12: =CB12+CC12 -> 55 | CE12: =IF(CD12<10,"",RANK(CD12,CD$3:CD$52)) -> 27 | CF12: =IF(CD12>=75,"A1",IF(CD12>=70,"B2",IF(CD12>=65,"B3",IF(CD12>=60,"C4",IF(CD12>=55,"C5",IF(CD12>=50,"C6",IF(CD12>=45,"D7",IF(CD12>=40,"E8",IF(CD12>=6,"F",IF(CD12<5,"")))))))))) -> C5 | CG12: =IF(CD12>=75,"Excellent",IF(CD12>=70,"V.Good",IF(CD12>=65,"Good",IF(CD12>=60,"Credit",IF(CD12>=55,"Credit",IF(CD12>=50,"Credit",IF(CD12>=45,"Pass",IF(CD12>=40,"Pass",IF(CD12>=6,"Fail",IF(CD12<5,"")))))))))) -> Credit | CH12: 10 | CI12: =Data!B11 -> PETER SIMON WANDIYAHEL | CN12: =SUM(CJ12:CM12) -> 0 | CP12: =CN12+CO12 -> 0 | CQ12: =IF(CP12<10,"",RANK(CP12,CP$3:CP$52)) | CR12: =IF(CP12>=75,"A1",IF(CP12>=70,"B2",IF(CP12>=65,"B3",IF(CP12>=60,"C4",IF(CP12>=55,"C5",IF(CP12>=50,"C6",IF(CP12>=45,"D7",IF(CP12>=40,"E8",IF(CP12>=6,"F",IF(CP12<5,"")))))))))) | CS12: =IF(CP12>=75,"Excellent",IF(CP12>=70,"V.Good",IF(CP12>=65,"Good",IF(CP12>=60,"Credit",IF(CP12>=55,"Credit",IF(CP12>=50,"Credit",IF(CP12>=45,"Pass",IF(CP12>=40,"Pass",IF(CP12>=6,"Fail",IF(CP12<5,"")))))))))) | CT12: 10 | CU12: =Data!B11 -> PETER SIMON WANDIYAHEL | CZ12: =SUM(CV12:CY12) -> 0 | DB12: =CZ12+DA12 -> 0 | DC12: =IF(DB12<10,"",RANK(DB12,DB$3:DB$52)) | DD12: =IF(DB12>=75,"A1",IF(DB12>=70,"B2",IF(DB12>=65,"B3",IF(DB12>=60,"C4",IF(DB12>=55,"C5",IF(DB12>=50,"C6",IF(DB12>=45,"D7",IF(DB12>=40,"E8",IF(DB12>=6,"F",IF(DB12<5,"")))))))))) | DE12: =IF(DB12>=75,"Excellent",IF(DB12>=70,"V.Good",IF(DB12>=65,"Good",IF(DB12>=60,"Credit",IF(DB12>=55,"Credit",IF(DB12>=50,"Credit",IF(DB12>=45,"Pass",IF(DB12>=40,"Pass",IF(DB12>=6,"Fail",IF(DB12<5,"")))))))))) | DF12: 10 | DG12: =Data!B11 -> PETER SIMON WANDIYAHEL | DL12: =SUM(DH12:DK12) -> 0 | DN12: =DL12+DM12 -> 0 | DO12: =IF(DN12<10,"",RANK(DN12,DN$3:DN$52)) | DP12: =IF(DN12>=75,"A1",IF(DN12>=70,"B2",IF(DN12>=65,"B3",IF(DN12>=60,"C4",IF(DN12>=55,"C5",IF(DN12>=50,"C6",IF(DN12>=45,"D7",IF(DN12>=40,"E8",IF(DN12>=6,"F",IF(DN12<5,"")))))))))) | DQ12: =IF(DN12>=75,"Excellent",IF(DN12>=70,"V.Good",IF(DN12>=65,"Good",IF(DN12>=60,"Credit",IF(DN12>=55,"Credit",IF(DN12>=50,"Credit",IF(DN12>=45,"Pass",IF(DN12>=40,"Pass",IF(DN12>=6,"Fail",IF(DN12<5,"")))))))))) | DR12: 10 | DS12: =Data!B11 -> PETER SIMON WANDIYAHEL | DX12: =SUM(DT12:DW12) -> 0 | DZ12: =DX12+DY12 -> 0 | EA12: =IF(DZ12<10,"",RANK(DZ12,DZ$3:DZ$52)) | EB12: =IF(DZ12>=75,"A1",IF(DZ12>=70,"B2",IF(DZ12>=65,"B3",IF(DZ12>=60,"C4",IF(DZ12>=55,"C5",IF(DZ12>=50,"C6",IF(DZ12>=45,"D7",IF(DZ12>=40,"E8",IF(DZ12>=6,"F",IF(DZ12<5,"")))))))))) | EC12: =IF(DZ12>=75,"Excellent",IF(DZ12>=70,"V.Good",IF(DZ12>=65,"Good",IF(DZ12>=60,"Credit",IF(DZ12>=55,"Credit",IF(DZ12>=50,"Credit",IF(DZ12>=45,"Pass",IF(DZ12>=40,"Pass",IF(DZ12>=6,"Fail",IF(DZ12<5,"")))))))))) | ED12: 10 | EE12: =Data!B11 -> PETER SIMON WANDIYAHEL | EJ12: =SUM(EF12:EI12) -> 0 | EL12: =EJ12+EK12 -> 0 | EM12: =IF(EL12<10,"",RANK(EL12,EL$3:EL$52)) | EN12: =IF(EL12>=75,"A1",IF(EL12>=70,"B2",IF(EL12>=65,"B3",IF(EL12>=60,"C4",IF(EL12>=55,"C5",IF(EL12>=50,"C6",IF(EL12>=45,"D7",IF(EL12>=40,"E8",IF(EL12>=6,"F",IF(EL12<5,"")))))))))) | EO12: =IF(EL12>=75,"Excellent",IF(EL12>=70,"V.Good",IF(EL12>=65,"Good",IF(EL12>=60,"Credit",IF(EL12>=55,"Credit",IF(EL12>=50,"Credit",IF(EL12>=45,"Pass",IF(EL12>=40,"Pass",IF(EL12>=6,"Fail",IF(EL12<5,"")))))))))) | EP12: 10 | EQ12: =Data!B11 -> PETER SIMON WANDIYAHEL | EV12: =SUM(ER12:EU12) -> 0 | EX12: =EV12+EW12 -> 0 | EY12: =IF(EX12<10,"",RANK(EX12,EX$3:EX$52)) | EZ12: =IF(EX12>=75,"A1",IF(EX12>=70,"B2",IF(EX12>=65,"B3",IF(EX12>=60,"C4",IF(EX12>=55,"C5",IF(EX12>=50,"C6",IF(EX12>=45,"D7",IF(EX12>=40,"E8",IF(EX12>=6,"F",IF(EX12<5,"")))))))))) | FA12: =IF(EX12>=75,"Excellent",IF(EX12>=70,"V.Good",IF(EX12>=65,"Good",IF(EX12>=60,"Credit",IF(EX12>=55,"Credit",IF(EX12>=50,"Credit",IF(EX12>=45,"Pass",IF(EX12>=40,"Pass",IF(EX12>=6,"Fail",IF(EX12<5,"")))))))))) | FB12: 10 | FC12: =Data!B11 -> PETER SIMON WANDIYAHEL | FH12: =SUM(FD12:FG12) -> 0 | FJ12: =FH12+FI12 -> 0 | FK12: =IF(FJ12<10,"",RANK(FJ12,FJ$3:FJ$52)) | FL12: =IF(FJ12>=75,"A",IF(FJ12>=70,"B2",IF(FJ12>=50,"C",IF(FJ12>=45,"D",IF(FJ12>=40,"E",IF(FJ12>=6,"F",IF(FJ12<5,""))))))) | FM12: =IF(FJ12>=75,"Excellent",IF(FJ12>=70,"V.Good",IF(FJ12>=65,"Good",IF(FJ12>=60,"Credit",IF(FJ12>=55,"Credit",IF(FJ12>=50,"Credit",IF(FJ12>=45,"Pass",IF(FJ12>=40,"Pass",IF(FJ12>=6,"Fail",IF(FJ12<5,"")))))))))) | FN12: 10 | FO12: =Data!B11 -> PETER SIMON WANDIYAHEL | FT12: =SUM(FP12:FS12) -> 0 | FV12: =FT12+FU12 -> 0 | FW12: =IF(FV12<10,"",RANK(FV12,FV$3:FV$52)) | FX12: =IF(FV12>=75,"A",IF(FV12>=70,"B2",IF(FV12>=50,"C",IF(FV12>=45,"D",IF(FV12>=40,"E",IF(FV12>=6,"F",IF(FV12<5,""))))))) | FY12: =IF(FV12>=75,"Excellent",IF(FV12>=70,"V.Good",IF(FV12>=65,"Good",IF(FV12>=60,"Credit",IF(FV12>=55,"Credit",IF(FV12>=50,"Credit",IF(FV12>=45,"Pass",IF(FV12>=40,"Pass",IF(FV12>=6,"Fail",IF(FV12<5,"")))))))))) | FZ12: 10 | GA12: =Data!B11 -> PETER SIMON WANDIYAHEL | GF12: =SUM(GB12:GE12) -> 0 | GH12: =GF12+GG12 -> 0 | GI12: =IF(GH12<10,"",RANK(GH12,GH$3:GH$52)) | GJ12: =IF(GH12>=75,"A",IF(GH12>=70,"B2",IF(GH12>=50,"C",IF(GH12>=45,"D",IF(GH12>=40,"E",IF(GH12>=6,"F",IF(GH12<5,""))))))) | GK12: =IF(GH12>=75,"Excellent",IF(GH12>=70,"V.Good",IF(GH12>=65,"Good",IF(GH12>=60,"Credit",IF(GH12>=55,"Credit",IF(GH12>=50,"Credit",IF(GH12>=45,"Pass",IF(GH12>=40,"Pass",IF(GH12>=6,"Fail",IF(GH12<5,"")))))))))) | GL12: 10 | GM12: =Data!B11 -> PETER SIMON WANDIYAHEL | GR12: =SUM(GN12:GQ12) -> 0 | GT12: =GR12+GS12 -> 0 | GU12: =IF(GT12<10,"",RANK(GT12,GT$3:GT$52)) | GV12: =IF(GT12>=75,"A",IF(GT12>=70,"B2",IF(GT12>=50,"C",IF(GT12>=45,"D",IF(GT12>=40,"E",IF(GT12>=6,"F",IF(GT12<5,""))))))) | GW12: =IF(GT12>=75,"Excellent",IF(GT12>=70,"V.Good",IF(GT12>=65,"Good",IF(GT12>=60,"Credit",IF(GT12>=55,"Credit",IF(GT12>=50,"Credit",IF(GT12>=45,"Pass",IF(GT12>=40,"Pass",IF(GT12>=6,"Fail",IF(GT12<5,"")))))))))) | GX12: 10 | GY12: =Data!B11 -> PETER SIMON WANDIYAHEL | HD12: =SUM(GZ12:HC12) -> 0 | HF12: =HD12+HE12 -> 0 | HG12: =IF(HF12<10,"",RANK(HF12,HF$3:HF$52)) | HH12: =IF(HF12>=75,"A",IF(HF12>=70,"B2",IF(HF12>=50,"C",IF(HF12>=45,"D",IF(HF12>=40,"E",IF(HF12>=6,"F",IF(HF12<5,""))))))) | HI12: =IF(HF12>=75,"Excellent",IF(HF12>=70,"V.Good",IF(HF12>=65,"Good",IF(HF12>=60,"Credit",IF(HF12>=55,"Credit",IF(HF12>=50,"Credit",IF(HF12>=45,"Pass",IF(HF12>=40,"Pass",IF(HF12>=6,"Fail",IF(HF12<5,"")))))))))) | HJ12: 10 | HK12: =Data!B11 -> PETER SIMON WANDIYAHEL | HP12: =SUM(HL12:HO12) -> 0 | HR12: =HP12+HQ12 -> 0 | HS12: =IF(HR12<10,"",RANK(HR12,HR$3:HR$52)) | HT12: =IF(HR12>=75,"A",IF(HR12>=70,"B2",IF(HR12>=50,"C",IF(HR12>=45,"D",IF(HR12>=40,"E",IF(HR12>=6,"F",IF(HR12<5,""))))))) | HU12: =IF(HR12>=75,"Excellent",IF(HR12>=70,"V.Good",IF(HR12>=65,"Good",IF(HR12>=60,"Credit",IF(HR12>=55,"Credit",IF(HR12>=50,"Credit",IF(HR12>=45,"Pass",IF(HR12>=40,"Pass",IF(HR12>=6,"Fail",IF(HR12<5,"")))))))))) | HV12: 10 | HW12: =Data!B11 -> PETER SIMON WANDIYAHEL | IB12: =SUM(HX12:IA12) -> 0 | ID12: =IB12+IC12 -> 0 | IE12: =IF(ID12<10,"",RANK(ID12,ID$3:ID$52)) | IF12: =IF(ID12>=75,"A",IF(ID12>=70,"B2",IF(ID12>=50,"C",IF(ID12>=45,"D",IF(ID12>=40,"E",IF(ID12>=6,"F",IF(ID12<5,""))))))) | IG12: =IF(ID12>=75,"Excellent",IF(ID12>=70,"V.Good",IF(ID12>=65,"Good",IF(ID12>=60,"Credit",IF(ID12>=55,"Credit",IF(ID12>=50,"Credit",IF(ID12>=45,"Pass",IF(ID12>=40,"Pass",IF(ID12>=6,"Fail",IF(ID12<5,"")))))))))) | IH12: 10 | II12: =Data!B11 -> PETER SIMON WANDIYAHEL | IN12: =SUM(IJ12:IM12) -> 0 | IP12: =IN12+IO12 -> 0 | IQ12: =IF(IP12<10,"",RANK(IP12,IP$3:IP$52)) | IR12: =IF(IP12>=75,"A",IF(IP12>=70,"B2",IF(IP12>=50,"C",IF(IP12>=45,"D",IF(IP12>=40,"E",IF(IP12>=6,"F",IF(IP12<5,""))))))) | IS12: =IF(IP12>=75,"Excellent",IF(IP12>=70,"V.Good",IF(IP12>=65,"Good",IF(IP12>=60,"Credit",IF(IP12>=55,"Credit",IF(IP12>=50,"Credit",IF(IP12>=45,"Pass",IF(IP12>=40,"Pass",IF(IP12>=6,"Fail",IF(IP12<5,"")))))))))) | IT12: 10 | IU12: =II12 -> PETER SIMON WANDIYAHEL | IZ12: =SUM(IV12:IY12) -> 0 | JB12: =IZ12+JA12 -> 0 | JC12: =IF(JB12<10,"",RANK(JB12,JB$3:JB$52)) | JD12: =IF(JB12>=75,"A",IF(JB12>=70,"B2",IF(JB12>=50,"C",IF(JB12>=45,"D",IF(JB12>=40,"E",IF(JB12>=6,"F",IF(JB12<5,""))))))) | JE12: =IF(JB12>=75,"Excellent",IF(JB12>=70,"V.Good",IF(JB12>=65,"Good",IF(JB12>=60,"Credit",IF(JB12>=55,"Credit",IF(JB12>=50,"Credit",IF(JB12>=45,"Pass",IF(JB12>=40,"Pass",IF(JB12>=6,"Fail",IF(JB12<5,"")))))))))) | JF12: 10 | JG12: =IU12 -> PETER SIMON WANDIYAHEL | JL12: =SUM(JH12:JK12) -> 0 | JN12: =JL12+JM12 -> 0 | JO12: =IF(JN12<10,"",RANK(JN12,JN$3:JN$52)) | JP12: =IF(JN12>=75,"A",IF(JN12>=70,"B2",IF(JN12>=50,"C",IF(JN12>=45,"D",IF(JN12>=40,"E",IF(JN12>=6,"F",IF(JN12<5,""))))))) | JQ12: =IF(JN12>=75,"Excellent",IF(JN12>=70,"V.Good",IF(JN12>=65,"Good",IF(JN12>=60,"Credit",IF(JN12>=55,"Credit",IF(JN12>=50,"Credit",IF(JN12>=45,"Pass",IF(JN12>=40,"Pass",IF(JN12>=6,"Fail",IF(JN12<5,"")))))))))) | JR12: 10 | JS12: =JG12 -> PETER SIMON WANDIYAHEL | JX12: =SUM(JT12:JW12) -> 0 | JZ12: =JX12+JY12 -> 0 | KA12: =IF(JZ12<10,"",RANK(JZ12,JZ$3:JZ$52)) | KB12: =IF(JZ12>=75,"A",IF(JZ12>=70,"B2",IF(JZ12>=50,"C",IF(JZ12>=45,"D",IF(JZ12>=40,"E",IF(JZ12>=6,"F",IF(JZ12<5,""))))))) | KC12: =IF(JZ12>=75,"Excellent",IF(JZ12>=70,"V.Good",IF(JZ12>=65,"Good",IF(JZ12>=60,"Credit",IF(JZ12>=55,"Credit",IF(JZ12>=50,"Credit",IF(JZ12>=45,"Pass",IF(JZ12>=40,"Pass",IF(JZ12>=6,"Fail",IF(JZ12<5,""))))))))))
A13: 11 | B13: 11 | C13: =Data!B12 -> SAMUEL JOHN ABBAS | D13: 8 | E13: 5 | F13: 8 | G13: 6 | H13: =SUM(D13:G13) -> 27 | I13: 27 | J13: =H13+I13 -> 54 | K13: =IF(J13<10,"",RANK(J13,J$3:J$52)) -> 29 | L13: =IF(J13>=75,"A1",IF(J13>=70,"B2",IF(J13>=65,"B3",IF(J13>=60,"C4",IF(J13>=55,"C5",IF(J13>=50,"C6",IF(J13>=45,"D7",IF(J13>=40,"E8",IF(J13>=6,"F",IF(J13<5,"")))))))))) -> C6 | M13: =IF(J13>=75,"Excellent",IF(J13>=70,"V.Good",IF(J13>=65,"Good",IF(J13>=60,"Credit",IF(J13>=55,"Credit",IF(J13>=50,"Credit",IF(J13>=45,"Pass",IF(J13>=40,"Pass",IF(J13>=6,"Fail",IF(J13<5,"")))))))))) -> Credit | N13: 11 | O13: =Data!B12 -> SAMUEL JOHN ABBAS | T13: =SUM(P13:S13) -> 0 | V13: =T13+U13 -> 0 | W13: =IF(V13<10,"",RANK(V13,V$3:V$52)) | X13: =IF(V13>=75,"A1",IF(V13>=70,"B2",IF(V13>=65,"B3",IF(V13>=60,"C4",IF(V13>=55,"C5",IF(V13>=50,"C6",IF(V13>=45,"D7",IF(V13>=40,"E8",IF(V13>=6,"F",IF(V13<5,"")))))))))) | Y13: =IF(V13>=75,"Excellent",IF(V13>=70,"V.Good",IF(V13>=65,"Good",IF(V13>=60,"Credit",IF(V13>=55,"Credit",IF(V13>=50,"Credit",IF(V13>=45,"Pass",IF(V13>=40,"Pass",IF(V13>=6,"Fail",IF(V13<5,"")))))))))) | Z13: 11 | AA13: =Data!B12 -> SAMUEL JOHN ABBAS | AB13: 8 | AC13: 5 | AD13: 8 | AE13: 6 | AF13: =SUM(AB13:AE13) -> 27 | AG13: 27 | AH13: =AF13+AG13 -> 54 | AI13: =IF(AH13<10,"",RANK(AH13,AH$3:AH$52)) -> 29 | AJ13: =IF(AH13>=75,"A1",IF(AH13>=70,"B2",IF(AH13>=65,"B3",IF(AH13>=60,"C4",IF(AH13>=55,"C5",IF(AH13>=50,"C6",IF(AH13>=45,"D7",IF(AH13>=40,"E8",IF(AH13>=6,"F",IF(AH13<5,"")))))))))) -> C6 | AK13: =IF(AH13>=75,"Excellent",IF(AH13>=70,"V.Good",IF(AH13>=65,"Good",IF(AH13>=60,"Credit",IF(AH13>=55,"Credit",IF(AH13>=50,"Credit",IF(AH13>=45,"Pass",IF(AH13>=40,"Pass",IF(AH13>=6,"Fail",IF(AH13<5,"")))))))))) -> Credit | AL13: 11 | AM13: =Data!B12 -> SAMUEL JOHN ABBAS | AN13: 8 | AO13: 5 | AP13: 8 | AQ13: 6 | AR13: =SUM(AN13:AQ13) -> 27 | AS13: 27 | AT13: =AR13+AS13 -> 54 | AU13: =IF(AT13<10,"",RANK(AT13,AT$3:AT$52)) -> 29 | AV13: =IF(AT13>=75,"A1",IF(AT13>=70,"B2",IF(AT13>=65,"B3",IF(AT13>=60,"C4",IF(AT13>=55,"C5",IF(AT13>=50,"C6",IF(AT13>=45,"D7",IF(AT13>=40,"E8",IF(AT13>=6,"F",IF(AT13<5,"")))))))))) -> C6 | AW13: =IF(AT13>=75,"Excellent",IF(AT13>=70,"V.Good",IF(AT13>=65,"Good",IF(AT13>=60,"Credit",IF(AT13>=55,"Credit",IF(AT13>=50,"Credit",IF(AT13>=45,"Pass",IF(AT13>=40,"Pass",IF(AT13>=6,"Fail",IF(AT13<5,"")))))))))) -> Credit | AX13: 11 | AY13: =Data!B12 -> SAMUEL JOHN ABBAS | AZ13: 8 | BA13: 5 | BB13: 8 | BC13: 6 | BD13: =SUM(AZ13:BC13) -> 27 | BE13: 27 | BF13: =BD13+BE13 -> 54 | BG13: =IF(BF13<10,"",RANK(BF13,BF$3:BF$52)) -> 29 | BH13: =IF(BF13>=75,"A1",IF(BF13>=70,"B2",IF(BF13>=65,"B3",IF(BF13>=60,"C4",IF(BF13>=55,"C5",IF(BF13>=50,"C6",IF(BF13>=45,"D7",IF(BF13>=40,"E8",IF(BF13>=6,"F",IF(BF13<5,"")))))))))) -> C6 | BI13: =IF(BF13>=75,"Excellent",IF(BF13>=70,"V.Good",IF(BF13>=65,"Good",IF(BF13>=60,"Credit",IF(BF13>=55,"Credit",IF(BF13>=50,"Credit",IF(BF13>=45,"Pass",IF(BF13>=40,"Pass",IF(BF13>=6,"Fail",IF(BF13<5,"")))))))))) -> Credit | BJ13: 11 | BK13: =Data!B12 -> SAMUEL JOHN ABBAS | BL13: 8 | BM13: 5 | BN13: 8 | BO13: 6 | BP13: =SUM(BL13:BO13) -> 27 | BQ13: 27 | BR13: =BP13+BQ13 -> 54 | BS13: =IF(BR13<10,"",RANK(BR13,BR$3:BR$52)) -> 29 | BT13: =IF(BR13>=75,"A1",IF(BR13>=70,"B2",IF(BR13>=65,"B3",IF(BR13>=60,"C4",IF(BR13>=55,"C5",IF(BR13>=50,"C6",IF(BR13>=45,"D7",IF(BR13>=40,"E8",IF(BR13>=6,"F",IF(BR13<5,"")))))))))) -> C6 | BU13: =IF(BR13>=75,"Excellent",IF(BR13>=70,"V.Good",IF(BR13>=65,"Good",IF(BR13>=60,"Credit",IF(BR13>=55,"Credit",IF(BR13>=50,"Credit",IF(BR13>=45,"Pass",IF(BR13>=40,"Pass",IF(BR13>=6,"Fail",IF(BR13<5,"")))))))))) -> Credit | BV13: 11 | BW13: =Data!B12 -> SAMUEL JOHN ABBAS | BX13: 8 | BY13: 5 | BZ13: 8 | CA13: 6 | CB13: =SUM(BX13:CA13) -> 27 | CC13: 27 | CD13: =CB13+CC13 -> 54 | CE13: =IF(CD13<10,"",RANK(CD13,CD$3:CD$52)) -> 29 | CF13: =IF(CD13>=75,"A1",IF(CD13>=70,"B2",IF(CD13>=65,"B3",IF(CD13>=60,"C4",IF(CD13>=55,"C5",IF(CD13>=50,"C6",IF(CD13>=45,"D7",IF(CD13>=40,"E8",IF(CD13>=6,"F",IF(CD13<5,"")))))))))) -> C6 | CG13: =IF(CD13>=75,"Excellent",IF(CD13>=70,"V.Good",IF(CD13>=65,"Good",IF(CD13>=60,"Credit",IF(CD13>=55,"Credit",IF(CD13>=50,"Credit",IF(CD13>=45,"Pass",IF(CD13>=40,"Pass",IF(CD13>=6,"Fail",IF(CD13<5,"")))))))))) -> Credit | CH13: 11 | CI13: =Data!B12 -> SAMUEL JOHN ABBAS | CN13: =SUM(CJ13:CM13) -> 0 | CP13: =CN13+CO13 -> 0 | CQ13: =IF(CP13<10,"",RANK(CP13,CP$3:CP$52)) | CR13: =IF(CP13>=75,"A1",IF(CP13>=70,"B2",IF(CP13>=65,"B3",IF(CP13>=60,"C4",IF(CP13>=55,"C5",IF(CP13>=50,"C6",IF(CP13>=45,"D7",IF(CP13>=40,"E8",IF(CP13>=6,"F",IF(CP13<5,"")))))))))) | CS13: =IF(CP13>=75,"Excellent",IF(CP13>=70,"V.Good",IF(CP13>=65,"Good",IF(CP13>=60,"Credit",IF(CP13>=55,"Credit",IF(CP13>=50,"Credit",IF(CP13>=45,"Pass",IF(CP13>=40,"Pass",IF(CP13>=6,"Fail",IF(CP13<5,"")))))))))) | CT13: 11 | CU13: =Data!B12 -> SAMUEL JOHN ABBAS | CZ13: =SUM(CV13:CY13) -> 0 | DB13: =CZ13+DA13 -> 0 | DC13: =IF(DB13<10,"",RANK(DB13,DB$3:DB$52)) | DD13: =IF(DB13>=75,"A1",IF(DB13>=70,"B2",IF(DB13>=65,"B3",IF(DB13>=60,"C4",IF(DB13>=55,"C5",IF(DB13>=50,"C6",IF(DB13>=45,"D7",IF(DB13>=40,"E8",IF(DB13>=6,"F",IF(DB13<5,"")))))))))) | DE13: =IF(DB13>=75,"Excellent",IF(DB13>=70,"V.Good",IF(DB13>=65,"Good",IF(DB13>=60,"Credit",IF(DB13>=55,"Credit",IF(DB13>=50,"Credit",IF(DB13>=45,"Pass",IF(DB13>=40,"Pass",IF(DB13>=6,"Fail",IF(DB13<5,"")))))))))) | DF13: 11 | DG13: =Data!B12 -> SAMUEL JOHN ABBAS | DL13: =SUM(DH13:DK13) -> 0 | DN13: =DL13+DM13 -> 0 | DO13: =IF(DN13<10,"",RANK(DN13,DN$3:DN$52)) | DP13: =IF(DN13>=75,"A1",IF(DN13>=70,"B2",IF(DN13>=65,"B3",IF(DN13>=60,"C4",IF(DN13>=55,"C5",IF(DN13>=50,"C6",IF(DN13>=45,"D7",IF(DN13>=40,"E8",IF(DN13>=6,"F",IF(DN13<5,"")))))))))) | DQ13: =IF(DN13>=75,"Excellent",IF(DN13>=70,"V.Good",IF(DN13>=65,"Good",IF(DN13>=60,"Credit",IF(DN13>=55,"Credit",IF(DN13>=50,"Credit",IF(DN13>=45,"Pass",IF(DN13>=40,"Pass",IF(DN13>=6,"Fail",IF(DN13<5,"")))))))))) | DR13: 11 | DS13: =Data!B12 -> SAMUEL JOHN ABBAS | DX13: =SUM(DT13:DW13) -> 0 | DZ13: =DX13+DY13 -> 0 | EA13: =IF(DZ13<10,"",RANK(DZ13,DZ$3:DZ$52)) | EB13: =IF(DZ13>=75,"A1",IF(DZ13>=70,"B2",IF(DZ13>=65,"B3",IF(DZ13>=60,"C4",IF(DZ13>=55,"C5",IF(DZ13>=50,"C6",IF(DZ13>=45,"D7",IF(DZ13>=40,"E8",IF(DZ13>=6,"F",IF(DZ13<5,"")))))))))) | EC13: =IF(DZ13>=75,"Excellent",IF(DZ13>=70,"V.Good",IF(DZ13>=65,"Good",IF(DZ13>=60,"Credit",IF(DZ13>=55,"Credit",IF(DZ13>=50,"Credit",IF(DZ13>=45,"Pass",IF(DZ13>=40,"Pass",IF(DZ13>=6,"Fail",IF(DZ13<5,"")))))))))) | ED13: 11 | EE13: =Data!B12 -> SAMUEL JOHN ABBAS | EJ13: =SUM(EF13:EI13) -> 0 | EL13: =EJ13+EK13 -> 0 | EM13: =IF(EL13<10,"",RANK(EL13,EL$3:EL$52)) | EN13: =IF(EL13>=75,"A1",IF(EL13>=70,"B2",IF(EL13>=65,"B3",IF(EL13>=60,"C4",IF(EL13>=55,"C5",IF(EL13>=50,"C6",IF(EL13>=45,"D7",IF(EL13>=40,"E8",IF(EL13>=6,"F",IF(EL13<5,"")))))))))) | EO13: =IF(EL13>=75,"Excellent",IF(EL13>=70,"V.Good",IF(EL13>=65,"Good",IF(EL13>=60,"Credit",IF(EL13>=55,"Credit",IF(EL13>=50,"Credit",IF(EL13>=45,"Pass",IF(EL13>=40,"Pass",IF(EL13>=6,"Fail",IF(EL13<5,"")))))))))) | EP13: 11 | EQ13: =Data!B12 -> SAMUEL JOHN ABBAS | EV13: =SUM(ER13:EU13) -> 0 | EX13: =EV13+EW13 -> 0 | EY13: =IF(EX13<10,"",RANK(EX13,EX$3:EX$52)) | EZ13: =IF(EX13>=75,"A1",IF(EX13>=70,"B2",IF(EX13>=65,"B3",IF(EX13>=60,"C4",IF(EX13>=55,"C5",IF(EX13>=50,"C6",IF(EX13>=45,"D7",IF(EX13>=40,"E8",IF(EX13>=6,"F",IF(EX13<5,"")))))))))) | FA13: =IF(EX13>=75,"Excellent",IF(EX13>=70,"V.Good",IF(EX13>=65,"Good",IF(EX13>=60,"Credit",IF(EX13>=55,"Credit",IF(EX13>=50,"Credit",IF(EX13>=45,"Pass",IF(EX13>=40,"Pass",IF(EX13>=6,"Fail",IF(EX13<5,"")))))))))) | FB13: 11 | FC13: =Data!B12 -> SAMUEL JOHN ABBAS | FH13: =SUM(FD13:FG13) -> 0 | FJ13: =FH13+FI13 -> 0 | FK13: =IF(FJ13<10,"",RANK(FJ13,FJ$3:FJ$52)) | FL13: =IF(FJ13>=75,"A",IF(FJ13>=70,"B2",IF(FJ13>=50,"C",IF(FJ13>=45,"D",IF(FJ13>=40,"E",IF(FJ13>=6,"F",IF(FJ13<5,""))))))) | FM13: =IF(FJ13>=75,"Excellent",IF(FJ13>=70,"V.Good",IF(FJ13>=65,"Good",IF(FJ13>=60,"Credit",IF(FJ13>=55,"Credit",IF(FJ13>=50,"Credit",IF(FJ13>=45,"Pass",IF(FJ13>=40,"Pass",IF(FJ13>=6,"Fail",IF(FJ13<5,"")))))))))) | FN13: 11 | FO13: =Data!B12 -> SAMUEL JOHN ABBAS | FT13: =SUM(FP13:FS13) -> 0 | FV13: =FT13+FU13 -> 0 | FW13: =IF(FV13<10,"",RANK(FV13,FV$3:FV$52)) | FX13: =IF(FV13>=75,"A",IF(FV13>=70,"B2",IF(FV13>=50,"C",IF(FV13>=45,"D",IF(FV13>=40,"E",IF(FV13>=6,"F",IF(FV13<5,""))))))) | FY13: =IF(FV13>=75,"Excellent",IF(FV13>=70,"V.Good",IF(FV13>=65,"Good",IF(FV13>=60,"Credit",IF(FV13>=55,"Credit",IF(FV13>=50,"Credit",IF(FV13>=45,"Pass",IF(FV13>=40,"Pass",IF(FV13>=6,"Fail",IF(FV13<5,"")))))))))) | FZ13: 11 | GA13: =Data!B12 -> SAMUEL JOHN ABBAS | GF13: =SUM(GB13:GE13) -> 0 | GH13: =GF13+GG13 -> 0 | GI13: =IF(GH13<10,"",RANK(GH13,GH$3:GH$52)) | GJ13: =IF(GH13>=75,"A",IF(GH13>=70,"B2",IF(GH13>=50,"C",IF(GH13>=45,"D",IF(GH13>=40,"E",IF(GH13>=6,"F",IF(GH13<5,""))))))) | GK13: =IF(GH13>=75,"Excellent",IF(GH13>=70,"V.Good",IF(GH13>=65,"Good",IF(GH13>=60,"Credit",IF(GH13>=55,"Credit",IF(GH13>=50,"Credit",IF(GH13>=45,"Pass",IF(GH13>=40,"Pass",IF(GH13>=6,"Fail",IF(GH13<5,"")))))))))) | GL13: 11 | GM13: =Data!B12 -> SAMUEL JOHN ABBAS | GR13: =SUM(GN13:GQ13) -> 0 | GT13: =GR13+GS13 -> 0 | GU13: =IF(GT13<10,"",RANK(GT13,GT$3:GT$52)) | GV13: =IF(GT13>=75,"A",IF(GT13>=70,"B2",IF(GT13>=50,"C",IF(GT13>=45,"D",IF(GT13>=40,"E",IF(GT13>=6,"F",IF(GT13<5,""))))))) | GW13: =IF(GT13>=75,"Excellent",IF(GT13>=70,"V.Good",IF(GT13>=65,"Good",IF(GT13>=60,"Credit",IF(GT13>=55,"Credit",IF(GT13>=50,"Credit",IF(GT13>=45,"Pass",IF(GT13>=40,"Pass",IF(GT13>=6,"Fail",IF(GT13<5,"")))))))))) | GX13: 11 | GY13: =Data!B12 -> SAMUEL JOHN ABBAS | HD13: =SUM(GZ13:HC13) -> 0 | HF13: =HD13+HE13 -> 0 | HG13: =IF(HF13<10,"",RANK(HF13,HF$3:HF$52)) | HH13: =IF(HF13>=75,"A",IF(HF13>=70,"B2",IF(HF13>=50,"C",IF(HF13>=45,"D",IF(HF13>=40,"E",IF(HF13>=6,"F",IF(HF13<5,""))))))) | HI13: =IF(HF13>=75,"Excellent",IF(HF13>=70,"V.Good",IF(HF13>=65,"Good",IF(HF13>=60,"Credit",IF(HF13>=55,"Credit",IF(HF13>=50,"Credit",IF(HF13>=45,"Pass",IF(HF13>=40,"Pass",IF(HF13>=6,"Fail",IF(HF13<5,"")))))))))) | HJ13: 11 | HK13: =Data!B12 -> SAMUEL JOHN ABBAS | HP13: =SUM(HL13:HO13) -> 0 | HR13: =HP13+HQ13 -> 0 | HS13: =IF(HR13<10,"",RANK(HR13,HR$3:HR$52)) | HT13: =IF(HR13>=75,"A",IF(HR13>=70,"B2",IF(HR13>=50,"C",IF(HR13>=45,"D",IF(HR13>=40,"E",IF(HR13>=6,"F",IF(HR13<5,""))))))) | HU13: =IF(HR13>=75,"Excellent",IF(HR13>=70,"V.Good",IF(HR13>=65,"Good",IF(HR13>=60,"Credit",IF(HR13>=55,"Credit",IF(HR13>=50,"Credit",IF(HR13>=45,"Pass",IF(HR13>=40,"Pass",IF(HR13>=6,"Fail",IF(HR13<5,"")))))))))) | HV13: 11 | HW13: =Data!B12 -> SAMUEL JOHN ABBAS | IB13: =SUM(HX13:IA13) -> 0 | ID13: =IB13+IC13 -> 0 | IE13: =IF(ID13<10,"",RANK(ID13,ID$3:ID$52)) | IF13: =IF(ID13>=75,"A",IF(ID13>=70,"B2",IF(ID13>=50,"C",IF(ID13>=45,"D",IF(ID13>=40,"E",IF(ID13>=6,"F",IF(ID13<5,""))))))) | IG13: =IF(ID13>=75,"Excellent",IF(ID13>=70,"V.Good",IF(ID13>=65,"Good",IF(ID13>=60,"Credit",IF(ID13>=55,"Credit",IF(ID13>=50,"Credit",IF(ID13>=45,"Pass",IF(ID13>=40,"Pass",IF(ID13>=6,"Fail",IF(ID13<5,"")))))))))) | IH13: 11 | II13: =Data!B12 -> SAMUEL JOHN ABBAS | IN13: =SUM(IJ13:IM13) -> 0 | IP13: =IN13+IO13 -> 0 | IQ13: =IF(IP13<10,"",RANK(IP13,IP$3:IP$52)) | IR13: =IF(IP13>=75,"A",IF(IP13>=70,"B2",IF(IP13>=50,"C",IF(IP13>=45,"D",IF(IP13>=40,"E",IF(IP13>=6,"F",IF(IP13<5,""))))))) | IS13: =IF(IP13>=75,"Excellent",IF(IP13>=70,"V.Good",IF(IP13>=65,"Good",IF(IP13>=60,"Credit",IF(IP13>=55,"Credit",IF(IP13>=50,"Credit",IF(IP13>=45,"Pass",IF(IP13>=40,"Pass",IF(IP13>=6,"Fail",IF(IP13<5,"")))))))))) | IT13: 11 | IU13: =II13 -> SAMUEL JOHN ABBAS | IZ13: =SUM(IV13:IY13) -> 0 | JB13: =IZ13+JA13 -> 0 | JC13: =IF(JB13<10,"",RANK(JB13,JB$3:JB$52)) | JD13: =IF(JB13>=75,"A",IF(JB13>=70,"B2",IF(JB13>=50,"C",IF(JB13>=45,"D",IF(JB13>=40,"E",IF(JB13>=6,"F",IF(JB13<5,""))))))) | JE13: =IF(JB13>=75,"Excellent",IF(JB13>=70,"V.Good",IF(JB13>=65,"Good",IF(JB13>=60,"Credit",IF(JB13>=55,"Credit",IF(JB13>=50,"Credit",IF(JB13>=45,"Pass",IF(JB13>=40,"Pass",IF(JB13>=6,"Fail",IF(JB13<5,"")))))))))) | JF13: 11 | JG13: =IU13 -> SAMUEL JOHN ABBAS | JL13: =SUM(JH13:JK13) -> 0 | JN13: =JL13+JM13 -> 0 | JO13: =IF(JN13<10,"",RANK(JN13,JN$3:JN$52)) | JP13: =IF(JN13>=75,"A",IF(JN13>=70,"B2",IF(JN13>=50,"C",IF(JN13>=45,"D",IF(JN13>=40,"E",IF(JN13>=6,"F",IF(JN13<5,""))))))) | JQ13: =IF(JN13>=75,"Excellent",IF(JN13>=70,"V.Good",IF(JN13>=65,"Good",IF(JN13>=60,"Credit",IF(JN13>=55,"Credit",IF(JN13>=50,"Credit",IF(JN13>=45,"Pass",IF(JN13>=40,"Pass",IF(JN13>=6,"Fail",IF(JN13<5,"")))))))))) | JR13: 11 | JS13: =JG13 -> SAMUEL JOHN ABBAS | JX13: =SUM(JT13:JW13) -> 0 | JZ13: =JX13+JY13 -> 0 | KA13: =IF(JZ13<10,"",RANK(JZ13,JZ$3:JZ$52)) | KB13: =IF(JZ13>=75,"A",IF(JZ13>=70,"B2",IF(JZ13>=50,"C",IF(JZ13>=45,"D",IF(JZ13>=40,"E",IF(JZ13>=6,"F",IF(JZ13<5,""))))))) | KC13: =IF(JZ13>=75,"Excellent",IF(JZ13>=70,"V.Good",IF(JZ13>=65,"Good",IF(JZ13>=60,"Credit",IF(JZ13>=55,"Credit",IF(JZ13>=50,"Credit",IF(JZ13>=45,"Pass",IF(JZ13>=40,"Pass",IF(JZ13>=6,"Fail",IF(JZ13<5,""))))))))))
A14: 12 | B14: 12 | C14: =Data!B13 -> SHETTIMA AHMED MOHAMMED | D14: 6 | E14: 4 | F14: 9 | G14: 10 | H14: =SUM(D14:G14) -> 29 | I14: 21 | J14: =H14+I14 -> 50 | K14: =IF(J14<10,"",RANK(J14,J$3:J$52)) -> 34 | L14: =IF(J14>=75,"A1",IF(J14>=70,"B2",IF(J14>=65,"B3",IF(J14>=60,"C4",IF(J14>=55,"C5",IF(J14>=50,"C6",IF(J14>=45,"D7",IF(J14>=40,"E8",IF(J14>=6,"F",IF(J14<5,"")))))))))) -> C6 | M14: =IF(J14>=75,"Excellent",IF(J14>=70,"V.Good",IF(J14>=65,"Good",IF(J14>=60,"Credit",IF(J14>=55,"Credit",IF(J14>=50,"Credit",IF(J14>=45,"Pass",IF(J14>=40,"Pass",IF(J14>=6,"Fail",IF(J14<5,"")))))))))) -> Credit | N14: 12 | O14: =Data!B13 -> SHETTIMA AHMED MOHAMMED | T14: =SUM(P14:S14) -> 0 | V14: =T14+U14 -> 0 | W14: =IF(V14<10,"",RANK(V14,V$3:V$52)) | X14: =IF(V14>=75,"A1",IF(V14>=70,"B2",IF(V14>=65,"B3",IF(V14>=60,"C4",IF(V14>=55,"C5",IF(V14>=50,"C6",IF(V14>=45,"D7",IF(V14>=40,"E8",IF(V14>=6,"F",IF(V14<5,"")))))))))) | Y14: =IF(V14>=75,"Excellent",IF(V14>=70,"V.Good",IF(V14>=65,"Good",IF(V14>=60,"Credit",IF(V14>=55,"Credit",IF(V14>=50,"Credit",IF(V14>=45,"Pass",IF(V14>=40,"Pass",IF(V14>=6,"Fail",IF(V14<5,"")))))))))) | Z14: 12 | AA14: =Data!B13 -> SHETTIMA AHMED MOHAMMED | AB14: 6 | AC14: 4 | AD14: 9 | AE14: 10 | AF14: =SUM(AB14:AE14) -> 29 | AG14: 21 | AH14: =AF14+AG14 -> 50 | AI14: =IF(AH14<10,"",RANK(AH14,AH$3:AH$52)) -> 34 | AJ14: =IF(AH14>=75,"A1",IF(AH14>=70,"B2",IF(AH14>=65,"B3",IF(AH14>=60,"C4",IF(AH14>=55,"C5",IF(AH14>=50,"C6",IF(AH14>=45,"D7",IF(AH14>=40,"E8",IF(AH14>=6,"F",IF(AH14<5,"")))))))))) -> C6 | AK14: =IF(AH14>=75,"Excellent",IF(AH14>=70,"V.Good",IF(AH14>=65,"Good",IF(AH14>=60,"Credit",IF(AH14>=55,"Credit",IF(AH14>=50,"Credit",IF(AH14>=45,"Pass",IF(AH14>=40,"Pass",IF(AH14>=6,"Fail",IF(AH14<5,"")))))))))) -> Credit | AL14: 12 | AM14: =Data!B13 -> SHETTIMA AHMED MOHAMMED | AN14: 6 | AO14: 4 | AP14: 9 | AQ14: 10 | AR14: =SUM(AN14:AQ14) -> 29 | AS14: 21 | AT14: =AR14+AS14 -> 50 | AU14: =IF(AT14<10,"",RANK(AT14,AT$3:AT$52)) -> 34 | AV14: =IF(AT14>=75,"A1",IF(AT14>=70,"B2",IF(AT14>=65,"B3",IF(AT14>=60,"C4",IF(AT14>=55,"C5",IF(AT14>=50,"C6",IF(AT14>=45,"D7",IF(AT14>=40,"E8",IF(AT14>=6,"F",IF(AT14<5,"")))))))))) -> C6 | AW14: =IF(AT14>=75,"Excellent",IF(AT14>=70,"V.Good",IF(AT14>=65,"Good",IF(AT14>=60,"Credit",IF(AT14>=55,"Credit",IF(AT14>=50,"Credit",IF(AT14>=45,"Pass",IF(AT14>=40,"Pass",IF(AT14>=6,"Fail",IF(AT14<5,"")))))))))) -> Credit | AX14: 12 | AY14: =Data!B13 -> SHETTIMA AHMED MOHAMMED | AZ14: 6 | BA14: 4 | BB14: 9 | BC14: 10 | BD14: =SUM(AZ14:BC14) -> 29 | BE14: 21 | BF14: =BD14+BE14 -> 50 | BG14: =IF(BF14<10,"",RANK(BF14,BF$3:BF$52)) -> 34 | BH14: =IF(BF14>=75,"A1",IF(BF14>=70,"B2",IF(BF14>=65,"B3",IF(BF14>=60,"C4",IF(BF14>=55,"C5",IF(BF14>=50,"C6",IF(BF14>=45,"D7",IF(BF14>=40,"E8",IF(BF14>=6,"F",IF(BF14<5,"")))))))))) -> C6 | BI14: =IF(BF14>=75,"Excellent",IF(BF14>=70,"V.Good",IF(BF14>=65,"Good",IF(BF14>=60,"Credit",IF(BF14>=55,"Credit",IF(BF14>=50,"Credit",IF(BF14>=45,"Pass",IF(BF14>=40,"Pass",IF(BF14>=6,"Fail",IF(BF14<5,"")))))))))) -> Credit | BJ14: 12 | BK14: =Data!B13 -> SHETTIMA AHMED MOHAMMED | BL14: 6 | BM14: 4 | BN14: 9 | BO14: 10 | BP14: =SUM(BL14:BO14) -> 29 | BQ14: 21 | BR14: =BP14+BQ14 -> 50 | BS14: =IF(BR14<10,"",RANK(BR14,BR$3:BR$52)) -> 34 | BT14: =IF(BR14>=75,"A1",IF(BR14>=70,"B2",IF(BR14>=65,"B3",IF(BR14>=60,"C4",IF(BR14>=55,"C5",IF(BR14>=50,"C6",IF(BR14>=45,"D7",IF(BR14>=40,"E8",IF(BR14>=6,"F",IF(BR14<5,"")))))))))) -> C6 | BU14: =IF(BR14>=75,"Excellent",IF(BR14>=70,"V.Good",IF(BR14>=65,"Good",IF(BR14>=60,"Credit",IF(BR14>=55,"Credit",IF(BR14>=50,"Credit",IF(BR14>=45,"Pass",IF(BR14>=40,"Pass",IF(BR14>=6,"Fail",IF(BR14<5,"")))))))))) -> Credit | BV14: 12 | BW14: =Data!B13 -> SHETTIMA AHMED MOHAMMED | BX14: 6 | BY14: 4 | BZ14: 9 | CA14: 10 | CB14: =SUM(BX14:CA14) -> 29 | CC14: 21 | CD14: =CB14+CC14 -> 50 | CE14: =IF(CD14<10,"",RANK(CD14,CD$3:CD$52)) -> 34 | CF14: =IF(CD14>=75,"A1",IF(CD14>=70,"B2",IF(CD14>=65,"B3",IF(CD14>=60,"C4",IF(CD14>=55,"C5",IF(CD14>=50,"C6",IF(CD14>=45,"D7",IF(CD14>=40,"E8",IF(CD14>=6,"F",IF(CD14<5,"")))))))))) -> C6 | CG14: =IF(CD14>=75,"Excellent",IF(CD14>=70,"V.Good",IF(CD14>=65,"Good",IF(CD14>=60,"Credit",IF(CD14>=55,"Credit",IF(CD14>=50,"Credit",IF(CD14>=45,"Pass",IF(CD14>=40,"Pass",IF(CD14>=6,"Fail",IF(CD14<5,"")))))))))) -> Credit | CH14: 12 | CI14: =Data!B13 -> SHETTIMA AHMED MOHAMMED | CN14: =SUM(CJ14:CM14) -> 0 | CP14: =CN14+CO14 -> 0 | CQ14: =IF(CP14<10,"",RANK(CP14,CP$3:CP$52)) | CR14: =IF(CP14>=75,"A1",IF(CP14>=70,"B2",IF(CP14>=65,"B3",IF(CP14>=60,"C4",IF(CP14>=55,"C5",IF(CP14>=50,"C6",IF(CP14>=45,"D7",IF(CP14>=40,"E8",IF(CP14>=6,"F",IF(CP14<5,"")))))))))) | CS14: =IF(CP14>=75,"Excellent",IF(CP14>=70,"V.Good",IF(CP14>=65,"Good",IF(CP14>=60,"Credit",IF(CP14>=55,"Credit",IF(CP14>=50,"Credit",IF(CP14>=45,"Pass",IF(CP14>=40,"Pass",IF(CP14>=6,"Fail",IF(CP14<5,"")))))))))) | CT14: 12 | CU14: =Data!B13 -> SHETTIMA AHMED MOHAMMED | CZ14: =SUM(CV14:CY14) -> 0 | DB14: =CZ14+DA14 -> 0 | DC14: =IF(DB14<10,"",RANK(DB14,DB$3:DB$52)) | DD14: =IF(DB14>=75,"A1",IF(DB14>=70,"B2",IF(DB14>=65,"B3",IF(DB14>=60,"C4",IF(DB14>=55,"C5",IF(DB14>=50,"C6",IF(DB14>=45,"D7",IF(DB14>=40,"E8",IF(DB14>=6,"F",IF(DB14<5,"")))))))))) | DE14: =IF(DB14>=75,"Excellent",IF(DB14>=70,"V.Good",IF(DB14>=65,"Good",IF(DB14>=60,"Credit",IF(DB14>=55,"Credit",IF(DB14>=50,"Credit",IF(DB14>=45,"Pass",IF(DB14>=40,"Pass",IF(DB14>=6,"Fail",IF(DB14<5,"")))))))))) | DF14: 12 | DG14: =Data!B13 -> SHETTIMA AHMED MOHAMMED | DH14: 7 | DI14: 1 | DJ14: 2 | DK14: 5 | DL14: =SUM(DH14:DK14) -> 15 | DM14: 28 | DN14: =DL14+DM14 -> 43 | DO14: =IF(DN14<10,"",RANK(DN14,DN$3:DN$52)) -> 4 | DP14: =IF(DN14>=75,"A1",IF(DN14>=70,"B2",IF(DN14>=65,"B3",IF(DN14>=60,"C4",IF(DN14>=55,"C5",IF(DN14>=50,"C6",IF(DN14>=45,"D7",IF(DN14>=40,"E8",IF(DN14>=6,"F",IF(DN14<5,"")))))))))) -> E8 | DQ14: =IF(DN14>=75,"Excellent",IF(DN14>=70,"V.Good",IF(DN14>=65,"Good",IF(DN14>=60,"Credit",IF(DN14>=55,"Credit",IF(DN14>=50,"Credit",IF(DN14>=45,"Pass",IF(DN14>=40,"Pass",IF(DN14>=6,"Fail",IF(DN14<5,"")))))))))) -> Pass | DR14: 12 | DS14: =Data!B13 -> SHETTIMA AHMED MOHAMMED | DX14: =SUM(DT14:DW14) -> 0 | DZ14: =DX14+DY14 -> 0 | EA14: =IF(DZ14<10,"",RANK(DZ14,DZ$3:DZ$52)) | EB14: =IF(DZ14>=75,"A1",IF(DZ14>=70,"B2",IF(DZ14>=65,"B3",IF(DZ14>=60,"C4",IF(DZ14>=55,"C5",IF(DZ14>=50,"C6",IF(DZ14>=45,"D7",IF(DZ14>=40,"E8",IF(DZ14>=6,"F",IF(DZ14<5,"")))))))))) | EC14: =IF(DZ14>=75,"Excellent",IF(DZ14>=70,"V.Good",IF(DZ14>=65,"Good",IF(DZ14>=60,"Credit",IF(DZ14>=55,"Credit",IF(DZ14>=50,"Credit",IF(DZ14>=45,"Pass",IF(DZ14>=40,"Pass",IF(DZ14>=6,"Fail",IF(DZ14<5,"")))))))))) | ED14: 12 | EE14: =Data!B13 -> SHETTIMA AHMED MOHAMMED | EJ14: =SUM(EF14:EI14) -> 0 | EL14: =EJ14+EK14 -> 0 | EM14: =IF(EL14<10,"",RANK(EL14,EL$3:EL$52)) | EN14: =IF(EL14>=75,"A1",IF(EL14>=70,"B2",IF(EL14>=65,"B3",IF(EL14>=60,"C4",IF(EL14>=55,"C5",IF(EL14>=50,"C6",IF(EL14>=45,"D7",IF(EL14>=40,"E8",IF(EL14>=6,"F",IF(EL14<5,"")))))))))) | EO14: =IF(EL14>=75,"Excellent",IF(EL14>=70,"V.Good",IF(EL14>=65,"Good",IF(EL14>=60,"Credit",IF(EL14>=55,"Credit",IF(EL14>=50,"Credit",IF(EL14>=45,"Pass",IF(EL14>=40,"Pass",IF(EL14>=6,"Fail",IF(EL14<5,"")))))))))) | EP14: 12 | EQ14: =Data!B13 -> SHETTIMA AHMED MOHAMMED | EV14: =SUM(ER14:EU14) -> 0 | EX14: =EV14+EW14 -> 0 | EY14: =IF(EX14<10,"",RANK(EX14,EX$3:EX$52)) | EZ14: =IF(EX14>=75,"A1",IF(EX14>=70,"B2",IF(EX14>=65,"B3",IF(EX14>=60,"C4",IF(EX14>=55,"C5",IF(EX14>=50,"C6",IF(EX14>=45,"D7",IF(EX14>=40,"E8",IF(EX14>=6,"F",IF(EX14<5,"")))))))))) | FA14: =IF(EX14>=75,"Excellent",IF(EX14>=70,"V.Good",IF(EX14>=65,"Good",IF(EX14>=60,"Credit",IF(EX14>=55,"Credit",IF(EX14>=50,"Credit",IF(EX14>=45,"Pass",IF(EX14>=40,"Pass",IF(EX14>=6,"Fail",IF(EX14<5,"")))))))))) | FB14: 12 | FC14: =Data!B13 -> SHETTIMA AHMED MOHAMMED | FH14: =SUM(FD14:FG14) -> 0 | FJ14: =FH14+FI14 -> 0 | FK14: =IF(FJ14<10,"",RANK(FJ14,FJ$3:FJ$52)) | FL14: =IF(FJ14>=75,"A",IF(FJ14>=70,"B2",IF(FJ14>=50,"C",IF(FJ14>=45,"D",IF(FJ14>=40,"E",IF(FJ14>=6,"F",IF(FJ14<5,""))))))) | FM14: =IF(FJ14>=75,"Excellent",IF(FJ14>=70,"V.Good",IF(FJ14>=65,"Good",IF(FJ14>=60,"Credit",IF(FJ14>=55,"Credit",IF(FJ14>=50,"Credit",IF(FJ14>=45,"Pass",IF(FJ14>=40,"Pass",IF(FJ14>=6,"Fail",IF(FJ14<5,"")))))))))) | FN14: 12 | FO14: =Data!B13 -> SHETTIMA AHMED MOHAMMED | FT14: =SUM(FP14:FS14) -> 0 | FV14: =FT14+FU14 -> 0 | FW14: =IF(FV14<10,"",RANK(FV14,FV$3:FV$52)) | FX14: =IF(FV14>=75,"A",IF(FV14>=70,"B2",IF(FV14>=50,"C",IF(FV14>=45,"D",IF(FV14>=40,"E",IF(FV14>=6,"F",IF(FV14<5,""))))))) | FY14: =IF(FV14>=75,"Excellent",IF(FV14>=70,"V.Good",IF(FV14>=65,"Good",IF(FV14>=60,"Credit",IF(FV14>=55,"Credit",IF(FV14>=50,"Credit",IF(FV14>=45,"Pass",IF(FV14>=40,"Pass",IF(FV14>=6,"Fail",IF(FV14<5,"")))))))))) | FZ14: 12 | GA14: =Data!B13 -> SHETTIMA AHMED MOHAMMED | GF14: =SUM(GB14:GE14) -> 0 | GH14: =GF14+GG14 -> 0 | GI14: =IF(GH14<10,"",RANK(GH14,GH$3:GH$52)) | GJ14: =IF(GH14>=75,"A",IF(GH14>=70,"B2",IF(GH14>=50,"C",IF(GH14>=45,"D",IF(GH14>=40,"E",IF(GH14>=6,"F",IF(GH14<5,""))))))) | GK14: =IF(GH14>=75,"Excellent",IF(GH14>=70,"V.Good",IF(GH14>=65,"Good",IF(GH14>=60,"Credit",IF(GH14>=55,"Credit",IF(GH14>=50,"Credit",IF(GH14>=45,"Pass",IF(GH14>=40,"Pass",IF(GH14>=6,"Fail",IF(GH14<5,"")))))))))) | GL14: 12 | GM14: =Data!B13 -> SHETTIMA AHMED MOHAMMED | GR14: =SUM(GN14:GQ14) -> 0 | GT14: =GR14+GS14 -> 0 | GU14: =IF(GT14<10,"",RANK(GT14,GT$3:GT$52)) | GV14: =IF(GT14>=75,"A",IF(GT14>=70,"B2",IF(GT14>=50,"C",IF(GT14>=45,"D",IF(GT14>=40,"E",IF(GT14>=6,"F",IF(GT14<5,""))))))) | GW14: =IF(GT14>=75,"Excellent",IF(GT14>=70,"V.Good",IF(GT14>=65,"Good",IF(GT14>=60,"Credit",IF(GT14>=55,"Credit",IF(GT14>=50,"Credit",IF(GT14>=45,"Pass",IF(GT14>=40,"Pass",IF(GT14>=6,"Fail",IF(GT14<5,"")))))))))) | GX14: 12 | GY14: =Data!B13 -> SHETTIMA AHMED MOHAMMED | HD14: =SUM(GZ14:HC14) -> 0 | HF14: =HD14+HE14 -> 0 | HG14: =IF(HF14<10,"",RANK(HF14,HF$3:HF$52)) | HH14: =IF(HF14>=75,"A",IF(HF14>=70,"B2",IF(HF14>=50,"C",IF(HF14>=45,"D",IF(HF14>=40,"E",IF(HF14>=6,"F",IF(HF14<5,""))))))) | HI14: =IF(HF14>=75,"Excellent",IF(HF14>=70,"V.Good",IF(HF14>=65,"Good",IF(HF14>=60,"Credit",IF(HF14>=55,"Credit",IF(HF14>=50,"Credit",IF(HF14>=45,"Pass",IF(HF14>=40,"Pass",IF(HF14>=6,"Fail",IF(HF14<5,"")))))))))) | HJ14: 12 | HK14: =Data!B13 -> SHETTIMA AHMED MOHAMMED | HP14: =SUM(HL14:HO14) -> 0 | HR14: =HP14+HQ14 -> 0 | HS14: =IF(HR14<10,"",RANK(HR14,HR$3:HR$52)) | HT14: =IF(HR14>=75,"A",IF(HR14>=70,"B2",IF(HR14>=50,"C",IF(HR14>=45,"D",IF(HR14>=40,"E",IF(HR14>=6,"F",IF(HR14<5,""))))))) | HU14: =IF(HR14>=75,"Excellent",IF(HR14>=70,"V.Good",IF(HR14>=65,"Good",IF(HR14>=60,"Credit",IF(HR14>=55,"Credit",IF(HR14>=50,"Credit",IF(HR14>=45,"Pass",IF(HR14>=40,"Pass",IF(HR14>=6,"Fail",IF(HR14<5,"")))))))))) | HV14: 12 | HW14: =Data!B13 -> SHETTIMA AHMED MOHAMMED | IB14: =SUM(HX14:IA14) -> 0 | ID14: =IB14+IC14 -> 0 | IE14: =IF(ID14<10,"",RANK(ID14,ID$3:ID$52)) | IF14: =IF(ID14>=75,"A",IF(ID14>=70,"B2",IF(ID14>=50,"C",IF(ID14>=45,"D",IF(ID14>=40,"E",IF(ID14>=6,"F",IF(ID14<5,""))))))) | IG14: =IF(ID14>=75,"Excellent",IF(ID14>=70,"V.Good",IF(ID14>=65,"Good",IF(ID14>=60,"Credit",IF(ID14>=55,"Credit",IF(ID14>=50,"Credit",IF(ID14>=45,"Pass",IF(ID14>=40,"Pass",IF(ID14>=6,"Fail",IF(ID14<5,"")))))))))) | IH14: 12 | II14: =Data!B13 -> SHETTIMA AHMED MOHAMMED | IN14: =SUM(IJ14:IM14) -> 0 | IP14: =IN14+IO14 -> 0 | IQ14: =IF(IP14<10,"",RANK(IP14,IP$3:IP$52)) | IR14: =IF(IP14>=75,"A",IF(IP14>=70,"B2",IF(IP14>=50,"C",IF(IP14>=45,"D",IF(IP14>=40,"E",IF(IP14>=6,"F",IF(IP14<5,""))))))) | IS14: =IF(IP14>=75,"Excellent",IF(IP14>=70,"V.Good",IF(IP14>=65,"Good",IF(IP14>=60,"Credit",IF(IP14>=55,"Credit",IF(IP14>=50,"Credit",IF(IP14>=45,"Pass",IF(IP14>=40,"Pass",IF(IP14>=6,"Fail",IF(IP14<5,"")))))))))) | IT14: 12 | IU14: =II14 -> SHETTIMA AHMED MOHAMMED | IZ14: =SUM(IV14:IY14) -> 0 | JB14: =IZ14+JA14 -> 0 | JC14: =IF(JB14<10,"",RANK(JB14,JB$3:JB$52)) | JD14: =IF(JB14>=75,"A",IF(JB14>=70,"B2",IF(JB14>=50,"C",IF(JB14>=45,"D",IF(JB14>=40,"E",IF(JB14>=6,"F",IF(JB14<5,""))))))) | JE14: =IF(JB14>=75,"Excellent",IF(JB14>=70,"V.Good",IF(JB14>=65,"Good",IF(JB14>=60,"Credit",IF(JB14>=55,"Credit",IF(JB14>=50,"Credit",IF(JB14>=45,"Pass",IF(JB14>=40,"Pass",IF(JB14>=6,"Fail",IF(JB14<5,"")))))))))) | JF14: 12 | JG14: =IU14 -> SHETTIMA AHMED MOHAMMED | JL14: =SUM(JH14:JK14) -> 0 | JN14: =JL14+JM14 -> 0 | JO14: =IF(JN14<10,"",RANK(JN14,JN$3:JN$52)) | JP14: =IF(JN14>=75,"A",IF(JN14>=70,"B2",IF(JN14>=50,"C",IF(JN14>=45,"D",IF(JN14>=40,"E",IF(JN14>=6,"F",IF(JN14<5,""))))))) | JQ14: =IF(JN14>=75,"Excellent",IF(JN14>=70,"V.Good",IF(JN14>=65,"Good",IF(JN14>=60,"Credit",IF(JN14>=55,"Credit",IF(JN14>=50,"Credit",IF(JN14>=45,"Pass",IF(JN14>=40,"Pass",IF(JN14>=6,"Fail",IF(JN14<5,"")))))))))) | JR14: 12 | JS14: =JG14 -> SHETTIMA AHMED MOHAMMED | JX14: =SUM(JT14:JW14) -> 0 | JZ14: =JX14+JY14 -> 0 | KA14: =IF(JZ14<10,"",RANK(JZ14,JZ$3:JZ$52)) | KB14: =IF(JZ14>=75,"A",IF(JZ14>=70,"B2",IF(JZ14>=50,"C",IF(JZ14>=45,"D",IF(JZ14>=40,"E",IF(JZ14>=6,"F",IF(JZ14<5,""))))))) | KC14: =IF(JZ14>=75,"Excellent",IF(JZ14>=70,"V.Good",IF(JZ14>=65,"Good",IF(JZ14>=60,"Credit",IF(JZ14>=55,"Credit",IF(JZ14>=50,"Credit",IF(JZ14>=45,"Pass",IF(JZ14>=40,"Pass",IF(JZ14>=6,"Fail",IF(JZ14<5,""))))))))))
A15: 13 | B15: 13 | C15: =Data!B14 -> SHUIABU FARUK UMAR | D15: 2 | E15: 5 | F15: 9 | G15: 6 | H15: =SUM(D15:G15) -> 22 | I15: 24 | J15: =H15+I15 -> 46 | K15: =IF(J15<10,"",RANK(J15,J$3:J$52)) -> 40 | L15: =IF(J15>=75,"A1",IF(J15>=70,"B2",IF(J15>=65,"B3",IF(J15>=60,"C4",IF(J15>=55,"C5",IF(J15>=50,"C6",IF(J15>=45,"D7",IF(J15>=40,"E8",IF(J15>=6,"F",IF(J15<5,"")))))))))) -> D7 | M15: =IF(J15>=75,"Excellent",IF(J15>=70,"V.Good",IF(J15>=65,"Good",IF(J15>=60,"Credit",IF(J15>=55,"Credit",IF(J15>=50,"Credit",IF(J15>=45,"Pass",IF(J15>=40,"Pass",IF(J15>=6,"Fail",IF(J15<5,"")))))))))) -> Pass | N15: 13 | O15: =Data!B14 -> SHUIABU FARUK UMAR | T15: =SUM(P15:S15) -> 0 | V15: =T15+U15 -> 0 | W15: =IF(V15<10,"",RANK(V15,V$3:V$52)) | X15: =IF(V15>=75,"A1",IF(V15>=70,"B2",IF(V15>=65,"B3",IF(V15>=60,"C4",IF(V15>=55,"C5",IF(V15>=50,"C6",IF(V15>=45,"D7",IF(V15>=40,"E8",IF(V15>=6,"F",IF(V15<5,"")))))))))) | Y15: =IF(V15>=75,"Excellent",IF(V15>=70,"V.Good",IF(V15>=65,"Good",IF(V15>=60,"Credit",IF(V15>=55,"Credit",IF(V15>=50,"Credit",IF(V15>=45,"Pass",IF(V15>=40,"Pass",IF(V15>=6,"Fail",IF(V15<5,"")))))))))) | Z15: 13 | AA15: =Data!B14 -> SHUIABU FARUK UMAR | AB15: 2 | AC15: 5 | AD15: 9 | AE15: 6 | AF15: =SUM(AB15:AE15) -> 22 | AG15: 24 | AH15: =AF15+AG15 -> 46 | AI15: =IF(AH15<10,"",RANK(AH15,AH$3:AH$52)) -> 40 | AJ15: =IF(AH15>=75,"A1",IF(AH15>=70,"B2",IF(AH15>=65,"B3",IF(AH15>=60,"C4",IF(AH15>=55,"C5",IF(AH15>=50,"C6",IF(AH15>=45,"D7",IF(AH15>=40,"E8",IF(AH15>=6,"F",IF(AH15<5,"")))))))))) -> D7 | AK15: =IF(AH15>=75,"Excellent",IF(AH15>=70,"V.Good",IF(AH15>=65,"Good",IF(AH15>=60,"Credit",IF(AH15>=55,"Credit",IF(AH15>=50,"Credit",IF(AH15>=45,"Pass",IF(AH15>=40,"Pass",IF(AH15>=6,"Fail",IF(AH15<5,"")))))))))) -> Pass | AL15: 13 | AM15: =Data!B14 -> SHUIABU FARUK UMAR | AN15: 2 | AO15: 5 | AP15: 9 | AQ15: 6 | AR15: =SUM(AN15:AQ15) -> 22 | AS15: 24 | AT15: =AR15+AS15 -> 46 | AU15: =IF(AT15<10,"",RANK(AT15,AT$3:AT$52)) -> 40 | AV15: =IF(AT15>=75,"A1",IF(AT15>=70,"B2",IF(AT15>=65,"B3",IF(AT15>=60,"C4",IF(AT15>=55,"C5",IF(AT15>=50,"C6",IF(AT15>=45,"D7",IF(AT15>=40,"E8",IF(AT15>=6,"F",IF(AT15<5,"")))))))))) -> D7 | AW15: =IF(AT15>=75,"Excellent",IF(AT15>=70,"V.Good",IF(AT15>=65,"Good",IF(AT15>=60,"Credit",IF(AT15>=55,"Credit",IF(AT15>=50,"Credit",IF(AT15>=45,"Pass",IF(AT15>=40,"Pass",IF(AT15>=6,"Fail",IF(AT15<5,"")))))))))) -> Pass | AX15: 13 | AY15: =Data!B14 -> SHUIABU FARUK UMAR | AZ15: 2 | BA15: 5 | BB15: 9 | BC15: 6 | BD15: =SUM(AZ15:BC15) -> 22 | BE15: 24 | BF15: =BD15+BE15 -> 46 | BG15: =IF(BF15<10,"",RANK(BF15,BF$3:BF$52)) -> 40 | BH15: =IF(BF15>=75,"A1",IF(BF15>=70,"B2",IF(BF15>=65,"B3",IF(BF15>=60,"C4",IF(BF15>=55,"C5",IF(BF15>=50,"C6",IF(BF15>=45,"D7",IF(BF15>=40,"E8",IF(BF15>=6,"F",IF(BF15<5,"")))))))))) -> D7 | BI15: =IF(BF15>=75,"Excellent",IF(BF15>=70,"V.Good",IF(BF15>=65,"Good",IF(BF15>=60,"Credit",IF(BF15>=55,"Credit",IF(BF15>=50,"Credit",IF(BF15>=45,"Pass",IF(BF15>=40,"Pass",IF(BF15>=6,"Fail",IF(BF15<5,"")))))))))) -> Pass | BJ15: 13 | BK15: =Data!B14 -> SHUIABU FARUK UMAR | BL15: 2 | BM15: 5 | BN15: 9 | BO15: 6 | BP15: =SUM(BL15:BO15) -> 22 | BQ15: 24 | BR15: =BP15+BQ15 -> 46 | BS15: =IF(BR15<10,"",RANK(BR15,BR$3:BR$52)) -> 40 | BT15: =IF(BR15>=75,"A1",IF(BR15>=70,"B2",IF(BR15>=65,"B3",IF(BR15>=60,"C4",IF(BR15>=55,"C5",IF(BR15>=50,"C6",IF(BR15>=45,"D7",IF(BR15>=40,"E8",IF(BR15>=6,"F",IF(BR15<5,"")))))))))) -> D7 | BU15: =IF(BR15>=75,"Excellent",IF(BR15>=70,"V.Good",IF(BR15>=65,"Good",IF(BR15>=60,"Credit",IF(BR15>=55,"Credit",IF(BR15>=50,"Credit",IF(BR15>=45,"Pass",IF(BR15>=40,"Pass",IF(BR15>=6,"Fail",IF(BR15<5,"")))))))))) -> Pass | BV15: 13 | BW15: =Data!B14 -> SHUIABU FARUK UMAR | BX15: 2 | BY15: 5 | BZ15: 9 | CA15: 6 | CB15: =SUM(BX15:CA15) -> 22 | CC15: 24 | CD15: =CB15+CC15 -> 46 | CE15: =IF(CD15<10,"",RANK(CD15,CD$3:CD$52)) -> 40 | CF15: =IF(CD15>=75,"A1",IF(CD15>=70,"B2",IF(CD15>=65,"B3",IF(CD15>=60,"C4",IF(CD15>=55,"C5",IF(CD15>=50,"C6",IF(CD15>=45,"D7",IF(CD15>=40,"E8",IF(CD15>=6,"F",IF(CD15<5,"")))))))))) -> D7 | CG15: =IF(CD15>=75,"Excellent",IF(CD15>=70,"V.Good",IF(CD15>=65,"Good",IF(CD15>=60,"Credit",IF(CD15>=55,"Credit",IF(CD15>=50,"Credit",IF(CD15>=45,"Pass",IF(CD15>=40,"Pass",IF(CD15>=6,"Fail",IF(CD15<5,"")))))))))) -> Pass | CH15: 13 | CI15: =Data!B14 -> SHUIABU FARUK UMAR | CN15: =SUM(CJ15:CM15) -> 0 | CP15: =CN15+CO15 -> 0 | CQ15: =IF(CP15<10,"",RANK(CP15,CP$3:CP$52)) | CR15: =IF(CP15>=75,"A1",IF(CP15>=70,"B2",IF(CP15>=65,"B3",IF(CP15>=60,"C4",IF(CP15>=55,"C5",IF(CP15>=50,"C6",IF(CP15>=45,"D7",IF(CP15>=40,"E8",IF(CP15>=6,"F",IF(CP15<5,"")))))))))) | CS15: =IF(CP15>=75,"Excellent",IF(CP15>=70,"V.Good",IF(CP15>=65,"Good",IF(CP15>=60,"Credit",IF(CP15>=55,"Credit",IF(CP15>=50,"Credit",IF(CP15>=45,"Pass",IF(CP15>=40,"Pass",IF(CP15>=6,"Fail",IF(CP15<5,"")))))))))) | CT15: 13 | CU15: =Data!B14 -> SHUIABU FARUK UMAR | CZ15: =SUM(CV15:CY15) -> 0 | DB15: =CZ15+DA15 -> 0 | DC15: =IF(DB15<10,"",RANK(DB15,DB$3:DB$52)) | DD15: =IF(DB15>=75,"A1",IF(DB15>=70,"B2",IF(DB15>=65,"B3",IF(DB15>=60,"C4",IF(DB15>=55,"C5",IF(DB15>=50,"C6",IF(DB15>=45,"D7",IF(DB15>=40,"E8",IF(DB15>=6,"F",IF(DB15<5,"")))))))))) | DE15: =IF(DB15>=75,"Excellent",IF(DB15>=70,"V.Good",IF(DB15>=65,"Good",IF(DB15>=60,"Credit",IF(DB15>=55,"Credit",IF(DB15>=50,"Credit",IF(DB15>=45,"Pass",IF(DB15>=40,"Pass",IF(DB15>=6,"Fail",IF(DB15<5,"")))))))))) | DF15: 13 | DG15: =Data!B14 -> SHUIABU FARUK UMAR | DL15: =SUM(DH15:DK15) -> 0 | DN15: =DL15+DM15 -> 0 | DO15: =IF(DN15<10,"",RANK(DN15,DN$3:DN$52)) | DP15: =IF(DN15>=75,"A1",IF(DN15>=70,"B2",IF(DN15>=65,"B3",IF(DN15>=60,"C4",IF(DN15>=55,"C5",IF(DN15>=50,"C6",IF(DN15>=45,"D7",IF(DN15>=40,"E8",IF(DN15>=6,"F",IF(DN15<5,"")))))))))) | DQ15: =IF(DN15>=75,"Excellent",IF(DN15>=70,"V.Good",IF(DN15>=65,"Good",IF(DN15>=60,"Credit",IF(DN15>=55,"Credit",IF(DN15>=50,"Credit",IF(DN15>=45,"Pass",IF(DN15>=40,"Pass",IF(DN15>=6,"Fail",IF(DN15<5,"")))))))))) | DR15: 13 | DS15: =Data!B14 -> SHUIABU FARUK UMAR | DX15: =SUM(DT15:DW15) -> 0 | DZ15: =DX15+DY15 -> 0 | EA15: =IF(DZ15<10,"",RANK(DZ15,DZ$3:DZ$52)) | EB15: =IF(DZ15>=75,"A1",IF(DZ15>=70,"B2",IF(DZ15>=65,"B3",IF(DZ15>=60,"C4",IF(DZ15>=55,"C5",IF(DZ15>=50,"C6",IF(DZ15>=45,"D7",IF(DZ15>=40,"E8",IF(DZ15>=6,"F",IF(DZ15<5,"")))))))))) | EC15: =IF(DZ15>=75,"Excellent",IF(DZ15>=70,"V.Good",IF(DZ15>=65,"Good",IF(DZ15>=60,"Credit",IF(DZ15>=55,"Credit",IF(DZ15>=50,"Credit",IF(DZ15>=45,"Pass",IF(DZ15>=40,"Pass",IF(DZ15>=6,"Fail",IF(DZ15<5,"")))))))))) | ED15: 13 | EE15: =Data!B14 -> SHUIABU FARUK UMAR | EJ15: =SUM(EF15:EI15) -> 0 | EL15: =EJ15+EK15 -> 0 | EM15: =IF(EL15<10,"",RANK(EL15,EL$3:EL$52)) | EN15: =IF(EL15>=75,"A1",IF(EL15>=70,"B2",IF(EL15>=65,"B3",IF(EL15>=60,"C4",IF(EL15>=55,"C5",IF(EL15>=50,"C6",IF(EL15>=45,"D7",IF(EL15>=40,"E8",IF(EL15>=6,"F",IF(EL15<5,"")))))))))) | EO15: =IF(EL15>=75,"Excellent",IF(EL15>=70,"V.Good",IF(EL15>=65,"Good",IF(EL15>=60,"Credit",IF(EL15>=55,"Credit",IF(EL15>=50,"Credit",IF(EL15>=45,"Pass",IF(EL15>=40,"Pass",IF(EL15>=6,"Fail",IF(EL15<5,"")))))))))) | EP15: 13 | EQ15: =Data!B14 -> SHUIABU FARUK UMAR | EV15: =SUM(ER15:EU15) -> 0 | EX15: =EV15+EW15 -> 0 | EY15: =IF(EX15<10,"",RANK(EX15,EX$3:EX$52)) | EZ15: =IF(EX15>=75,"A1",IF(EX15>=70,"B2",IF(EX15>=65,"B3",IF(EX15>=60,"C4",IF(EX15>=55,"C5",IF(EX15>=50,"C6",IF(EX15>=45,"D7",IF(EX15>=40,"E8",IF(EX15>=6,"F",IF(EX15<5,"")))))))))) | FA15: =IF(EX15>=75,"Excellent",IF(EX15>=70,"V.Good",IF(EX15>=65,"Good",IF(EX15>=60,"Credit",IF(EX15>=55,"Credit",IF(EX15>=50,"Credit",IF(EX15>=45,"Pass",IF(EX15>=40,"Pass",IF(EX15>=6,"Fail",IF(EX15<5,"")))))))))) | FB15: 13 | FC15: =Data!B14 -> SHUIABU FARUK UMAR | FH15: =SUM(FD15:FG15) -> 0 | FJ15: =FH15+FI15 -> 0 | FK15: =IF(FJ15<10,"",RANK(FJ15,FJ$3:FJ$52)) | FL15: =IF(FJ15>=75,"A",IF(FJ15>=70,"B2",IF(FJ15>=50,"C",IF(FJ15>=45,"D",IF(FJ15>=40,"E",IF(FJ15>=6,"F",IF(FJ15<5,""))))))) | FM15: =IF(FJ15>=75,"Excellent",IF(FJ15>=70,"V.Good",IF(FJ15>=65,"Good",IF(FJ15>=60,"Credit",IF(FJ15>=55,"Credit",IF(FJ15>=50,"Credit",IF(FJ15>=45,"Pass",IF(FJ15>=40,"Pass",IF(FJ15>=6,"Fail",IF(FJ15<5,"")))))))))) | FN15: 13 | FO15: =Data!B14 -> SHUIABU FARUK UMAR | FT15: =SUM(FP15:FS15) -> 0 | FV15: =FT15+FU15 -> 0 | FW15: =IF(FV15<10,"",RANK(FV15,FV$3:FV$52)) | FX15: =IF(FV15>=75,"A",IF(FV15>=70,"B2",IF(FV15>=50,"C",IF(FV15>=45,"D",IF(FV15>=40,"E",IF(FV15>=6,"F",IF(FV15<5,""))))))) | FY15: =IF(FV15>=75,"Excellent",IF(FV15>=70,"V.Good",IF(FV15>=65,"Good",IF(FV15>=60,"Credit",IF(FV15>=55,"Credit",IF(FV15>=50,"Credit",IF(FV15>=45,"Pass",IF(FV15>=40,"Pass",IF(FV15>=6,"Fail",IF(FV15<5,"")))))))))) | FZ15: 13 | GA15: =Data!B14 -> SHUIABU FARUK UMAR | GF15: =SUM(GB15:GE15) -> 0 | GH15: =GF15+GG15 -> 0 | GI15: =IF(GH15<10,"",RANK(GH15,GH$3:GH$52)) | GJ15: =IF(GH15>=75,"A",IF(GH15>=70,"B2",IF(GH15>=50,"C",IF(GH15>=45,"D",IF(GH15>=40,"E",IF(GH15>=6,"F",IF(GH15<5,""))))))) | GK15: =IF(GH15>=75,"Excellent",IF(GH15>=70,"V.Good",IF(GH15>=65,"Good",IF(GH15>=60,"Credit",IF(GH15>=55,"Credit",IF(GH15>=50,"Credit",IF(GH15>=45,"Pass",IF(GH15>=40,"Pass",IF(GH15>=6,"Fail",IF(GH15<5,"")))))))))) | GL15: 13 | GM15: =Data!B14 -> SHUIABU FARUK UMAR | GR15: =SUM(GN15:GQ15) -> 0 | GT15: =GR15+GS15 -> 0 | GU15: =IF(GT15<10,"",RANK(GT15,GT$3:GT$52)) | GV15: =IF(GT15>=75,"A",IF(GT15>=70,"B2",IF(GT15>=50,"C",IF(GT15>=45,"D",IF(GT15>=40,"E",IF(GT15>=6,"F",IF(GT15<5,""))))))) | GW15: =IF(GT15>=75,"Excellent",IF(GT15>=70,"V.Good",IF(GT15>=65,"Good",IF(GT15>=60,"Credit",IF(GT15>=55,"Credit",IF(GT15>=50,"Credit",IF(GT15>=45,"Pass",IF(GT15>=40,"Pass",IF(GT15>=6,"Fail",IF(GT15<5,"")))))))))) | GX15: 13 | GY15: =Data!B14 -> SHUIABU FARUK UMAR | HD15: =SUM(GZ15:HC15) -> 0 | HF15: =HD15+HE15 -> 0 | HG15: =IF(HF15<10,"",RANK(HF15,HF$3:HF$52)) | HH15: =IF(HF15>=75,"A",IF(HF15>=70,"B2",IF(HF15>=50,"C",IF(HF15>=45,"D",IF(HF15>=40,"E",IF(HF15>=6,"F",IF(HF15<5,""))))))) | HI15: =IF(HF15>=75,"Excellent",IF(HF15>=70,"V.Good",IF(HF15>=65,"Good",IF(HF15>=60,"Credit",IF(HF15>=55,"Credit",IF(HF15>=50,"Credit",IF(HF15>=45,"Pass",IF(HF15>=40,"Pass",IF(HF15>=6,"Fail",IF(HF15<5,"")))))))))) | HJ15: 13 | HK15: =Data!B14 -> SHUIABU FARUK UMAR | HL15: 2 | HM15: 2 | HN15: 8 | HO15: 6 | HP15: =SUM(HL15:HO15) -> 18 | HR15: =HP15+HQ15 -> 18 | HS15: =IF(HR15<10,"",RANK(HR15,HR$3:HR$52)) -> 21 | HT15: =IF(HR15>=75,"A",IF(HR15>=70,"B2",IF(HR15>=50,"C",IF(HR15>=45,"D",IF(HR15>=40,"E",IF(HR15>=6,"F",IF(HR15<5,""))))))) -> F | HU15: =IF(HR15>=75,"Excellent",IF(HR15>=70,"V.Good",IF(HR15>=65,"Good",IF(HR15>=60,"Credit",IF(HR15>=55,"Credit",IF(HR15>=50,"Credit",IF(HR15>=45,"Pass",IF(HR15>=40,"Pass",IF(HR15>=6,"Fail",IF(HR15<5,"")))))))))) -> Fail | HV15: 13 | HW15: =Data!B14 -> SHUIABU FARUK UMAR | IB15: =SUM(HX15:IA15) -> 0 | ID15: =IB15+IC15 -> 0 | IE15: =IF(ID15<10,"",RANK(ID15,ID$3:ID$52)) | IF15: =IF(ID15>=75,"A",IF(ID15>=70,"B2",IF(ID15>=50,"C",IF(ID15>=45,"D",IF(ID15>=40,"E",IF(ID15>=6,"F",IF(ID15<5,""))))))) | IG15: =IF(ID15>=75,"Excellent",IF(ID15>=70,"V.Good",IF(ID15>=65,"Good",IF(ID15>=60,"Credit",IF(ID15>=55,"Credit",IF(ID15>=50,"Credit",IF(ID15>=45,"Pass",IF(ID15>=40,"Pass",IF(ID15>=6,"Fail",IF(ID15<5,"")))))))))) | IH15: 13 | II15: =Data!B14 -> SHUIABU FARUK UMAR | IN15: =SUM(IJ15:IM15) -> 0 | IP15: =IN15+IO15 -> 0 | IQ15: =IF(IP15<10,"",RANK(IP15,IP$3:IP$52)) | IR15: =IF(IP15>=75,"A",IF(IP15>=70,"B2",IF(IP15>=50,"C",IF(IP15>=45,"D",IF(IP15>=40,"E",IF(IP15>=6,"F",IF(IP15<5,""))))))) | IS15: =IF(IP15>=75,"Excellent",IF(IP15>=70,"V.Good",IF(IP15>=65,"Good",IF(IP15>=60,"Credit",IF(IP15>=55,"Credit",IF(IP15>=50,"Credit",IF(IP15>=45,"Pass",IF(IP15>=40,"Pass",IF(IP15>=6,"Fail",IF(IP15<5,"")))))))))) | IT15: 13 | IU15: =II15 -> SHUIABU FARUK UMAR | IZ15: =SUM(IV15:IY15) -> 0 | JB15: =IZ15+JA15 -> 0 | JC15: =IF(JB15<10,"",RANK(JB15,JB$3:JB$52)) | JD15: =IF(JB15>=75,"A",IF(JB15>=70,"B2",IF(JB15>=50,"C",IF(JB15>=45,"D",IF(JB15>=40,"E",IF(JB15>=6,"F",IF(JB15<5,""))))))) | JE15: =IF(JB15>=75,"Excellent",IF(JB15>=70,"V.Good",IF(JB15>=65,"Good",IF(JB15>=60,"Credit",IF(JB15>=55,"Credit",IF(JB15>=50,"Credit",IF(JB15>=45,"Pass",IF(JB15>=40,"Pass",IF(JB15>=6,"Fail",IF(JB15<5,"")))))))))) | JF15: 13 | JG15: =IU15 -> SHUIABU FARUK UMAR | JL15: =SUM(JH15:JK15) -> 0 | JN15: =JL15+JM15 -> 0 | JO15: =IF(JN15<10,"",RANK(JN15,JN$3:JN$52)) | JP15: =IF(JN15>=75,"A",IF(JN15>=70,"B2",IF(JN15>=50,"C",IF(JN15>=45,"D",IF(JN15>=40,"E",IF(JN15>=6,"F",IF(JN15<5,""))))))) | JQ15: =IF(JN15>=75,"Excellent",IF(JN15>=70,"V.Good",IF(JN15>=65,"Good",IF(JN15>=60,"Credit",IF(JN15>=55,"Credit",IF(JN15>=50,"Credit",IF(JN15>=45,"Pass",IF(JN15>=40,"Pass",IF(JN15>=6,"Fail",IF(JN15<5,"")))))))))) | JR15: 13 | JS15: =JG15 -> SHUIABU FARUK UMAR | JX15: =SUM(JT15:JW15) -> 0 | JZ15: =JX15+JY15 -> 0 | KA15: =IF(JZ15<10,"",RANK(JZ15,JZ$3:JZ$52)) | KB15: =IF(JZ15>=75,"A",IF(JZ15>=70,"B2",IF(JZ15>=50,"C",IF(JZ15>=45,"D",IF(JZ15>=40,"E",IF(JZ15>=6,"F",IF(JZ15<5,""))))))) | KC15: =IF(JZ15>=75,"Excellent",IF(JZ15>=70,"V.Good",IF(JZ15>=65,"Good",IF(JZ15>=60,"Credit",IF(JZ15>=55,"Credit",IF(JZ15>=50,"Credit",IF(JZ15>=45,"Pass",IF(JZ15>=40,"Pass",IF(JZ15>=6,"Fail",IF(JZ15<5,""))))))))))
A16: 14 | B16: 14 | C16: =Data!B15 -> STEPHEN HARUNA MALGWI | D16: 7 | E16: 9 | F16: 9 | G16: 6 | H16: =SUM(D16:G16) -> 31 | I16: 30 | J16: =H16+I16 -> 61 | K16: =IF(J16<10,"",RANK(J16,J$3:J$52)) -> 16 | L16: =IF(J16>=75,"A1",IF(J16>=70,"B2",IF(J16>=65,"B3",IF(J16>=60,"C4",IF(J16>=55,"C5",IF(J16>=50,"C6",IF(J16>=45,"D7",IF(J16>=40,"E8",IF(J16>=6,"F",IF(J16<5,"")))))))))) -> C4 | M16: =IF(J16>=75,"Excellent",IF(J16>=70,"V.Good",IF(J16>=65,"Good",IF(J16>=60,"Credit",IF(J16>=55,"Credit",IF(J16>=50,"Credit",IF(J16>=45,"Pass",IF(J16>=40,"Pass",IF(J16>=6,"Fail",IF(J16<5,"")))))))))) -> Credit | N16: 14 | O16: =Data!B15 -> STEPHEN HARUNA MALGWI | T16: =SUM(P16:S16) -> 0 | V16: =T16+U16 -> 0 | W16: =IF(V16<10,"",RANK(V16,V$3:V$52)) | X16: =IF(V16>=75,"A1",IF(V16>=70,"B2",IF(V16>=65,"B3",IF(V16>=60,"C4",IF(V16>=55,"C5",IF(V16>=50,"C6",IF(V16>=45,"D7",IF(V16>=40,"E8",IF(V16>=6,"F",IF(V16<5,"")))))))))) | Y16: =IF(V16>=75,"Excellent",IF(V16>=70,"V.Good",IF(V16>=65,"Good",IF(V16>=60,"Credit",IF(V16>=55,"Credit",IF(V16>=50,"Credit",IF(V16>=45,"Pass",IF(V16>=40,"Pass",IF(V16>=6,"Fail",IF(V16<5,"")))))))))) | Z16: 14 | AA16: =Data!B15 -> STEPHEN HARUNA MALGWI | AB16: 7 | AC16: 9 | AD16: 9 | AE16: 6 | AF16: =SUM(AB16:AE16) -> 31 | AG16: 30 | AH16: =AF16+AG16 -> 61 | AI16: =IF(AH16<10,"",RANK(AH16,AH$3:AH$52)) -> 16 | AJ16: =IF(AH16>=75,"A1",IF(AH16>=70,"B2",IF(AH16>=65,"B3",IF(AH16>=60,"C4",IF(AH16>=55,"C5",IF(AH16>=50,"C6",IF(AH16>=45,"D7",IF(AH16>=40,"E8",IF(AH16>=6,"F",IF(AH16<5,"")))))))))) -> C4 | AK16: =IF(AH16>=75,"Excellent",IF(AH16>=70,"V.Good",IF(AH16>=65,"Good",IF(AH16>=60,"Credit",IF(AH16>=55,"Credit",IF(AH16>=50,"Credit",IF(AH16>=45,"Pass",IF(AH16>=40,"Pass",IF(AH16>=6,"Fail",IF(AH16<5,"")))))))))) -> Credit | AL16: 14 | AM16: =Data!B15 -> STEPHEN HARUNA MALGWI | AN16: 7 | AO16: 9 | AP16: 9 | AQ16: 6 | AR16: =SUM(AN16:AQ16) -> 31 | AS16: 30 | AT16: =AR16+AS16 -> 61 | AU16: =IF(AT16<10,"",RANK(AT16,AT$3:AT$52)) -> 16 | AV16: =IF(AT16>=75,"A1",IF(AT16>=70,"B2",IF(AT16>=65,"B3",IF(AT16>=60,"C4",IF(AT16>=55,"C5",IF(AT16>=50,"C6",IF(AT16>=45,"D7",IF(AT16>=40,"E8",IF(AT16>=6,"F",IF(AT16<5,"")))))))))) -> C4 | AW16: =IF(AT16>=75,"Excellent",IF(AT16>=70,"V.Good",IF(AT16>=65,"Good",IF(AT16>=60,"Credit",IF(AT16>=55,"Credit",IF(AT16>=50,"Credit",IF(AT16>=45,"Pass",IF(AT16>=40,"Pass",IF(AT16>=6,"Fail",IF(AT16<5,"")))))))))) -> Credit | AX16: 14 | AY16: =Data!B15 -> STEPHEN HARUNA MALGWI | AZ16: 7 | BA16: 9 | BB16: 9 | BC16: 6 | BD16: =SUM(AZ16:BC16) -> 31 | BE16: 30 | BF16: =BD16+BE16 -> 61 | BG16: =IF(BF16<10,"",RANK(BF16,BF$3:BF$52)) -> 16 | BH16: =IF(BF16>=75,"A1",IF(BF16>=70,"B2",IF(BF16>=65,"B3",IF(BF16>=60,"C4",IF(BF16>=55,"C5",IF(BF16>=50,"C6",IF(BF16>=45,"D7",IF(BF16>=40,"E8",IF(BF16>=6,"F",IF(BF16<5,"")))))))))) -> C4 | BI16: =IF(BF16>=75,"Excellent",IF(BF16>=70,"V.Good",IF(BF16>=65,"Good",IF(BF16>=60,"Credit",IF(BF16>=55,"Credit",IF(BF16>=50,"Credit",IF(BF16>=45,"Pass",IF(BF16>=40,"Pass",IF(BF16>=6,"Fail",IF(BF16<5,"")))))))))) -> Credit | BJ16: 14 | BK16: =Data!B15 -> STEPHEN HARUNA MALGWI | BL16: 7 | BM16: 9 | BN16: 9 | BO16: 6 | BP16: =SUM(BL16:BO16) -> 31 | BQ16: 30 | BR16: =BP16+BQ16 -> 61 | BS16: =IF(BR16<10,"",RANK(BR16,BR$3:BR$52)) -> 16 | BT16: =IF(BR16>=75,"A1",IF(BR16>=70,"B2",IF(BR16>=65,"B3",IF(BR16>=60,"C4",IF(BR16>=55,"C5",IF(BR16>=50,"C6",IF(BR16>=45,"D7",IF(BR16>=40,"E8",IF(BR16>=6,"F",IF(BR16<5,"")))))))))) -> C4 | BU16: =IF(BR16>=75,"Excellent",IF(BR16>=70,"V.Good",IF(BR16>=65,"Good",IF(BR16>=60,"Credit",IF(BR16>=55,"Credit",IF(BR16>=50,"Credit",IF(BR16>=45,"Pass",IF(BR16>=40,"Pass",IF(BR16>=6,"Fail",IF(BR16<5,"")))))))))) -> Credit | BV16: 14 | BW16: =Data!B15 -> STEPHEN HARUNA MALGWI | BX16: 7 | BY16: 9 | BZ16: 9 | CA16: 6 | CB16: =SUM(BX16:CA16) -> 31 | CC16: 30 | CD16: =CB16+CC16 -> 61 | CE16: =IF(CD16<10,"",RANK(CD16,CD$3:CD$52)) -> 16 | CF16: =IF(CD16>=75,"A1",IF(CD16>=70,"B2",IF(CD16>=65,"B3",IF(CD16>=60,"C4",IF(CD16>=55,"C5",IF(CD16>=50,"C6",IF(CD16>=45,"D7",IF(CD16>=40,"E8",IF(CD16>=6,"F",IF(CD16<5,"")))))))))) -> C4 | CG16: =IF(CD16>=75,"Excellent",IF(CD16>=70,"V.Good",IF(CD16>=65,"Good",IF(CD16>=60,"Credit",IF(CD16>=55,"Credit",IF(CD16>=50,"Credit",IF(CD16>=45,"Pass",IF(CD16>=40,"Pass",IF(CD16>=6,"Fail",IF(CD16<5,"")))))))))) -> Credit | CH16: 14 | CI16: =Data!B15 -> STEPHEN HARUNA MALGWI | CN16: =SUM(CJ16:CM16) -> 0 | CP16: =CN16+CO16 -> 0 | CQ16: =IF(CP16<10,"",RANK(CP16,CP$3:CP$52)) | CR16: =IF(CP16>=75,"A1",IF(CP16>=70,"B2",IF(CP16>=65,"B3",IF(CP16>=60,"C4",IF(CP16>=55,"C5",IF(CP16>=50,"C6",IF(CP16>=45,"D7",IF(CP16>=40,"E8",IF(CP16>=6,"F",IF(CP16<5,"")))))))))) | CS16: =IF(CP16>=75,"Excellent",IF(CP16>=70,"V.Good",IF(CP16>=65,"Good",IF(CP16>=60,"Credit",IF(CP16>=55,"Credit",IF(CP16>=50,"Credit",IF(CP16>=45,"Pass",IF(CP16>=40,"Pass",IF(CP16>=6,"Fail",IF(CP16<5,"")))))))))) | CT16: 14 | CU16: =Data!B15 -> STEPHEN HARUNA MALGWI | CZ16: =SUM(CV16:CY16) -> 0 | DB16: =CZ16+DA16 -> 0 | DC16: =IF(DB16<10,"",RANK(DB16,DB$3:DB$52)) | DD16: =IF(DB16>=75,"A1",IF(DB16>=70,"B2",IF(DB16>=65,"B3",IF(DB16>=60,"C4",IF(DB16>=55,"C5",IF(DB16>=50,"C6",IF(DB16>=45,"D7",IF(DB16>=40,"E8",IF(DB16>=6,"F",IF(DB16<5,"")))))))))) | DE16: =IF(DB16>=75,"Excellent",IF(DB16>=70,"V.Good",IF(DB16>=65,"Good",IF(DB16>=60,"Credit",IF(DB16>=55,"Credit",IF(DB16>=50,"Credit",IF(DB16>=45,"Pass",IF(DB16>=40,"Pass",IF(DB16>=6,"Fail",IF(DB16<5,"")))))))))) | DF16: 14 | DG16: =Data!B15 -> STEPHEN HARUNA MALGWI | DH16: 7 | DI16: 3 | DJ16: 2 | DK16: 5 | DL16: =SUM(DH16:DK16) -> 17 | DM16: 27 | DN16: =DL16+DM16 -> 44 | DO16: =IF(DN16<10,"",RANK(DN16,DN$3:DN$52)) -> 3 | DP16: =IF(DN16>=75,"A1",IF(DN16>=70,"B2",IF(DN16>=65,"B3",IF(DN16>=60,"C4",IF(DN16>=55,"C5",IF(DN16>=50,"C6",IF(DN16>=45,"D7",IF(DN16>=40,"E8",IF(DN16>=6,"F",IF(DN16<5,"")))))))))) -> E8 | DQ16: =IF(DN16>=75,"Excellent",IF(DN16>=70,"V.Good",IF(DN16>=65,"Good",IF(DN16>=60,"Credit",IF(DN16>=55,"Credit",IF(DN16>=50,"Credit",IF(DN16>=45,"Pass",IF(DN16>=40,"Pass",IF(DN16>=6,"Fail",IF(DN16<5,"")))))))))) -> Pass | DR16: 14 | DS16: =Data!B15 -> STEPHEN HARUNA MALGWI | DX16: =SUM(DT16:DW16) -> 0 | DZ16: =DX16+DY16 -> 0 | EA16: =IF(DZ16<10,"",RANK(DZ16,DZ$3:DZ$52)) | EB16: =IF(DZ16>=75,"A1",IF(DZ16>=70,"B2",IF(DZ16>=65,"B3",IF(DZ16>=60,"C4",IF(DZ16>=55,"C5",IF(DZ16>=50,"C6",IF(DZ16>=45,"D7",IF(DZ16>=40,"E8",IF(DZ16>=6,"F",IF(DZ16<5,"")))))))))) | EC16: =IF(DZ16>=75,"Excellent",IF(DZ16>=70,"V.Good",IF(DZ16>=65,"Good",IF(DZ16>=60,"Credit",IF(DZ16>=55,"Credit",IF(DZ16>=50,"Credit",IF(DZ16>=45,"Pass",IF(DZ16>=40,"Pass",IF(DZ16>=6,"Fail",IF(DZ16<5,"")))))))))) | ED16: 14 | EE16: =Data!B15 -> STEPHEN HARUNA MALGWI | EJ16: =SUM(EF16:EI16) -> 0 | EL16: =EJ16+EK16 -> 0 | EM16: =IF(EL16<10,"",RANK(EL16,EL$3:EL$52)) | EN16: =IF(EL16>=75,"A1",IF(EL16>=70,"B2",IF(EL16>=65,"B3",IF(EL16>=60,"C4",IF(EL16>=55,"C5",IF(EL16>=50,"C6",IF(EL16>=45,"D7",IF(EL16>=40,"E8",IF(EL16>=6,"F",IF(EL16<5,"")))))))))) | EO16: =IF(EL16>=75,"Excellent",IF(EL16>=70,"V.Good",IF(EL16>=65,"Good",IF(EL16>=60,"Credit",IF(EL16>=55,"Credit",IF(EL16>=50,"Credit",IF(EL16>=45,"Pass",IF(EL16>=40,"Pass",IF(EL16>=6,"Fail",IF(EL16<5,"")))))))))) | EP16: 14 | EQ16: =Data!B15 -> STEPHEN HARUNA MALGWI | EV16: =SUM(ER16:EU16) -> 0 | EX16: =EV16+EW16 -> 0 | EY16: =IF(EX16<10,"",RANK(EX16,EX$3:EX$52)) | EZ16: =IF(EX16>=75,"A1",IF(EX16>=70,"B2",IF(EX16>=65,"B3",IF(EX16>=60,"C4",IF(EX16>=55,"C5",IF(EX16>=50,"C6",IF(EX16>=45,"D7",IF(EX16>=40,"E8",IF(EX16>=6,"F",IF(EX16<5,"")))))))))) | FA16: =IF(EX16>=75,"Excellent",IF(EX16>=70,"V.Good",IF(EX16>=65,"Good",IF(EX16>=60,"Credit",IF(EX16>=55,"Credit",IF(EX16>=50,"Credit",IF(EX16>=45,"Pass",IF(EX16>=40,"Pass",IF(EX16>=6,"Fail",IF(EX16<5,"")))))))))) | FB16: 14 | FC16: =Data!B15 -> STEPHEN HARUNA MALGWI | FH16: =SUM(FD16:FG16) -> 0 | FJ16: =FH16+FI16 -> 0 | FK16: =IF(FJ16<10,"",RANK(FJ16,FJ$3:FJ$52)) | FL16: =IF(FJ16>=75,"A",IF(FJ16>=70,"B2",IF(FJ16>=50,"C",IF(FJ16>=45,"D",IF(FJ16>=40,"E",IF(FJ16>=6,"F",IF(FJ16<5,""))))))) | FM16: =IF(FJ16>=75,"Excellent",IF(FJ16>=70,"V.Good",IF(FJ16>=65,"Good",IF(FJ16>=60,"Credit",IF(FJ16>=55,"Credit",IF(FJ16>=50,"Credit",IF(FJ16>=45,"Pass",IF(FJ16>=40,"Pass",IF(FJ16>=6,"Fail",IF(FJ16<5,"")))))))))) | FN16: 14 | FO16: =Data!B15 -> STEPHEN HARUNA MALGWI | FT16: =SUM(FP16:FS16) -> 0 | FV16: =FT16+FU16 -> 0 | FW16: =IF(FV16<10,"",RANK(FV16,FV$3:FV$52)) | FX16: =IF(FV16>=75,"A",IF(FV16>=70,"B2",IF(FV16>=50,"C",IF(FV16>=45,"D",IF(FV16>=40,"E",IF(FV16>=6,"F",IF(FV16<5,""))))))) | FY16: =IF(FV16>=75,"Excellent",IF(FV16>=70,"V.Good",IF(FV16>=65,"Good",IF(FV16>=60,"Credit",IF(FV16>=55,"Credit",IF(FV16>=50,"Credit",IF(FV16>=45,"Pass",IF(FV16>=40,"Pass",IF(FV16>=6,"Fail",IF(FV16<5,"")))))))))) | FZ16: 14 | GA16: =Data!B15 -> STEPHEN HARUNA MALGWI | GF16: =SUM(GB16:GE16) -> 0 | GH16: =GF16+GG16 -> 0 | GI16: =IF(GH16<10,"",RANK(GH16,GH$3:GH$52)) | GJ16: =IF(GH16>=75,"A",IF(GH16>=70,"B2",IF(GH16>=50,"C",IF(GH16>=45,"D",IF(GH16>=40,"E",IF(GH16>=6,"F",IF(GH16<5,""))))))) | GK16: =IF(GH16>=75,"Excellent",IF(GH16>=70,"V.Good",IF(GH16>=65,"Good",IF(GH16>=60,"Credit",IF(GH16>=55,"Credit",IF(GH16>=50,"Credit",IF(GH16>=45,"Pass",IF(GH16>=40,"Pass",IF(GH16>=6,"Fail",IF(GH16<5,"")))))))))) | GL16: 14 | GM16: =Data!B15 -> STEPHEN HARUNA MALGWI | GR16: =SUM(GN16:GQ16) -> 0 | GT16: =GR16+GS16 -> 0 | GU16: =IF(GT16<10,"",RANK(GT16,GT$3:GT$52)) | GV16: =IF(GT16>=75,"A",IF(GT16>=70,"B2",IF(GT16>=50,"C",IF(GT16>=45,"D",IF(GT16>=40,"E",IF(GT16>=6,"F",IF(GT16<5,""))))))) | GW16: =IF(GT16>=75,"Excellent",IF(GT16>=70,"V.Good",IF(GT16>=65,"Good",IF(GT16>=60,"Credit",IF(GT16>=55,"Credit",IF(GT16>=50,"Credit",IF(GT16>=45,"Pass",IF(GT16>=40,"Pass",IF(GT16>=6,"Fail",IF(GT16<5,"")))))))))) | GX16: 14 | GY16: =Data!B15 -> STEPHEN HARUNA MALGWI | HD16: =SUM(GZ16:HC16) -> 0 | HF16: =HD16+HE16 -> 0 | HG16: =IF(HF16<10,"",RANK(HF16,HF$3:HF$52)) | HH16: =IF(HF16>=75,"A",IF(HF16>=70,"B2",IF(HF16>=50,"C",IF(HF16>=45,"D",IF(HF16>=40,"E",IF(HF16>=6,"F",IF(HF16<5,""))))))) | HI16: =IF(HF16>=75,"Excellent",IF(HF16>=70,"V.Good",IF(HF16>=65,"Good",IF(HF16>=60,"Credit",IF(HF16>=55,"Credit",IF(HF16>=50,"Credit",IF(HF16>=45,"Pass",IF(HF16>=40,"Pass",IF(HF16>=6,"Fail",IF(HF16<5,"")))))))))) | HJ16: 14 | HK16: =Data!B15 -> STEPHEN HARUNA MALGWI | HP16: =SUM(HL16:HO16) -> 0 | HR16: =HP16+HQ16 -> 0 | HS16: =IF(HR16<10,"",RANK(HR16,HR$3:HR$52)) | HT16: =IF(HR16>=75,"A",IF(HR16>=70,"B2",IF(HR16>=50,"C",IF(HR16>=45,"D",IF(HR16>=40,"E",IF(HR16>=6,"F",IF(HR16<5,""))))))) | HU16: =IF(HR16>=75,"Excellent",IF(HR16>=70,"V.Good",IF(HR16>=65,"Good",IF(HR16>=60,"Credit",IF(HR16>=55,"Credit",IF(HR16>=50,"Credit",IF(HR16>=45,"Pass",IF(HR16>=40,"Pass",IF(HR16>=6,"Fail",IF(HR16<5,"")))))))))) | HV16: 14 | HW16: =Data!B15 -> STEPHEN HARUNA MALGWI | IB16: =SUM(HX16:IA16) -> 0 | ID16: =IB16+IC16 -> 0 | IE16: =IF(ID16<10,"",RANK(ID16,ID$3:ID$52)) | IF16: =IF(ID16>=75,"A",IF(ID16>=70,"B2",IF(ID16>=50,"C",IF(ID16>=45,"D",IF(ID16>=40,"E",IF(ID16>=6,"F",IF(ID16<5,""))))))) | IG16: =IF(ID16>=75,"Excellent",IF(ID16>=70,"V.Good",IF(ID16>=65,"Good",IF(ID16>=60,"Credit",IF(ID16>=55,"Credit",IF(ID16>=50,"Credit",IF(ID16>=45,"Pass",IF(ID16>=40,"Pass",IF(ID16>=6,"Fail",IF(ID16<5,"")))))))))) | IH16: 14 | II16: =Data!B15 -> STEPHEN HARUNA MALGWI | IN16: =SUM(IJ16:IM16) -> 0 | IP16: =IN16+IO16 -> 0 | IQ16: =IF(IP16<10,"",RANK(IP16,IP$3:IP$52)) | IR16: =IF(IP16>=75,"A",IF(IP16>=70,"B2",IF(IP16>=50,"C",IF(IP16>=45,"D",IF(IP16>=40,"E",IF(IP16>=6,"F",IF(IP16<5,""))))))) | IS16: =IF(IP16>=75,"Excellent",IF(IP16>=70,"V.Good",IF(IP16>=65,"Good",IF(IP16>=60,"Credit",IF(IP16>=55,"Credit",IF(IP16>=50,"Credit",IF(IP16>=45,"Pass",IF(IP16>=40,"Pass",IF(IP16>=6,"Fail",IF(IP16<5,"")))))))))) | IT16: 14 | IU16: =II16 -> STEPHEN HARUNA MALGWI | IZ16: =SUM(IV16:IY16) -> 0 | JB16: =IZ16+JA16 -> 0 | JC16: =IF(JB16<10,"",RANK(JB16,JB$3:JB$52)) | JD16: =IF(JB16>=75,"A",IF(JB16>=70,"B2",IF(JB16>=50,"C",IF(JB16>=45,"D",IF(JB16>=40,"E",IF(JB16>=6,"F",IF(JB16<5,""))))))) | JE16: =IF(JB16>=75,"Excellent",IF(JB16>=70,"V.Good",IF(JB16>=65,"Good",IF(JB16>=60,"Credit",IF(JB16>=55,"Credit",IF(JB16>=50,"Credit",IF(JB16>=45,"Pass",IF(JB16>=40,"Pass",IF(JB16>=6,"Fail",IF(JB16<5,"")))))))))) | JF16: 14 | JG16: =IU16 -> STEPHEN HARUNA MALGWI | JL16: =SUM(JH16:JK16) -> 0 | JN16: =JL16+JM16 -> 0 | JO16: =IF(JN16<10,"",RANK(JN16,JN$3:JN$52)) | JP16: =IF(JN16>=75,"A",IF(JN16>=70,"B2",IF(JN16>=50,"C",IF(JN16>=45,"D",IF(JN16>=40,"E",IF(JN16>=6,"F",IF(JN16<5,""))))))) | JQ16: =IF(JN16>=75,"Excellent",IF(JN16>=70,"V.Good",IF(JN16>=65,"Good",IF(JN16>=60,"Credit",IF(JN16>=55,"Credit",IF(JN16>=50,"Credit",IF(JN16>=45,"Pass",IF(JN16>=40,"Pass",IF(JN16>=6,"Fail",IF(JN16<5,"")))))))))) | JR16: 14 | JS16: =JG16 -> STEPHEN HARUNA MALGWI | JX16: =SUM(JT16:JW16) -> 0 | JZ16: =JX16+JY16 -> 0 | KA16: =IF(JZ16<10,"",RANK(JZ16,JZ$3:JZ$52)) | KB16: =IF(JZ16>=75,"A",IF(JZ16>=70,"B2",IF(JZ16>=50,"C",IF(JZ16>=45,"D",IF(JZ16>=40,"E",IF(JZ16>=6,"F",IF(JZ16<5,""))))))) | KC16: =IF(JZ16>=75,"Excellent",IF(JZ16>=70,"V.Good",IF(JZ16>=65,"Good",IF(JZ16>=60,"Credit",IF(JZ16>=55,"Credit",IF(JZ16>=50,"Credit",IF(JZ16>=45,"Pass",IF(JZ16>=40,"Pass",IF(JZ16>=6,"Fail",IF(JZ16<5,""))))))))))
A17: 15 | B17: 15 | C17: =Data!B16 -> SUNDAY SUCCESS | D17: 2 | E17: 2 | F17: 9 | G17: 10 | H17: =SUM(D17:G17) -> 23 | I17: 31 | J17: =H17+I17 -> 54 | K17: =IF(J17<10,"",RANK(J17,J$3:J$52)) -> 29 | L17: =IF(J17>=75,"A1",IF(J17>=70,"B2",IF(J17>=65,"B3",IF(J17>=60,"C4",IF(J17>=55,"C5",IF(J17>=50,"C6",IF(J17>=45,"D7",IF(J17>=40,"E8",IF(J17>=6,"F",IF(J17<5,"")))))))))) -> C6 | M17: =IF(J17>=75,"Excellent",IF(J17>=70,"V.Good",IF(J17>=65,"Good",IF(J17>=60,"Credit",IF(J17>=55,"Credit",IF(J17>=50,"Credit",IF(J17>=45,"Pass",IF(J17>=40,"Pass",IF(J17>=6,"Fail",IF(J17<5,"")))))))))) -> Credit | N17: 15 | O17: =Data!B16 -> SUNDAY SUCCESS | T17: =SUM(P17:S17) -> 0 | V17: =T17+U17 -> 0 | W17: =IF(V17<10,"",RANK(V17,V$3:V$52)) | X17: =IF(V17>=75,"A1",IF(V17>=70,"B2",IF(V17>=65,"B3",IF(V17>=60,"C4",IF(V17>=55,"C5",IF(V17>=50,"C6",IF(V17>=45,"D7",IF(V17>=40,"E8",IF(V17>=6,"F",IF(V17<5,"")))))))))) | Y17: =IF(V17>=75,"Excellent",IF(V17>=70,"V.Good",IF(V17>=65,"Good",IF(V17>=60,"Credit",IF(V17>=55,"Credit",IF(V17>=50,"Credit",IF(V17>=45,"Pass",IF(V17>=40,"Pass",IF(V17>=6,"Fail",IF(V17<5,"")))))))))) | Z17: 15 | AA17: =Data!B16 -> SUNDAY SUCCESS | AB17: 2 | AC17: 2 | AD17: 9 | AE17: 10 | AF17: =SUM(AB17:AE17) -> 23 | AG17: 31 | AH17: =AF17+AG17 -> 54 | AI17: =IF(AH17<10,"",RANK(AH17,AH$3:AH$52)) -> 29 | AJ17: =IF(AH17>=75,"A1",IF(AH17>=70,"B2",IF(AH17>=65,"B3",IF(AH17>=60,"C4",IF(AH17>=55,"C5",IF(AH17>=50,"C6",IF(AH17>=45,"D7",IF(AH17>=40,"E8",IF(AH17>=6,"F",IF(AH17<5,"")))))))))) -> C6 | AK17: =IF(AH17>=75,"Excellent",IF(AH17>=70,"V.Good",IF(AH17>=65,"Good",IF(AH17>=60,"Credit",IF(AH17>=55,"Credit",IF(AH17>=50,"Credit",IF(AH17>=45,"Pass",IF(AH17>=40,"Pass",IF(AH17>=6,"Fail",IF(AH17<5,"")))))))))) -> Credit | AL17: 15 | AM17: =Data!B16 -> SUNDAY SUCCESS | AN17: 2 | AO17: 2 | AP17: 9 | AQ17: 10 | AR17: =SUM(AN17:AQ17) -> 23 | AS17: 31 | AT17: =AR17+AS17 -> 54 | AU17: =IF(AT17<10,"",RANK(AT17,AT$3:AT$52)) -> 29 | AV17: =IF(AT17>=75,"A1",IF(AT17>=70,"B2",IF(AT17>=65,"B3",IF(AT17>=60,"C4",IF(AT17>=55,"C5",IF(AT17>=50,"C6",IF(AT17>=45,"D7",IF(AT17>=40,"E8",IF(AT17>=6,"F",IF(AT17<5,"")))))))))) -> C6 | AW17: =IF(AT17>=75,"Excellent",IF(AT17>=70,"V.Good",IF(AT17>=65,"Good",IF(AT17>=60,"Credit",IF(AT17>=55,"Credit",IF(AT17>=50,"Credit",IF(AT17>=45,"Pass",IF(AT17>=40,"Pass",IF(AT17>=6,"Fail",IF(AT17<5,"")))))))))) -> Credit | AX17: 15 | AY17: =Data!B16 -> SUNDAY SUCCESS | AZ17: 2 | BA17: 2 | BB17: 9 | BC17: 10 | BD17: =SUM(AZ17:BC17) -> 23 | BE17: 31 | BF17: =BD17+BE17 -> 54 | BG17: =IF(BF17<10,"",RANK(BF17,BF$3:BF$52)) -> 29 | BH17: =IF(BF17>=75,"A1",IF(BF17>=70,"B2",IF(BF17>=65,"B3",IF(BF17>=60,"C4",IF(BF17>=55,"C5",IF(BF17>=50,"C6",IF(BF17>=45,"D7",IF(BF17>=40,"E8",IF(BF17>=6,"F",IF(BF17<5,"")))))))))) -> C6 | BI17: =IF(BF17>=75,"Excellent",IF(BF17>=70,"V.Good",IF(BF17>=65,"Good",IF(BF17>=60,"Credit",IF(BF17>=55,"Credit",IF(BF17>=50,"Credit",IF(BF17>=45,"Pass",IF(BF17>=40,"Pass",IF(BF17>=6,"Fail",IF(BF17<5,"")))))))))) -> Credit | BJ17: 15 | BK17: =Data!B16 -> SUNDAY SUCCESS | BL17: 2 | BM17: 2 | BN17: 9 | BO17: 10 | BP17: =SUM(BL17:BO17) -> 23 | BQ17: 31 | BR17: =BP17+BQ17 -> 54 | BS17: =IF(BR17<10,"",RANK(BR17,BR$3:BR$52)) -> 29 | BT17: =IF(BR17>=75,"A1",IF(BR17>=70,"B2",IF(BR17>=65,"B3",IF(BR17>=60,"C4",IF(BR17>=55,"C5",IF(BR17>=50,"C6",IF(BR17>=45,"D7",IF(BR17>=40,"E8",IF(BR17>=6,"F",IF(BR17<5,"")))))))))) -> C6 | BU17: =IF(BR17>=75,"Excellent",IF(BR17>=70,"V.Good",IF(BR17>=65,"Good",IF(BR17>=60,"Credit",IF(BR17>=55,"Credit",IF(BR17>=50,"Credit",IF(BR17>=45,"Pass",IF(BR17>=40,"Pass",IF(BR17>=6,"Fail",IF(BR17<5,"")))))))))) -> Credit | BV17: 15 | BW17: =Data!B16 -> SUNDAY SUCCESS | BX17: 2 | BY17: 2 | BZ17: 9 | CA17: 10 | CB17: =SUM(BX17:CA17) -> 23 | CC17: 31 | CD17: =CB17+CC17 -> 54 | CE17: =IF(CD17<10,"",RANK(CD17,CD$3:CD$52)) -> 29 | CF17: =IF(CD17>=75,"A1",IF(CD17>=70,"B2",IF(CD17>=65,"B3",IF(CD17>=60,"C4",IF(CD17>=55,"C5",IF(CD17>=50,"C6",IF(CD17>=45,"D7",IF(CD17>=40,"E8",IF(CD17>=6,"F",IF(CD17<5,"")))))))))) -> C6 | CG17: =IF(CD17>=75,"Excellent",IF(CD17>=70,"V.Good",IF(CD17>=65,"Good",IF(CD17>=60,"Credit",IF(CD17>=55,"Credit",IF(CD17>=50,"Credit",IF(CD17>=45,"Pass",IF(CD17>=40,"Pass",IF(CD17>=6,"Fail",IF(CD17<5,"")))))))))) -> Credit | CH17: 15 | CI17: =Data!B16 -> SUNDAY SUCCESS | CN17: =SUM(CJ17:CM17) -> 0 | CP17: =CN17+CO17 -> 0 | CQ17: =IF(CP17<10,"",RANK(CP17,CP$3:CP$52)) | CR17: =IF(CP17>=75,"A1",IF(CP17>=70,"B2",IF(CP17>=65,"B3",IF(CP17>=60,"C4",IF(CP17>=55,"C5",IF(CP17>=50,"C6",IF(CP17>=45,"D7",IF(CP17>=40,"E8",IF(CP17>=6,"F",IF(CP17<5,"")))))))))) | CS17: =IF(CP17>=75,"Excellent",IF(CP17>=70,"V.Good",IF(CP17>=65,"Good",IF(CP17>=60,"Credit",IF(CP17>=55,"Credit",IF(CP17>=50,"Credit",IF(CP17>=45,"Pass",IF(CP17>=40,"Pass",IF(CP17>=6,"Fail",IF(CP17<5,"")))))))))) | CT17: 15 | CU17: =Data!B16 -> SUNDAY SUCCESS | CZ17: =SUM(CV17:CY17) -> 0 | DB17: =CZ17+DA17 -> 0 | DC17: =IF(DB17<10,"",RANK(DB17,DB$3:DB$52)) | DD17: =IF(DB17>=75,"A1",IF(DB17>=70,"B2",IF(DB17>=65,"B3",IF(DB17>=60,"C4",IF(DB17>=55,"C5",IF(DB17>=50,"C6",IF(DB17>=45,"D7",IF(DB17>=40,"E8",IF(DB17>=6,"F",IF(DB17<5,"")))))))))) | DE17: =IF(DB17>=75,"Excellent",IF(DB17>=70,"V.Good",IF(DB17>=65,"Good",IF(DB17>=60,"Credit",IF(DB17>=55,"Credit",IF(DB17>=50,"Credit",IF(DB17>=45,"Pass",IF(DB17>=40,"Pass",IF(DB17>=6,"Fail",IF(DB17<5,"")))))))))) | DF17: 15 | DG17: =Data!B16 -> SUNDAY SUCCESS | DL17: =SUM(DH17:DK17) -> 0 | DN17: =DL17+DM17 -> 0 | DO17: =IF(DN17<10,"",RANK(DN17,DN$3:DN$52)) | DP17: =IF(DN17>=75,"A1",IF(DN17>=70,"B2",IF(DN17>=65,"B3",IF(DN17>=60,"C4",IF(DN17>=55,"C5",IF(DN17>=50,"C6",IF(DN17>=45,"D7",IF(DN17>=40,"E8",IF(DN17>=6,"F",IF(DN17<5,"")))))))))) | DQ17: =IF(DN17>=75,"Excellent",IF(DN17>=70,"V.Good",IF(DN17>=65,"Good",IF(DN17>=60,"Credit",IF(DN17>=55,"Credit",IF(DN17>=50,"Credit",IF(DN17>=45,"Pass",IF(DN17>=40,"Pass",IF(DN17>=6,"Fail",IF(DN17<5,"")))))))))) | DR17: 15 | DS17: =Data!B16 -> SUNDAY SUCCESS | DX17: =SUM(DT17:DW17) -> 0 | DZ17: =DX17+DY17 -> 0 | EA17: =IF(DZ17<10,"",RANK(DZ17,DZ$3:DZ$52)) | EB17: =IF(DZ17>=75,"A1",IF(DZ17>=70,"B2",IF(DZ17>=65,"B3",IF(DZ17>=60,"C4",IF(DZ17>=55,"C5",IF(DZ17>=50,"C6",IF(DZ17>=45,"D7",IF(DZ17>=40,"E8",IF(DZ17>=6,"F",IF(DZ17<5,"")))))))))) | EC17: =IF(DZ17>=75,"Excellent",IF(DZ17>=70,"V.Good",IF(DZ17>=65,"Good",IF(DZ17>=60,"Credit",IF(DZ17>=55,"Credit",IF(DZ17>=50,"Credit",IF(DZ17>=45,"Pass",IF(DZ17>=40,"Pass",IF(DZ17>=6,"Fail",IF(DZ17<5,"")))))))))) | ED17: 15 | EE17: =Data!B16 -> SUNDAY SUCCESS | EJ17: =SUM(EF17:EI17) -> 0 | EL17: =EJ17+EK17 -> 0 | EM17: =IF(EL17<10,"",RANK(EL17,EL$3:EL$52)) | EN17: =IF(EL17>=75,"A1",IF(EL17>=70,"B2",IF(EL17>=65,"B3",IF(EL17>=60,"C4",IF(EL17>=55,"C5",IF(EL17>=50,"C6",IF(EL17>=45,"D7",IF(EL17>=40,"E8",IF(EL17>=6,"F",IF(EL17<5,"")))))))))) | EO17: =IF(EL17>=75,"Excellent",IF(EL17>=70,"V.Good",IF(EL17>=65,"Good",IF(EL17>=60,"Credit",IF(EL17>=55,"Credit",IF(EL17>=50,"Credit",IF(EL17>=45,"Pass",IF(EL17>=40,"Pass",IF(EL17>=6,"Fail",IF(EL17<5,"")))))))))) | EP17: 15 | EQ17: =Data!B16 -> SUNDAY SUCCESS | EV17: =SUM(ER17:EU17) -> 0 | EX17: =EV17+EW17 -> 0 | EY17: =IF(EX17<10,"",RANK(EX17,EX$3:EX$52)) | EZ17: =IF(EX17>=75,"A1",IF(EX17>=70,"B2",IF(EX17>=65,"B3",IF(EX17>=60,"C4",IF(EX17>=55,"C5",IF(EX17>=50,"C6",IF(EX17>=45,"D7",IF(EX17>=40,"E8",IF(EX17>=6,"F",IF(EX17<5,"")))))))))) | FA17: =IF(EX17>=75,"Excellent",IF(EX17>=70,"V.Good",IF(EX17>=65,"Good",IF(EX17>=60,"Credit",IF(EX17>=55,"Credit",IF(EX17>=50,"Credit",IF(EX17>=45,"Pass",IF(EX17>=40,"Pass",IF(EX17>=6,"Fail",IF(EX17<5,"")))))))))) | FB17: 15 | FC17: =Data!B16 -> SUNDAY SUCCESS | FH17: =SUM(FD17:FG17) -> 0 | FJ17: =FH17+FI17 -> 0 | FK17: =IF(FJ17<10,"",RANK(FJ17,FJ$3:FJ$52)) | FL17: =IF(FJ17>=75,"A",IF(FJ17>=70,"B2",IF(FJ17>=50,"C",IF(FJ17>=45,"D",IF(FJ17>=40,"E",IF(FJ17>=6,"F",IF(FJ17<5,""))))))) | FM17: =IF(FJ17>=75,"Excellent",IF(FJ17>=70,"V.Good",IF(FJ17>=65,"Good",IF(FJ17>=60,"Credit",IF(FJ17>=55,"Credit",IF(FJ17>=50,"Credit",IF(FJ17>=45,"Pass",IF(FJ17>=40,"Pass",IF(FJ17>=6,"Fail",IF(FJ17<5,"")))))))))) | FN17: 15 | FO17: =Data!B16 -> SUNDAY SUCCESS | FT17: =SUM(FP17:FS17) -> 0 | FV17: =FT17+FU17 -> 0 | FW17: =IF(FV17<10,"",RANK(FV17,FV$3:FV$52)) | FX17: =IF(FV17>=75,"A",IF(FV17>=70,"B2",IF(FV17>=50,"C",IF(FV17>=45,"D",IF(FV17>=40,"E",IF(FV17>=6,"F",IF(FV17<5,""))))))) | FY17: =IF(FV17>=75,"Excellent",IF(FV17>=70,"V.Good",IF(FV17>=65,"Good",IF(FV17>=60,"Credit",IF(FV17>=55,"Credit",IF(FV17>=50,"Credit",IF(FV17>=45,"Pass",IF(FV17>=40,"Pass",IF(FV17>=6,"Fail",IF(FV17<5,"")))))))))) | FZ17: 15 | GA17: =Data!B16 -> SUNDAY SUCCESS | GF17: =SUM(GB17:GE17) -> 0 | GH17: =GF17+GG17 -> 0 | GI17: =IF(GH17<10,"",RANK(GH17,GH$3:GH$52)) | GJ17: =IF(GH17>=75,"A",IF(GH17>=70,"B2",IF(GH17>=50,"C",IF(GH17>=45,"D",IF(GH17>=40,"E",IF(GH17>=6,"F",IF(GH17<5,""))))))) | GK17: =IF(GH17>=75,"Excellent",IF(GH17>=70,"V.Good",IF(GH17>=65,"Good",IF(GH17>=60,"Credit",IF(GH17>=55,"Credit",IF(GH17>=50,"Credit",IF(GH17>=45,"Pass",IF(GH17>=40,"Pass",IF(GH17>=6,"Fail",IF(GH17<5,"")))))))))) | GL17: 15 | GM17: =Data!B16 -> SUNDAY SUCCESS | GR17: =SUM(GN17:GQ17) -> 0 | GT17: =GR17+GS17 -> 0 | GU17: =IF(GT17<10,"",RANK(GT17,GT$3:GT$52)) | GV17: =IF(GT17>=75,"A",IF(GT17>=70,"B2",IF(GT17>=50,"C",IF(GT17>=45,"D",IF(GT17>=40,"E",IF(GT17>=6,"F",IF(GT17<5,""))))))) | GW17: =IF(GT17>=75,"Excellent",IF(GT17>=70,"V.Good",IF(GT17>=65,"Good",IF(GT17>=60,"Credit",IF(GT17>=55,"Credit",IF(GT17>=50,"Credit",IF(GT17>=45,"Pass",IF(GT17>=40,"Pass",IF(GT17>=6,"Fail",IF(GT17<5,"")))))))))) | GX17: 15 | GY17: =Data!B16 -> SUNDAY SUCCESS | HD17: =SUM(GZ17:HC17) -> 0 | HF17: =HD17+HE17 -> 0 | HG17: =IF(HF17<10,"",RANK(HF17,HF$3:HF$52)) | HH17: =IF(HF17>=75,"A",IF(HF17>=70,"B2",IF(HF17>=50,"C",IF(HF17>=45,"D",IF(HF17>=40,"E",IF(HF17>=6,"F",IF(HF17<5,""))))))) | HI17: =IF(HF17>=75,"Excellent",IF(HF17>=70,"V.Good",IF(HF17>=65,"Good",IF(HF17>=60,"Credit",IF(HF17>=55,"Credit",IF(HF17>=50,"Credit",IF(HF17>=45,"Pass",IF(HF17>=40,"Pass",IF(HF17>=6,"Fail",IF(HF17<5,"")))))))))) | HJ17: 15 | HK17: =Data!B16 -> SUNDAY SUCCESS | HP17: =SUM(HL17:HO17) -> 0 | HR17: =HP17+HQ17 -> 0 | HS17: =IF(HR17<10,"",RANK(HR17,HR$3:HR$52)) | HT17: =IF(HR17>=75,"A",IF(HR17>=70,"B2",IF(HR17>=50,"C",IF(HR17>=45,"D",IF(HR17>=40,"E",IF(HR17>=6,"F",IF(HR17<5,""))))))) | HU17: =IF(HR17>=75,"Excellent",IF(HR17>=70,"V.Good",IF(HR17>=65,"Good",IF(HR17>=60,"Credit",IF(HR17>=55,"Credit",IF(HR17>=50,"Credit",IF(HR17>=45,"Pass",IF(HR17>=40,"Pass",IF(HR17>=6,"Fail",IF(HR17<5,"")))))))))) | HV17: 15 | HW17: =Data!B16 -> SUNDAY SUCCESS | IB17: =SUM(HX17:IA17) -> 0 | ID17: =IB17+IC17 -> 0 | IE17: =IF(ID17<10,"",RANK(ID17,ID$3:ID$52)) | IF17: =IF(ID17>=75,"A",IF(ID17>=70,"B2",IF(ID17>=50,"C",IF(ID17>=45,"D",IF(ID17>=40,"E",IF(ID17>=6,"F",IF(ID17<5,""))))))) | IG17: =IF(ID17>=75,"Excellent",IF(ID17>=70,"V.Good",IF(ID17>=65,"Good",IF(ID17>=60,"Credit",IF(ID17>=55,"Credit",IF(ID17>=50,"Credit",IF(ID17>=45,"Pass",IF(ID17>=40,"Pass",IF(ID17>=6,"Fail",IF(ID17<5,"")))))))))) | IH17: 15 | II17: =Data!B16 -> SUNDAY SUCCESS | IN17: =SUM(IJ17:IM17) -> 0 | IP17: =IN17+IO17 -> 0 | IQ17: =IF(IP17<10,"",RANK(IP17,IP$3:IP$52)) | IR17: =IF(IP17>=75,"A",IF(IP17>=70,"B2",IF(IP17>=50,"C",IF(IP17>=45,"D",IF(IP17>=40,"E",IF(IP17>=6,"F",IF(IP17<5,""))))))) | IS17: =IF(IP17>=75,"Excellent",IF(IP17>=70,"V.Good",IF(IP17>=65,"Good",IF(IP17>=60,"Credit",IF(IP17>=55,"Credit",IF(IP17>=50,"Credit",IF(IP17>=45,"Pass",IF(IP17>=40,"Pass",IF(IP17>=6,"Fail",IF(IP17<5,"")))))))))) | IT17: 15 | IU17: =II17 -> SUNDAY SUCCESS | IZ17: =SUM(IV17:IY17) -> 0 | JB17: =IZ17+JA17 -> 0 | JC17: =IF(JB17<10,"",RANK(JB17,JB$3:JB$52)) | JD17: =IF(JB17>=75,"A",IF(JB17>=70,"B2",IF(JB17>=50,"C",IF(JB17>=45,"D",IF(JB17>=40,"E",IF(JB17>=6,"F",IF(JB17<5,""))))))) | JE17: =IF(JB17>=75,"Excellent",IF(JB17>=70,"V.Good",IF(JB17>=65,"Good",IF(JB17>=60,"Credit",IF(JB17>=55,"Credit",IF(JB17>=50,"Credit",IF(JB17>=45,"Pass",IF(JB17>=40,"Pass",IF(JB17>=6,"Fail",IF(JB17<5,"")))))))))) | JF17: 15 | JG17: =IU17 -> SUNDAY SUCCESS | JL17: =SUM(JH17:JK17) -> 0 | JN17: =JL17+JM17 -> 0 | JO17: =IF(JN17<10,"",RANK(JN17,JN$3:JN$52)) | JP17: =IF(JN17>=75,"A",IF(JN17>=70,"B2",IF(JN17>=50,"C",IF(JN17>=45,"D",IF(JN17>=40,"E",IF(JN17>=6,"F",IF(JN17<5,""))))))) | JQ17: =IF(JN17>=75,"Excellent",IF(JN17>=70,"V.Good",IF(JN17>=65,"Good",IF(JN17>=60,"Credit",IF(JN17>=55,"Credit",IF(JN17>=50,"Credit",IF(JN17>=45,"Pass",IF(JN17>=40,"Pass",IF(JN17>=6,"Fail",IF(JN17<5,"")))))))))) | JR17: 15 | JS17: =JG17 -> SUNDAY SUCCESS | JX17: =SUM(JT17:JW17) -> 0 | JZ17: =JX17+JY17 -> 0 | KA17: =IF(JZ17<10,"",RANK(JZ17,JZ$3:JZ$52)) | KB17: =IF(JZ17>=75,"A",IF(JZ17>=70,"B2",IF(JZ17>=50,"C",IF(JZ17>=45,"D",IF(JZ17>=40,"E",IF(JZ17>=6,"F",IF(JZ17<5,""))))))) | KC17: =IF(JZ17>=75,"Excellent",IF(JZ17>=70,"V.Good",IF(JZ17>=65,"Good",IF(JZ17>=60,"Credit",IF(JZ17>=55,"Credit",IF(JZ17>=50,"Credit",IF(JZ17>=45,"Pass",IF(JZ17>=40,"Pass",IF(JZ17>=6,"Fail",IF(JZ17<5,""))))))))))
