Workbook

Sheet Data
A1: Admission_No | B1: Names | C1: Class | D1: Age | E1: State of Origin | F1: LGA | G1: Term | H1: Next Term Begins | I1: Password | J1: Email
A2: 1 | B2: AL HASSAN KHALID MUH'D | C2: JSS1 A | D2: 11 | E2: BORNO | F2: MMC | G2: 2nd | H2: 16th January, 2026 | I2: 1111 | J2: aishatuhassan233@gmail.com
A3: 2 | B3: ABATCHA MOHAMMED M. | C3: JSS1 A | D3: 13 | E3: BORNO | F3: NGALA | G3: 2nd | H3: 16th January, 2026 | I3: 1111 | J3: kuburagana@gmail.com
A4: 3 | B4: ABDULKUDUS DAUDA YUSUF | C4: JSS1 A | D4: 11 | E4: YOBE | F4: NGURU | G4: 2nd | H4: 16th January, 2026 | I4: 1111 | J4: mulikat606@gmail.com
A5: 4 | B5: DARIUS DANJUMA | C5: JSS1 A | D5: 12 | E5: BORNO | F5: BIU | G5: 2nd | H5: 16th January, 2026 | I5: 1111 | J5: danjumdanalami@gmail.com
A6: 5 | B6: EZEKIEL DAVID ABANA | C6: JSS1 A | D6: 11 | E6: BORNO | F6: CHIBOK | G6: 2nd | H6: 16th January, 2026 | I6: 1111 | J6: daudaabana645@gmail.com
A7: 6 | B7: ELIJAH EPHRAIM HAGIN | C7: JSS1 A | D7: 10 | E7: BORNO | F7: HAWUL | G7: 2nd | H7: 16th January, 2026 | I7: 1111 | J7: zeelijah277@gmail.com
A8: 7 | B8: IBRAHIM ABDULLAHI HASHIM | C8: JSS1 A | D8: 13 | E8: BORNO | F8: MMC | G8: 2nd | H8: 16th January, 2026 | I8: 1111 | J8: alhabdulkli@gmail.com
A9: 8 | B9: MOHAMMED MARTE | C9: JSS1 A | D9: 11 | E9: BORNO | F9: BADRUM | G9: 2nd | H9: 16th January, 2026 | I9: 1111 | J9: muhammadamarte54@gmail.com
A10: 9 | B10: MUHAMMAD BABAGANA M. | C10: JSS1 A | D10: 12 | E10: BORNO | F10: MMC | G10: 2nd | H10: 16th January, 2026 | I10: 1111 | J10: bgmammami10@gmail.com
A11: 10 | B11: MUHAMMED MODUYE | C11: JSS1 A | D11: 12 | E11: BORNO | F11: MMC | G11: 2nd | H11: 16th January, 2026 | I11: 1111 | J11: zaramuhammad@gmail.com
A12: 11 | B12: MUHAMMED M RABIU | C12: JSS1 A | D12: 11 | E12: BORNO | F12: BIU | G12: 2nd | H12: 16th January, 2026 | I12: 1111 | J12: rabiu3030@gmail.com
A13: 12 | B13: FATIMA ABDULRAZAK KADI | C13: JSS1 A | G13: 2nd | H13: 16th January, 2026 | I13: 1111 | J13: arikbik2010@gmail.com
A14: 13 | B14: SADIQ BUKAR ALLAU | C14: JSS1 A | D14: 11 | E14: BORNO | F14: KUNDUGA | G14: 2nd | H14: 16th January, 2026 | I14: 1111 | J14: musbuk2012@gmail.com
A15: 14 | B15: USMAN MUHAMMED USMAN | C15: JSS1 A | D15: 11 | E15: BORNO | F15: MMC | G15: 2nd | H15: 16th January, 2026 | I15: 1111 | J15: muhammadusman6969@gmail.com
A16: 15 | B16: ABUBAKAR AHMED HADIZA | C16: JSS1 A | D16: 12 | E16: BORNO | F16: JERE | G16: 2nd | H16: 16th January, 2026 | I16: 1111 | J16: ahmedabubakarglobalventures@gmail.com
A17: 16 | B17: ABDULHAMID AISHA | C17: JSS1 A | D17: 11 | E17: BORNO | F17: JERE | G17: 2nd | H17: 16th January, 2026 | I17: 1111 | J17: amaaluminium@gmail.com
A18: 17 | B18: BUKAR MUHAMMED HAUWA | C18: JSS1 A | D18: 13 | E18: BORNO | F18: NGANZAI | G18: 2nd | H18: 16th January, 2026 | I18: 1111 | J18: alargemb@gmail.com
A19: 18 | B19: BALLAMA MUH'D HALIMA | C19: JSS1 A | D19: 11 | E19: BORNO | F19: DIKWA | G19: 2nd | H19: 16th January, 2026 | I19: 1111 | J19: mbj5643@gmail.com
A20: 19 | B20: HALIM ALHAJI MAI | C20: JSS1 A | D20: 12 | E20: BORNO | F20: ASKIRA/UBA | G20: 2nd | H20: 16th January, 2026 | I20: 1111 | J20: alhajimai@gmail.com
A21: 20 | B21: JAMIMA JOHN JOSEPH | C21: JSS1 A | D21: 11 | E21: PLATEAU | F21: KANKE | G21: 2nd | H21: 16th January, 2026 | I21: 1111 | J21: helensunday135@gmail.com
A22: 21 | B22: JAFIDA MICHAEL PAPKA | C22: JSS1 A | D22: 11 | E22: BORNO | F22: ASKIRA/UBA | G22: 2nd | H22: 16th January, 2026 | I22: 1111 | J22: papkamichael2017@gmail.com
A23: 22 | B23: LUJAIN ADAMU ISAH | C23: JSS1 A | D23: 10 | E23: BORNO | F23: BIU | G23: 2nd | H23: 16th January, 2026 | I23: 1111 | J23: adamuisa2006@gmail.com
A24: 23 | B24: KABIR LUKMAN ZULAIKA | C24: JSS1 A | D24: 12 | E24: LAGOS | F24: IKORODU | G24: 2nd | H24: 16th January, 2026 | I24: 1111 | J24: lukmansholakabir@gmail.com
A25: 24 | B25: KALTUM ABBA AJIKOLO | C25: JSS1 A | D25: 11 | E25: BORNO | F25: MMC | G25: 2nd | H25: 16th January, 2026 | I25: 1111 | J25: hauwaalisadiq@gmail.com
... A40: 39 | B40: JAMES EMMANUEL | C40: JSS1 A | D40: 11 | E40: BORNO | F40: GWOZA | G40: 2nd | H40: 16th January, 2026 | I40: 1111 | J40: jtalake@gmail.com
A41: 40 | B41: FAVOUR SHANNA M. | C41: JSS1 A | D41: 11 | E41: BORNO | F41: HAWUL | G41: 2nd | H41: 16th January, 2026 | I41: 1111
A42: 41 | B42: ISHAQ MUHAMMED NUR | C42: JSS1 A | D42: 12 | E42: BORNO | F42: JERE | G42: 2nd | H42: 17th January, 2026 | I42: 1111

Sheet Comments
A1: Admission_No | B1: Comments | C1: Position of authourity
A2: 1 | B2: Calm and obedient | C2: Nil
A3: 2 | B3: Calm and obedient | C3: Board master
A4: 3 | B4: Calm and obedient | C4: Nil
A5: 4 | B5: Calm and obedient | C5: Nil
A6: 5 | B6: Calm and obedient | C6: Nil
A7: 6 | B7: Calm and obedient | C7: Nil
A8: 7 | B8: Calm and obedient | C8: Nil
A9: 8 | B9: Calm and obedient | C9: Nil
A10: 9 | B10: Calm and obedient | C10: Nil
A11: 10 | B11: Intelligent but quite playful | C11: Nil
A12: 11 | B12: Calm and obedient | C12: Nil
A13: 12 | B13: Calm and obedient | C13: Nil
... A41: 40 | B41: Calm and obedient | C41: Nil

Sheet Behaviour
A1: Admission_No | B1: Puntuality | C1: Attendance in class | D1: Neatness | E1: Politeness | F1: Honesty | G1: Attentiveness | H1: Obedience | I1: Self Control
A2: 1 | B2: 3 | C2: 5 | D2: 3 | E2: 3 | F2: 2 | G2: 3 | H2: 2 | I2: 4
A3: 2 | B3: 3 | C3: 5 | D3: 3 | E3: 3 | F3: 2 | G3: 4 | H3: 2 | I3: 4
A4: 3 | B4: 3 | C4: 5 | D4: 3 | E4: 3 | F4: 2 | G4: 3 | H4: 2 | I4: 4
A5: 4 | B5: 3 | C5: 5 | D5: 3 | E5: 3 | F5: 2 | G5: 4 | H5: 2 | I5: 4
A6: 5 | B6: 3 | C6: 5 | D6: 3 | E6: 3 | F6: 2 | G6: 4 | H6: 2 | I6: 4
A7: 6 | B7: 3 | C7: 5 | D7: 3 | E7: 3 | F7: 2 | G7: 4 | H7: 2 | I7: 4
A8: 7 | B8: 2 | C8: 5 | D8: 3 | E8: 3 | F8: 2 | G8: 3 | H8: 2 | I8: 4
A9: 8 | B9: 3 | C9: 5 | D9: 3 | E9: 3 | F9: 2 | G9: 4 | H9: 2 | I9: 4
A10: 9 | B10: 3 | C10: 5 | D10: 3 | E10: 3 | F10: 2 | G10: 3 | H10: 2 | I10: 4
A11: 10 | B11: 4 | C11: 5 | D11: 3 | E11: 3 | F11: 2 | G11: 3 | H11: 2 | I11: 4
A12: 11 | B12: 4 | C12: 3 | D12: 3 | E12: 3 | F12: 2 | G12: 4 | H12: 2 | I12: 4
A13: 12 | B13: 2 | C13: 5 | D13: 3 | E13: 3 | F13: 2 | G13: 4 | H13: 2 | I13: 4
... A41: 40 | B41: 4 | C41: 5 | D41: 3 | E41: 3 | F41: 2 | G41: 4 | H41: 2 | I41: 4
B42: 3 | C42: 5 | D42: 3 | E42: 3 | F42: 2 | G42: 4 | H42: 2 | I42: 4
B43: 4 | C43: 5 | D43: 3 | E43: 3 | F43: 2 | G43: 4 | H43: 2 | I43: 4
B44: 3 | C44: 5 | D44: 3 | E44: 3 | F44: 2 | G44: 4 | H44: 2 | I44: 4
B45: 3 | C45: 5 | D45: 3 | E45: 3 | F45: 2 | G45: 4 | H45: 2 | I45: 4
B46: 4 | C46: 5 | D46: 3 | E46: 3 | F46: 2 | G46: 4 | H46: 2 | I46: 4
B47: 4 | C47: 5 | D47: 3 | E47: 3 | F47: 2 | G47: 4 | H47: 2 | I47: 4
B48: 4 | C48: 5 | D48: 3 | E48: 3 | F48: 2 | G48: 4 | H48: 2 | I48: 4
B49: 4 | C49: 5 | D49: 3 | E49: 3 | F49: 2 | G49: 4 | H49: 2 | I49: 4
B50: 4 | C50: 5 | D50: 3 | E50: 3 | F50: 2 | G50: 4 | H50: 2 | I50: 4
B51: 4 | C51: 5 | D51: 3 | E51: 3 | F51: 2 | G51: 4 | H51: 2 | I51: 4

Sheet Skills
A1: Admission_No | B1: Handwriting | C1: Musical Skill | D1: Craft | E1: Games | F1: Fluency
A2: 1 | B2: 4 | C2: 3 | D2: 3 | E2: 5 | F2: 3
A3: 2 | B3: 3 | C3: 3 | D3: 3 | E3: 5 | F3: 3
A4: 3 | B4: 4 | C4: 3 | D4: 3 | E4: 5 | F4: 3
A5: 4 | B5: 4 | C5: 3 | D5: 3 | E5: 5 | F5: 3
A6: 5 | B6: 4 | C6: 3 | D6: 3 | E6: 5 | F6: 3
A7: 6 | B7: 4 | C7: 3 | D7: 3 | E7: 5 | F7: 3
A8: 7 | B8: 3 | C8: 3 | D8: 3 | E8: 5 | F8: 3
A9: 8 | B9: 4 | C9: 3 | D9: 3 | E9: 5 | F9: 3
A10: 9 | B10: 4 | C10: 3 | D10: 3 | E10: 5 | F10: 3
A11: 10 | B11: 4 | C11: 3 | D11: 3 | E11: 5 | F11: 3
A12: 11 | B12: 3 | C12: 3 | D12: 3 | E12: 5 | F12: 3
A13: 12 | B13: 4 | C13: 3 | D13: 3 | E13: 5 | F13: 3
... A41: 40 | B41: 4 | C41: 3 | D41: 3 | E41: 5 | F41: 3
B42: 4 | C42: 3 | D42: 3 | E42: 5 | F42: 3
B43: 4 | C43: 3 | D43: 3 | E43: 5 | F43: 3
B44: 4 | C44: 3 | D44: 3 | E44: 5 | F44: 3
B45: 4 | C45: 5 | D45: 3 | E45: 5 | F45: 3
B46: 4 | C46: 5 | D46: 3 | E46: 5 | F46: 3
B47: 4 | C47: 5 | D47: 3 | E47: 5 | F47: 3
B48: 4 | C48: 5 | D48: 3 | E48: 5 | F48: 3
B49: 4 | C49: 3 | D49: 3 | E49: 5 | F49: 3
B50: 4 | C50: 3 | D50: 3 | E50: 5 | F50: 3
B51: 4 | C51: 3 | D51: 3 | E51: 5 | F51: 3

Sheet Scoresheet
C1: English | K1: MATHEMATICS | S1: Basic Technology | AD1: C.R.K. | AL1: Social Studies | AT1: Agric Science | BB1: Basic Science | BJ1: Business Studies | BR1: Computer Science | BZ1: Home Economics | CH1: P.H.E. | CP1: Fine Art | CX1: French | DF1: Hausa | DN1: Civic Education | DV1: Literature | ED1: History | EL1: I.R.K.
A2: Admission_No | B2: Names | C2: 1st C. A. | D2: 2st C. A. | E2: 3st C. A. | F2: 4st C. A. | G2: Total C. A. | H2: Exam | I2: Total | K2: 1st C. A. | L2: 2st C. A. | M2: 3st C. A. | N2: 4st C. A. | O2: Total C. A. | P2: Exam | Q2: Total | S2: 1st C. A. | T2: 2st C. A. | U2: 3st C. A. | V2: 4st C. A. | W2: Total C. A. | X2: Exam | Y2: Total | Z2: Position | AA2: Grade | AB2: Teacher's Comment | AD2: 1st C. A. | AE2: 2st C. A. | AF2: 3st C. A. | AG2: 4st C. A. | AH2: Total C. A. | AI2: Exam | AJ2: Total | AL2: 1st C. A. | AM2: 2st C. A. | AN2: 3st C. A. | AO2: 4st C. A. | AP2: Total C. A. | AQ2: Exam | AR2: Total | AT2: 1st C. A. | AU2: 2st C. A. | AV2: 3st C. A. | AW2: 4st C. A. | AX2: Total C. A. | AY2: Exam | AZ2: Total | BB2: 1st C. A. | BC2: 2st C. A. | BD2: 3st C. A. | BE2: 4st C. A. | BF2: Total C. A. | BG2: Exam | BH2: Total | BJ2: 1st C. A. | BK2: 2st C. A. | BL2: 3st C. A. | BM2: 4st C. A. | BN2: Total C. A. | BO2: Exam | BP2: Total | BR2: 1st C. A. | BS2: 2st C. A. | BT2: 3st C. A. | BU2: 4st C. A. | BV2: Total C. A. | BW2: Exam | BX2: Total | BZ2: 1st C. A. | CA2: 2st C. A. | CB2: 3st C. A. | CC2: 4st C. A. | CD2: Total C. A. | CE2: Exam | CF2: Total | CH2: 1st C. A. | CI2: 2st C. A. | CJ2: 3st C. A. | CK2: 4st C. A. | CL2: Total C. A. | CM2: Exam | CN2: Total | CP2: 1st C. A. | CQ2: 2st C. A. | CR2: 3st C. A. | CS2: 4st C. A. | CT2: Total C. A. | CU2: Exam | CV2: Total | CX2: 1st C. A. | CY2: 2st C. A. | CZ2: 3st C. A. | DA2: 4st C. A. | DB2: Total C. A. | DC2: Exam | DD2: Total | DF2: 1st C. A. | DG2: 2st C. A. | DH2: 3st C. A. | DI2: 4st C. A. | DJ2: Total C. A. | DK2: Exam | DL2: Total | DN2: 1st C. A. | DO2: 2st C. A. | DP2: 3st C. A. | DQ2: 4st C. A. | DR2: Total C. A. | DS2: Exam | DT2: Total | DV2: 1st C. A. | DW2: 2st C. A. | DX2: 3st C. A. | DY2: 4st C. A. | DZ2: Total C. A. | EA2: Exam | EB2: Total | ED2: 1st C. A. | EE2: 2st C. A. | EF2: 3st C. A. | EG2: 4st C. A. | EH2: Total C. A. | EI2: Exam | EJ2: Total | EL2: 1st C. A. | EM2: 2st C. A. | EN2: 3st C. A. | EO2: 4st C. A. | EP2: Total C. A. | EQ2: Exam | ER2: Total
A3: 1 | B3: AL HASSAN KHALID MUH'D | C3: 5 | D3: 5 | E3: 9 | F3: 10 | G3: =SUM(C3:F3) -> 29 | H3: 26 | I3: =G3+H3 -> 55 | K3: 3 | L3: 8 | M3: 10 | N3: 10 | O3: =SUM(K3:N3) -> 31 | P3: 26 | Q3: =O3+P3 -> 57 | S3: 5 | T3: 3 | U3: 5 | V3: 6 | W3: =SUM(S3:V3) -> 19 | X3: 30 | Y3: =W3+X3 -> 49 | Z3: =IF(Y3<10,"",RANK(Y3,Y$3:Y$52)) -> 29 | AA3: =IF(Y3>=70,"A",IF(Y3>=50,"C",IF(Y3>=45,"P",IF(Y3>=6,"F",IF(Y3<5,""))))) -> P | AB3: =IF(Y3>=70,"Excellent",IF(Y3>=50,"Credit",IF(Y3>=45,"Pass",IF(Y3>=6,"Fail",IF(Y3<5,""))))) -> Pass | AH3: =SUM(AD3:AG3) -> 0 | AJ3: =AH3+AI3 -> 0 | AL3: 1 | AM3: 3 | AN3: 8 | AO3: 8 | AP3: =SUM(AL3:AO3) -> 20 | AQ3: 21 | AR3: =AP3+AQ3 -> 41 | AT3: 1 | AU3: 1 | AV3: 10 | AW3: 9 | AX3: 21 | AY3: 19 | AZ3: 40 | BB3: 4 | BC3: 0 | BD3: 7 | BE3: 4 | BF3: 15 | BG3: 38 | BH3: 53 | BJ3: 6 | BK3: 5 | BL3: 10 | BM3: 10 | BN3: 31 | BO3: 14 | BP3: 45 | BR3: 8 | BS3: 2 | BT3: 7 | BU3: 10 | BV3: 27 | BW3: 31 | BX3: 58 | BZ3: 3 | CA3: 8 | CB3: 10 | CC3: 10 | CD3: 31 | CE3: 29 | CF3: 60 | CH3: 1 | CI3: 2 | CJ3: 10 | CK3: 10 | CL3: 23 | CM3: 23 | CN3: 46 | CP3: 7 | CQ3: 2 | CR3: 10 | CS3: 8 | CT3: 27 | CU3: 29 | CV3: 56 | CX3: 3 | CY3: 3 | CZ3: 10 | DA3: 10 | DB3: 26 | DC3: 22 | DD3: 48 | DF3: 5 | DG3: 6 | DH3: 3 | DI3: 10 | DJ3: 24 | DK3: 41 | DL3: 65 | DN3: 6 | DO3: 2 | DP3: 4 | DQ3: 5 | DR3: 17 | DS3: 14 | DT3: 31 | DV3: 4 | DW3: 3 | DX3: 8 | DY3: 10 | DZ3: 25 | EA3: 22 | EB3: 47 | ED3: 4 | EE3: 4 | EF3: 9 | EG3: 10 | EH3: 27 | EI3: 31 | EJ3: 58 | EL3: 5 | EM3: 4 | EN3: 10 | EO3: 10 | EP3: 29 | EQ3: 24 | ER3: 53
A4: 2 | B4: ABATCHA MOHAMMED M. | C4: 2 | D4: 4 | E4: 8 | F4: 9 | G4: =SUM(C4:F4) -> 23 | H4: 14 | I4: =G4+H4 -> 37 | K4: 3 | L4: 5 | M4: 10 | N4: 10 | O4: =SUM(K4:N4) -> 28 | P4: 31 | Q4: =O4+P4 -> 59 | S4: 7 | T4: 4 | U4: 5 | V4: 5 | W4: =SUM(S4:V4) -> 21 | X4: 26 | Y4: =W4+X4 -> 47 | Z4: =IF(Y4<10,"",RANK(Y4,Y$3:Y$52)) -> 31 | AA4: =IF(Y4>=70,"A",IF(Y4>=50,"C",IF(Y4>=45,"P",IF(Y4>=6,"F",IF(Y4<5,""))))) -> P | AB4: =IF(Y4>=70,"Excellent",IF(Y4>=50,"Credit",IF(Y4>=45,"Pass",IF(Y4>=6,"Fail",IF(Y4<5,""))))) -> Pass | AH4: =SUM(AD4:AG4) -> 0 | AJ4: =AH4+AI4 -> 0 | AL4: 1 | AM4: 1 | AN4: 8 | AO4: 8 | AP4: =SUM(AL4:AO4) -> 18 | AQ4: 22 | AR4: =AP4+AQ4 -> 40 | AT4: 1 | AU4: 1 | AV4: 5 | AW4: 4 | AX4: 11 | AY4: 13 | AZ4: 24 | BB4: 3 | BC4: 2 | BD4: 3 | BE4: 2 | BF4: 10 | BG4: 31 | BH4: 41 | BJ4: 4 | BK4: 6 | BL4: 8 | BM4: 10 | BN4: 28 | BO4: 22 | BP4: 50 | BR4: 3 | BS4: 4 | BT4: 7 | BU4: 10 | BV4: 24 | BW4: 20 | BX4: 44 | BZ4: 3 | CA4: 3 | CB4: 8 | CC4: 6 | CD4: 20 | CE4: 27 | CF4: 47 | CH4: 2 | CI4: 2 | CJ4: 5 | CK4: 10 | CL4: 19 | CM4: 22 | CN4: 41 | CP4: 5 | CQ4: 1 | CR4: 7 | CS4: 6 | CT4: 19 | CU4: 20 | CV4: 39 | CX4: 3 | CY4: 5 | CZ4: 9 | DA4: 10 | DB4: 27 | DC4: 17 | DD4: 44 | DF4: 4 | DG4: 2 | DH4: 8 | DI4: 9 | DJ4: 23 | DK4: 31 | DL4: 54 | DN4: 1 | DO4: 1 | DP4: 4 | DQ4: 6 | DR4: 12 | DS4: 9 | DT4: 21 | DV4: 2 | DW4: 2 | DX4: 7 | DY4: 10 | DZ4: 21 | EA4: 22 | EB4: 43 | ED4: 5 | EE4: 2 | EF4: 10 | EG4: 10 | EH4: 27 | EI4: 15 | EJ4: 42 | EL4: 9 | EM4: 2 | EP4: 11 | EQ4: 23 | ER4: 34
A5: 3 | B5: ABDULKUDUS DAUDA YUSUF | C5: 3 | D5: 5 | E5: 10 | F5: 10 | G5: =SUM(C5:F5) -> 28 | H5: 26 | I5: =G5+H5 -> 54 | K5: 9 | L5: 3 | M5: 10 | N5: 10 | O5: =SUM(K5:N5) -> 32 | P5: 29 | Q5: =O5+P5 -> 61 | S5: 9 | T5: 5 | U5: 5 | V5: 9 | W5: =SUM(S5:V5) -> 28 | X5: 30 | Y5: =W5+X5 -> 58 | Z5: =IF(Y5<10,"",RANK(Y5,Y$3:Y$52)) -> 19 | AA5: =IF(Y5>=70,"A",IF(Y5>=50,"C",IF(Y5>=45,"P",IF(Y5>=6,"F",IF(Y5<5,""))))) -> C | AB5: =IF(Y5>=70,"Excellent",IF(Y5>=50,"Credit",IF(Y5>=45,"Pass",IF(Y5>=6,"Fail",IF(Y5<5,""))))) -> Credit | AH5: =SUM(AD5:AG5) -> 0 | AJ5: =AH5+AI5 -> 0 | AL5: 1 | AM5: 9 | AN5: 8 | AO5: 7 | AP5: =SUM(AL5:AO5) -> 25 | AQ5: 16 | AR5: =AP5+AQ5 -> 41 | AT5: 1 | AU5: 5 | AV5: 10 | AW5: 8 | AX5: 24 | AY5: 27 | AZ5: 51 | BB5: 6 | BC5: 7 | BD5: 7 | BE5: 8 | BF5: 28 | BG5: 40 | BH5: 68 | BJ5: 8 | BK5: 7 | BL5: 8 | BM5: 8 | BN5: 31 | BO5: 32 | BP5: 63 | BR5: 8 | BS5: 9 | BT5: 10 | BU5: 10 | BV5: 37 | BW5: 25 | BX5: 62 | BZ5: 8 | CA5: 8 | CB5: 10 | CC5: 10 | CD5: 36 | CE5: 39 | CF5: 75 | CH5: 3 | CI5: 6 | CJ5: 8 | CK5: 10 | CL5: 27 | CM5: 38 | CN5: 65 | CP5: 7 | CQ5: 3 | CR5: 10 | CS5: 8 | CT5: 28 | CU5: 27 | CV5: 55 | CX5: 4 | CY5: 2 | CZ5: 10 | DA5: 9 | DB5: 25 | DC5: 20 | DD5: 45 | DF5: 5 | DG5: 3 | DH5: 1 | DI5: 10 | DJ5: 19 | DK5: 42 | DL5: 61 | DN5: 6 | DO5: 8 | DP5: 6 | DQ5: 10 | DR5: 30 | DS5: 21 | DT5: 51 | DV5: 5 | DW5: 5 | DX5: 10 | DY5: 10 | DZ5: 30 | EA5: 28 | EB5: 58 | ED5: 5 | EE5: 7 | EF5: 10 | EG5: 10 | EH5: 32 | EI5: 45 | EJ5: 77 | EL5: 7 | EM5: 1 | EN5: 10 | EO5: 10 | EP5: 28 | EQ5: 27 | ER5: 55
A6: 4 | B6: DARIUS DANJUMA | C6: 3 | E6: 8 | F6: 8 | G6: =SUM(C6:F6) -> 19 | H6: 16 | I6: =G6+H6 -> 35 | K6: 1 | L6: 1 | M6: 10 | N6: 10 | O6: =SUM(K6:N6) -> 22 | P6: 15 | Q6: =O6+P6 -> 37 | S6: 7 | T6: 2 | U6: 5 | V6: 5 | W6: =SUM(S6:V6) -> 19 | X6: 16 | Y6: =W6+X6 -> 35 | Z6: =IF(Y6<10,"",RANK(Y6,Y$3:Y$52)) -> 37 | AA6: =IF(Y6>=70,"A",IF(Y6>=50,"C",IF(Y6>=45,"P",IF(Y6>=6,"F",IF(Y6<5,""))))) -> F | AB6: =IF(Y6>=70,"Excellent",IF(Y6>=50,"Credit",IF(Y6>=45,"Pass",IF(Y6>=6,"Fail",IF(Y6<5,""))))) -> Fail | AD6: 1 | AE6: 1 | AF6: 1 | AG6: 2 | AH6: =SUM(AD6:AG6) -> 5 | AI6: 14 | AJ6: =AH6+AI6 -> 19 | AL6: 1 | AM6: 1 | AN6: 7 | AO6: 8 | AP6: =SUM(AL6:AO6) -> 17 | AQ6: 6 | AR6: =AP6+AQ6 -> 23 | AT6: 1 | AU6: 1 | AV6: 5 | AW6: 4 | AX6: 11 | AY6: 18 | AZ6: 29 | BB6: 1 | BD6: 2 | BE6: 4 | BF6: 7 | BG6: 12 | BH6: 19 | BJ6: 3 | BL6: 8 | BM6: 9 | BN6: 20 | BO6: 14 | BP6: 34 | BR6: 2 | BT6: 8 | BU6: 9 | BV6: 19 | BW6: 15 | BX6: 34 | BZ6: 1 | CA6: 1 | CB6: 10 | CC6: 10 | CD6: 22 | CE6: 15 | CF6: 37 | CH6: 1 | CI6: 2 | CJ6: 8 | CK6: 10 | CL6: 21 | CM6: 7 | CN6: 28 | CP6: 2 | CQ6: 4 | CR6: 7 | CS6: 7 | CT6: 20 | CU6: 15 | CV6: 35 | CX6: 2 | CY6: 2 | CZ6: 9 | DA6: 10 | DB6: 23 | DC6: 16 | DD6: 39 | DF6: 1 | DH6: 6 | DI6: 9 | DJ6: 16 | DK6: 13 | DL6: 29 | DN6: 1 | DO6: 1 | DP6: 4 | DQ6: 4 | DR6: 10 | DS6: 10 | DT6: 20 | DV6: 1 | DX6: 8 | DY6: 8 | DZ6: 17 | EA6: 10 | EB6: 27 | ED6: 2 | EE6: 2 | EF6: 7 | EG6: 8 | EH6: 19 | EI6: 9 | EJ6: 28 | EP6: 0 | ER6: 0
A7: 5 | B7: EZEKIEL DAVID ABANA | C7: 7 | D7: 6 | E7: 8 | F7: 8 | G7: =SUM(C7:F7) -> 29 | H7: 32 | I7: =G7+H7 -> 61 | K7: 7 | L7: 5 | N7: 10 | O7: =SUM(K7:N7) -> 22 | P7: 29 | Q7: =O7+P7 -> 51 | S7: 8 | T7: 7 | U7: 5 | V7: 5 | W7: =SUM(S7:V7) -> 25 | X7: 38 | Y7: =W7+X7 -> 63 | Z7: =IF(Y7<10,"",RANK(Y7,Y$3:Y$52)) -> 13 | AA7: =IF(Y7>=70,"A",IF(Y7>=50,"C",IF(Y7>=45,"P",IF(Y7>=6,"F",IF(Y7<5,""))))) -> C | AB7: =IF(Y7>=70,"Excellent",IF(Y7>=50,"Credit",IF(Y7>=45,"Pass",IF(Y7>=6,"Fail",IF(Y7<5,""))))) -> Credit | AD7: 6 | AE7: 2 | AF7: 2 | AG7: 5 | AH7: =SUM(AD7:AG7) -> 15 | AI7: 45 | AJ7: =AH7+AI7 -> 60 | AL7: 3 | AM7: 3 | AN7: 8 | AO7: 7 | AP7: =SUM(AL7:AO7) -> 21 | AQ7: 21 | AR7: =AP7+AQ7 -> 42 | AT7: 2 | AU7: 2 | AV7: 5 | AW7: 7 | AX7: 16 | AY7: 19 | AZ7: 35 | BB7: 2 | BC7: 1 | BD7: 4 | BE7: 3 | BF7: 10 | BG7: 49 | BH7: 59 | BJ7: 7 | BK7: 7 | BL7: 10 | BM7: 8 | BN7: 32 | BO7: 26 | BP7: 58 | BR7: 5 | BS7: 7 | BT7: 8 | BU7: 10 | BV7: 30 | BW7: 28 | BX7: 58 | BZ7: 6 | CA7: 8 | CB7: 6 | CC7: 5 | CD7: 25 | CE7: 37 | CF7: 62 | CH7: 4 | CI7: 8 | CL7: 12 | CM7: 48 | CN7: 60 | CP7: 7 | CQ7: 4 | CR7: 7 | CS7: 7 | CT7: 25 | CU7: 25 | CV7: 50 | CX7: 3 | CY7: 4 | CZ7: 10 | DA7: 10 | DB7: 27 | DC7: 19 | DD7: 46 | DF7: 5 | DG7: 3 | DH7: 5 | DI7: 4 | DJ7: 17 | DK7: 12 | DL7: 29 | DN7: 1 | DO7: 2 | DP7: 5 | DQ7: 5 | DR7: 13 | DS7: 17 | DT7: 30 | DV7: 2 | DW7: 2 | DX7: 7 | DY7: 10 | DZ7: 21 | EA7: 17 | EB7: 38 | ED7: 8 | EE7: 2 | EF7: 8 | EG7: 10 | EH7: 28 | EI7: 26 | EJ7: 54 | EP7: 0 | ER7: 0
A8: 6 | B8: ELIJAH EPHRAIM HAGIN | C8: 10 | D8: 8 | E8: 10 | F8: 10 | G8: =SUM(C8:F8) -> 38 | H8: 50 | I8: =G8+H8 -> 88 | K8: 9 | L8: 7 | M8: 10 | N8: 10 | O8: =SUM(K8:N8) -> 36 | P8: 42 | Q8: =O8+P8 -> 78 | S8: 7 | T8: 7 | U8: 5 | V8: 5 | W8: =SUM(S8:V8) -> 24 | X8: 47 | Y8: =W8+X8 -> 71 | Z8: =IF(Y8<10,"",RANK(Y8,Y$3:Y$52)) -> 9 | AA8: =IF(Y8>=70,"A",IF(Y8>=50,"C",IF(Y8>=45,"P",IF(Y8>=6,"F",IF(Y8<5,""))))) -> A | AB8: =IF(Y8>=70,"Excellent",IF(Y8>=50,"Credit",IF(Y8>=45,"Pass",IF(Y8>=6,"Fail",IF(Y8<5,""))))) -> Excellent | AD8: 8 | AE8: 8 | AF8: 2 | AG8: 10 | AH8: =SUM(AD8:AG8) -> 28 | AI8: 53 | AJ8: =AH8+AI8 -> 81 | AL8: 4 | AM8: 8 | AN8: 9 | AO8: 8 | AP8: =SUM(AL8:AO8) -> 29 | AQ8: 43 | AR8: =AP8+AQ8 -> 72 | AT8: 8 | AU8: 5 | AV8: 10 | AW8: 4 | AX8: 27 | AY8: 49 | AZ8: 76 | BB8: 8 | BC8: 7 | BD8: 6 | BE8: 8 | BF8: 29 | BG8: 53 | BH8: 82 | BJ8: 8 | BK8: 10 | BL8: 10 | BM8: 9 | BN8: 37 | BO8: 40 | BP8: 77 | BR8: 9 | BS8: 9 | BT8: 8 | BU8: 10 | BV8: 36 | BW8: 52 | BX8: 88 | BZ8: 7 | CA8: 7 | CB8: 10 | CC8: 10 | CD8: 34 | CE8: 39 | CF8: 73 | CH8: 8 | CI8: 7 | CJ8: 5 | CK8: 8 | CL8: 28 | CM8: 41 | CN8: 69 | CP8: 7 | CQ8: 5 | CR8: 10 | CS8: 7 | CT8: 29 | CU8: 40 | CV8: 69 | CX8: 3 | CY8: 9 | CZ8: 10 | DA8: 10 | DB8: 32 | DC8: 44 | DD8: 76 | DF8: 10 | DG8: 1 | DH8: 2 | DI8: 4 | DJ8: 17 | DK8: 33 | DL8: 50 | DN8: 2 | DO8: 6 | DP8: 5 | DQ8: 9 | DR8: 22 | DS8: 42 | DT8: 64 | DV8: 10 | DW8: 5 | DX8: 10 | DY8: 10 | DZ8: 35 | EA8: 47 | EB8: 82 | ED8: 8 | EE8: 4 | EF8: 6 | EG8: 10 | EH8: 28 | EI8: 40 | EJ8: 68 | EP8: 0 | ER8: 0
A9: 7 | B9: IBRAHIM ABDULLAHI HASHIM | C9: 8 | D9: 10 | E9: 9 | F9: 10 | G9: =SUM(C9:F9) -> 37 | H9: 48 | I9: =G9+H9 -> 85 | K9: 10 | L9: 8 | M9: 10 | N9: 10 | O9: =SUM(K9:N9) -> 38 | P9: 57 | Q9: =O9+P9 -> 95 | S9: 9 | T9: 8 | U9: 5 | V9: 10 | W9: =SUM(S9:V9) -> 32 | X9: 51 | Y9: =W9+X9 -> 83 | Z9: =IF(Y9<10,"",RANK(Y9,Y$3:Y$52)) -> 2 | AA9: =IF(Y9>=70,"A",IF(Y9>=50,"C",IF(Y9>=45,"P",IF(Y9>=6,"F",IF(Y9<5,""))))) -> A | AB9: =IF(Y9>=70,"Excellent",IF(Y9>=50,"Credit",IF(Y9>=45,"Pass",IF(Y9>=6,"Fail",IF(Y9<5,""))))) -> Excellent | AH9: =SUM(AD9:AG9) -> 0 | AJ9: =AH9+AI9 -> 0 | AL9: 10 | AM9: 8 | AN9: 10 | AO9: 9 | AP9: =SUM(AL9:AO9) -> 37 | AQ9: 39 | AR9: =AP9+AQ9 -> 76 | AT9: 9 | AU9: 6 | AV9: 10 | AW9: 10 | AX9: 35 | AY9: 49 | AZ9: 84 | BB9: 10 | BC9: 7 | BD9: 10 | BE9: 10 | BF9: 37 | BG9: 55 | BH9: 92 | BJ9: 8 | BK9: 10 | BL9: 10 | BM9: 8 | BN9: 36 | BO9: 54 | BP9: 90 | BR9: 10 | BS9: 10 | BT9: 10 | BU9: 10 | BV9: 40 | BW9: 51 | BX9: 91 | BZ9: 5 | CA9: 8 | CB9: 10 | CC9: 10 | CD9: 33 | CE9: 47 | CF9: 80 | CH9: 7 | CI9: 10 | CJ9: 10 | CK9: 10 | CL9: 37 | CM9: 53 | CN9: 90 | CP9: 7 | CR9: 9 | CS9: 7 | CT9: 23 | CU9: 45 | CV9: 68 | CX9: 5 | CY9: 9 | CZ9: 10 | DA9: 10 | DB9: 34 | DC9: 28 | DD9: 62 | DF9: 10 | DG9: 7 | DH9: 3 | DI9: 10 | DJ9: 30 | DK9: 49 | DL9: 79 | DN9: 9 | DO9: 4 | DP9: 7 | DQ9: 9 | DR9: 29 | DS9: 50 | DT9: 79 | DV9: 8 | DW9: 8 | DX9: 8 | DY9: 10 | DZ9: 34 | EA9: 50 | EB9: 84 | ED9: 9 | EE9: 7 | EF9: 10 | EG9: 10 | EH9: 36 | EI9: 48 | EJ9: 84 | EL9: 10 | EM9: 6 | EN9: 5 | EO9: 5 | EP9: 26 | EQ9: 45 | ER9: 71
A10: 8 | B10: MOHAMMED MARTE | C10: 2 | D10: 2 | E10: 8 | F10: 8 | G10: =SUM(C10:F10) -> 20 | H10: 7 | I10: =G10+H10 -> 27 | K10: 1 | L10: 1 | M10: 10 | N10: 10 | O10: =SUM(K10:N10) -> 22 | P10: 16 | Q10: =O10+P10 -> 38 | S10: 1 | T10: 2 | U10: 5 | V10: 5 | W10: =SUM(S10:V10) -> 13 | X10: 12 | Y10: =W10+X10 -> 25 | Z10: =IF(Y10<10,"",RANK(Y10,Y$3:Y$52)) -> 39 | AA10: =IF(Y10>=70,"A",IF(Y10>=50,"C",IF(Y10>=45,"P",IF(Y10>=6,"F",IF(Y10<5,""))))) -> F | AB10: =IF(Y10>=70,"Excellent",IF(Y10>=50,"Credit",IF(Y10>=45,"Pass",IF(Y10>=6,"Fail",IF(Y10<5,""))))) -> Fail | AH10: =SUM(AD10:AG10) -> 0 | AJ10: =AH10+AI10 -> 0 | AL10: 1 | AM10: 2 | AN10: 8 | AO10: 7 | AP10: =SUM(AL10:AO10) -> 18 | AQ10: 11 | AR10: =AP10+AQ10 -> 29 | AT10: 1 | AU10: 1 | AV10: 5 | AW10: 4 | AX10: 11 | AY10: 15 | AZ10: 26 | BB10: 1 | BC10: 1 | BD10: 2 | BE10: 3 | BF10: 7 | BG10: 11 | BH10: 18 | BJ10: 7 | BK10: 3 | BL10: 9 | BM10: 10 | BN10: 29 | BO10: 15 | BP10: 44 | BR10: 1 | BS10: 2 | BT10: 10 | BU10: 10 | BV10: 23 | BW10: 7 | BX10: 30 | BZ10: 1 | CA10: 1 | CB10: 10 | CC10: 5 | CD10: 17 | CE10: 8 | CF10: 25 | CH10: 1 | CI10: 2 | CL10: 3 | CM10: 13 | CN10: 16 | CP10: 1 | CQ10: 1 | CR10: 9 | CS10: 7 | CT10: 18 | CU10: 15 | CV10: 33 | CX10: 2 | CY10: 2 | CZ10: 8 | DA10: 8 | DB10: 20 | DC10: 17 | DD10: 37 | DF10: 1 | DG10: 1 | DJ10: 2 | DK10: 19 | DL10: 21 | DN10: 1 | DO10: 1 | DP10: 4 | DQ10: 5 | DR10: 11 | DS10: 9 | DT10: 20 | DV10: 1 | DW10: 2 | DX10: 8 | DY10: 10 | DZ10: 21 | EA10: 14 | EB10: 35 | ED10: 2 | EE10: 2 | EF10: 8 | EG10: 7 | EH10: 19 | EI10: 17 | EJ10: 36 | EL10: 1 | EM10: 1 | EN10: 5 | EO10: 5 | EP10: 12 | EQ10: 17 | ER10: 29
A11: 9 | B11: MUHAMMAD BABAGANA M. | C11: 2 | D11: 6 | E11: 9 | F11: 9 | G11: =SUM(C11:F11) -> 26 | H11: 20 | I11: =G11+H11 -> 46 | K11: 1 | L11: 3 | N11: 10 | O11: =SUM(K11:N11) -> 14 | P11: 29 | Q11: =O11+P11 -> 43 | S11: 7 | T11: 4 | U11: 5 | V11: 7 | W11: =SUM(S11:V11) -> 23 | X11: 21 | Y11: =W11+X11 -> 44 | Z11: =IF(Y11<10,"",RANK(Y11,Y$3:Y$52)) -> 33 | AA11: =IF(Y11>=70,"A",IF(Y11>=50,"C",IF(Y11>=45,"P",IF(Y11>=6,"F",IF(Y11<5,""))))) -> F | AB11: =IF(Y11>=70,"Excellent",IF(Y11>=50,"Credit",IF(Y11>=45,"Pass",IF(Y11>=6,"Fail",IF(Y11<5,""))))) -> Fail | AH11: =SUM(AD11:AG11) -> 0 | AJ11: =AH11+AI11 -> 0 | AL11: 1 | AM11: 8 | AN11: 10 | AO11: 9 | AP11: =SUM(AL11:AO11) -> 28 | AQ11: 20 | AR11: =AP11+AQ11 -> 48 | AT11: 1 | AU11: 1 | AV11: 5 | AW11: 9 | AX11: 16 | AY11: 20 | AZ11: 36 | BB11: 2 | BC11: 1 | BD11: 9 | BE11: 5 | BF11: 17 | BG11: 30 | BH11: 47 | BJ11: 3 | BK11: 5 | BL11: 8 | BM11: 10 | BN11: 26 | BO11: 12 | BP11: 38 | BR11: 5 | BS11: 5 | BT11: 7 | BU11: 10 | BV11: 27 | BW11: 27 | BX11: 54 | BZ11: 5 | CA11: 7 | CB11: 8 | CC11: 5 | CD11: 25 | CE11: 29 | CF11: 54 | CH11: 1 | CI11: 5 | CJ11: 10 | CK11: 10 | CL11: 26 | CM11: 16 | CN11: 42 | CP11: 9 | CQ11: 4 | CR11: 7 | CS11: 7 | CT11: 27 | CU11: 20 | CV11: 47 | CX11: 4 | CY11: 5 | CZ11: 10 | DA11: 10 | DB11: 29 | DC11: 19 | DD11: 48 | DF11: 2 | DG11: 1 | DH11: 2 | DI11: 10 | DJ11: 15 | DK11: 29 | DL11: 44 | DN11: 1 | DO11: 1 | DP11: 4 | DQ11: 5 | DR11: 11 | DS11: 10 | DT11: 21 | DV11: 2 | DW11: 4 | DX11: 8 | DY11: 10 | DZ11: 24 | EA11: 16 | EB11: 40 | ED11: 3 | EE11: 3 | EF11: 8 | EG11: 8 | EH11: 22 | EI11: 24 | EJ11: 46 | EL11: 2 | EM11: 4 | EN11: 10 | EO11: 10 | EP11: 26 | EQ11: 19 | ER11: 45
A12: 10 | B12: MUHAMMED MODUYE | C12: 4 | D12: 3 | E12: 8 | F12: 8 | G12: =SUM(C12:F12) -> 23 | H12: 26 | I12: =G12+H12 -> 49 | K12: 1 | L12: 1 | M12: 10 | N12: 10 | O12: =SUM(K12:N12) -> 22 | P12: 29 | Q12: =O12+P12 -> 51 | S12: 10 | T12: 5 | U12: 5 | V12: 7 | W12: =SUM(S12:V12) -> 27 | X12: 27 | Y12: =W12+X12 -> 54 | Z12: =IF(Y12<10,"",RANK(Y12,Y$3:Y$52)) -> 27 | AA12: =IF(Y12>=70,"A",IF(Y12>=50,"C",IF(Y12>=45,"P",IF(Y12>=6,"F",IF(Y12<5,""))))) -> C | AB12: =IF(Y12>=70,"Excellent",IF(Y12>=50,"Credit",IF(Y12>=45,"Pass",IF(Y12>=6,"Fail",IF(Y12<5,""))))) -> Credit | AH12: =SUM(AD12:AG12) -> 0 | AJ12: =AH12+AI12 -> 0 | AL12: 1 | AM12: 4 | AN12: 8 | AO12: 9 | AP12: =SUM(AL12:AO12) -> 22 | AQ12: 15 | AR12: =AP12+AQ12 -> 37 | AT12: 1 | AU12: 1 | AV12: 5 | AW12: 6 | AX12: 13 | AY12: 15 | AZ12: 28 | BB12: 6 | BC12: 1 | BD12: 4 | BE12: 10 | BF12: 21 | BG12: 30 | BH12: 51 | BJ12: 5 | BK12: 4 | BL12: 8 | BM12: 8 | BN12: 25 | BO12: 17 | BP12: 42 | BR12: 4 | BS12: 5 | BT12: 10 | BU12: 10 | BV12: 29 | BW12: 25 | BX12: 54 | BZ12: 6 | CA12: 2 | CB12: 10 | CC12: 10 | CD12: 28 | CE12: 21 | CF12: 49 | CH12: 3 | CI12: 6 | CJ12: 8 | CK12: 10 | CL12: 27 | CM12: 19 | CN12: 46 | CP12: 7 | CQ12: 2 | CR12: 10 | CS12: 8 | CT12: 27 | CU12: 25 | CV12: 52 | CX12: 1 | CY12: 4 | CZ12: 10 | DA12: 10 | DB12: 25 | DC12: 16 | DD12: 41 | DF12: 4 | DG12: 1 | DH12: 10 | DI12: 9 | DJ12: 24 | DK12: 26 | DL12: 50 | DN12: 1 | DO12: 3 | DP12: 4 | DQ12: 8 | DR12: 16 | DS12: 11 | DT12: 27 | DV12: 1 | DW12: 2 | DX12: 8 | DY12: 10 | DZ12: 21 | EA12: 6 | EB12: 27 | ED12: 7 | EE12: 2 | EF12: 7 | EG12: 8 | EH12: 24 | EI12: 10 | EJ12: 34 | EL12: 8 | EM12: 1 | EN12: 10 | EO12: 10 | EP12: 29 | EQ12: 25 | ER12: 54
A13: 11 | B13: MUHAMMED M RABIU | C13: 9 | D13: 6 | E13: 9 | F13: 10 | G13: =SUM(C13:F13) -> 34 | H13: 35 | I13: =G13+H13 -> 69 | K13: 8 | L13: 8 | M13: 10 | N13: 10 | O13: =SUM(K13:N13) -> 36 | P13: 32 | Q13: =O13+P13 -> 68 | S13: 10 | T13: 6 | U13: 5 | V13: 10 | W13: =SUM(S13:V13) -> 31 | X13: 41 | Y13: =W13+X13 -> 72 | Z13: =IF(Y13<10,"",RANK(Y13,Y$3:Y$52)) -> 6 | AA13: =IF(Y13>=70,"A",IF(Y13>=50,"C",IF(Y13>=45,"P",IF(Y13>=6,"F",IF(Y13<5,""))))) -> A | AB13: =IF(Y13>=70,"Excellent",IF(Y13>=50,"Credit",IF(Y13>=45,"Pass",IF(Y13>=6,"Fail",IF(Y13<5,""))))) -> Excellent | AH13: =SUM(AD13:AG13) -> 0 | AJ13: =AH13+AI13 -> 0 | AL13: 8 | AM13: 10 | AN13: 10 | AO13: 8 | AP13: =SUM(AL13:AO13) -> 36 | AQ13: 35 | AR13: =AP13+AQ13 -> 71 | AT13: 4 | AU13: 6 | AV13: 5 | AW13: 10 | AX13: 25 | AY13: 27 | AZ13: 52 | BB13: 10 | BC13: 8 | BD13: 9 | BE13: 8 | BF13: 35 | BG13: 53 | BH13: 88 | BJ13: 9 | BK13: 10 | BL13: 10 | BM13: 10 | BN13: 39 | BO13: 35 | BP13: 74 | BR13: 9 | BS13: 8 | BT13: 10 | BU13: 10 | BV13: 37 | BW13: 42 | BX13: 79 | BZ13: 7 | CA13: 8 | CB13: 10 | CC13: 10 | CD13: 35 | CE13: 42 | CF13: 77 | CH13: 4 | CI13: 8 | CJ13: 10 | CK13: 10 | CL13: 32 | CM13: 48 | CN13: 80 | CP13: 7 | CQ13: 3 | CR13: 9 | CS13: 8 | CT13: 27 | CU13: 40 | CV13: 67 | CX13: 4 | CY13: 4 | CZ13: 8 | DA13: 10 | DB13: 26 | DC13: 20 | DD13: 46 | DF13: 9 | DG13: 6 | DH13: 9 | DI13: 10 | DJ13: 34 | DK13: 44 | DL13: 78 | DN13: 2 | DO13: 10 | DQ13: 5 | DR13: 17 | DS13: 30 | DT13: 47 | DV13: 5 | DW13: 8 | DX13: 8 | DY13: 10 | DZ13: 31 | EA13: 29 | EB13: 60 | ED13: 9 | EE13: 9 | EF13: 8 | EG13: 10 | EH13: 36 | EI13: 40 | EJ13: 76 | EL13: 9 | EM13: 8 | EN13: 10 | EO13: 10 | EP13: 37 | EQ13: 42 | ER13: 79
A14: 12 | C14: 10 | D14: 7 | E14: 10 | F14: 9 | G14: =SUM(C14:F14) -> 36 | H14: 50 | I14: =G14+H14 -> 86 | K14: 9 | L14: 10 | M14: 10 | N14: 10 | O14: =SUM(K14:N14) -> 39 | P14: 30 | Q14: =O14+P14 -> 69 | S14: 10 | T14: 7 | U14: 5 | V14: 9 | W14: =SUM(S14:V14) -> 31 | X14: 35 | Y14: =W14+X14 -> 66 | Z14: =IF(Y14<10,"",RANK(Y14,Y$3:Y$52)) -> 12 | AA14: =IF(Y14>=70,"A",IF(Y14>=50,"C",IF(Y14>=45,"P",IF(Y14>=6,"F",IF(Y14<5,""))))) -> C | AB14: =IF(Y14>=70,"Excellent",IF(Y14>=50,"Credit",IF(Y14>=45,"Pass",IF(Y14>=6,"Fail",IF(Y14<5,""))))) -> Credit | AH14: =SUM(AD14:AG14) -> 0 | AJ14: =AH14+AI14 -> 0 | AL14: 10 | AM14: 7 | AN14: 10 | AO14: 10 | AP14: =SUM(AL14:AO14) -> 37 | AQ14: 26 | AR14: =AP14+AQ14 -> 63 | AT14: 3 | AU14: 5 | AV14: 5 | AW14: 10 | AX14: 23 | AY14: 31 | AZ14: 54 | BB14: 10 | BC14: 10 | BD14: 6 | BE14: 10 | BF14: 36 | BG14: 44 | BH14: 80 | BJ14: 8 | BK14: 8 | BL14: 10 | BM14: 8 | BN14: 34 | BO14: 46 | BP14: 80 | BR14: 10 | BS14: 10 | BT14: 10 | BU14: 10 | BV14: 40 | BW14: 34 | BX14: 74 | BZ14: 9 | CA14: 8 | CB14: 8 | CC14: 10 | CD14: 35 | CE14: 43 | CF14: 78 | CH14: 5 | CI14: 10 | CJ14: 10 | CK14: 10 | CL14: 35 | CM14: 51 | CN14: 86 | CP14: 8 | CQ14: 5 | CR14: 7 | CS14: 7 | CT14: 27 | CU14: 35 | CV14: 62 | CX14: 4 | CY14: 7 | CZ14: 10 | DA14: 10 | DB14: 31 | DC14: 32 | DD14: 63 | DF14: 10 | DG14: 7 | DH14: 5 | DI14: 10 | DJ14: 32 | DK14: 44 | DL14: 76 | DN14: 4 | DO14: 7 | DP14: 4 | DQ14: 5 | DR14: 20 | DS14: 36 | DT14: 56 | DV14: 5 | DW14: 9 | DX14: 10 | DY14: 8 | DZ14: 32 | EA14: 27 | EB14: 59 | ED14: 10 | EE14: 8 | EF14: 10 | EG14: 10 | EH14: 38 | EI14: 44 | EJ14: 82 | EL14: 10 | EM14: 8 | EN14: 10 | EO14: 10 | EP14: 38 | EQ14: 52 | ER14: 90
A15: 13 | B15: SADIQ BUKAR ALLAU | C15: 5 | D15: 4 | E15: 7 | F15: 8 | G15: =SUM(C15:F15) -> 24 | H15: 21 | I15: =G15+H15 -> 45 | K15: 3 | L15: 7 | M15: 10 | N15: 10 | O15: =SUM(K15:N15) -> 30 | P15: 22 | Q15: =O15+P15 -> 52 | S15: 6 | T15: 2 | U15: 5 | V15: 5 | W15: =SUM(S15:V15) -> 18 | X15: 26 | Y15: =W15+X15 -> 44 | Z15: =IF(Y15<10,"",RANK(Y15,Y$3:Y$52)) -> 33 | AA15: =IF(Y15>=70,"A",IF(Y15>=50,"C",IF(Y15>=45,"P",IF(Y15>=6,"F",IF(Y15<5,""))))) -> F | AB15: =IF(Y15>=70,"Excellent",IF(Y15>=50,"Credit",IF(Y15>=45,"Pass",IF(Y15>=6,"Fail",IF(Y15<5,""))))) -> Fail | AH15: =SUM(AD15:AG15) -> 0 | AJ15: =AH15+AI15 -> 0 | AL15: 3 | AM15: 2 | AN15: 10 | AO15: 10 | AP15: =SUM(AL15:AO15) -> 25 | AQ15: 19 | AR15: =AP15+AQ15 -> 44 | AT15: 2 | AV15: 5 | AW15: 4 | AX15: 11 | AY15: 15 | AZ15: 26 | BB15: 2 | BC15: 1 | BD15: 3 | BE15: 5 | BF15: 11 | BG15: 33 | BH15: 44 | BJ15: 5 | BK15: 5 | BL15: 10 | BM15: 10 | BN15: 30 | BO15: 17 | BP15: 47 | BR15: 3 | BS15: 5 | BT15: 10 | BU15: 10 | BV15: 28 | BW15: 21 | BX15: 49 | BZ15: 3 | CA15: 9 | CB15: 10 | CC15: 9 | CD15: 31 | CE15: 23 | CF15: 54 | CH15: 3 | CI15: 3 | CJ15: 8 | CK15: 10 | CL15: 24 | CM15: 23 | CN15: 47 | CP15: 2 | CQ15: 1 | CR15: 8 | CS15: 7 | CT15: 18 | CU15: 10 | CV15: 28 | CX15: 7 | CY15: 7 | CZ15: 8 | DA15: 9 | DB15: 31 | DC15: 16 | DD15: 47 | DF15: 5 | DG15: 1 | DJ15: 6 | DL15: 6 | DN15: 1 | DO15: 1 | DP15: 4 | DQ15: 5 | DR15: 11 | DS15: 11 | DT15: 22 | DV15: 1 | DW15: 6 | DX15: 8 | DY15: 10 | DZ15: 25 | EB15: 25 | ED15: 3 | EE15: 5 | EF15: 8 | EG15: 8 | EH15: 24 | EI15: 12 | EJ15: 36 | EL15: 8 | EM15: 1 | EN15: 5 | EO15: 5 | EP15: 19 | EQ15: 14 | ER15: 33
A16: 14 | B16: USMAN MUHAMMED USMAN | C16: 5 | D16: 4 | E16: 9 | F16: 8 | G16: =SUM(C16:F16) -> 26 | H16: 14 | I16: =G16+H16 -> 40 | K16: 1 | L16: 3 | M16: 10 | N16: 10 | O16: =SUM(K16:N16) -> 24 | P16: 20 | Q16: =O16+P16 -> 44 | S16: 9 | T16: 6 | U16: 5 | V16: 5 | W16: =SUM(S16:V16) -> 25 | X16: 30 | Y16: =W16+X16 -> 55 | Z16: =IF(Y16<10,"",RANK(Y16,Y$3:Y$52)) -> 26 | AA16: =IF(Y16>=70,"A",IF(Y16>=50,"C",IF(Y16>=45,"P",IF(Y16>=6,"F",IF(Y16<5,""))))) -> C | AB16: =IF(Y16>=70,"Excellent",IF(Y16>=50,"Credit",IF(Y16>=45,"Pass",IF(Y16>=6,"Fail",IF(Y16<5,""))))) -> Credit | AH16: =SUM(AD16:AG16) -> 0 | AJ16: =AH16+AI16 -> 0 | AL16: 2 | AM16: 4 | AN16: 8 | AO16: 9 | AP16: =SUM(AL16:AO16) -> 23 | AQ16: 17 | AR16: =AP16+AQ16 -> 40 | AT16: 1 | AU16: 1 | AV16: 5 | AW16: 6 | AX16: 13 | AY16: 13 | AZ16: 26 | BB16: 4 | BC16: 1 | BD16: 3 | BE16: 5 | BF16: 13 | BG16: 29 | BH16: 42 | BJ16: 4 | BK16: 6 | BL16: 10 | BM16: 8 | BN16: 28 | BO16: 17 | BP16: 45 | BR16: 7 | BS16: 3 | BT16: 7 | BU16: 10 | BV16: 27 | BW16: 14 | BX16: 41 | BZ16: 3 | CA16: 2 | CB16: 9 | CC16: 6 | CD16: 20 | CE16: 22 | CF16: 42 | CH16: 5 | CI16: 6 | CJ16: 2 | CK16: 5 | CL16: 18 | CM16: 26 | CN16: 44 | CP16: 6 | CQ16: 3 | CR16: 8 | CS16: 6 | CT16: 23 | CU16: 25 | CV16: 48 | CX16: 5 | CY16: 5 | CZ16: 9 | DA16: 10 | DB16: 29 | DC16: 12 | DD16: 41 | DF16: 5 | DG16: 1 | DH16: 4 | DI16: 5 | DJ16: 15 | DK16: 25 | DL16: 40 | DN16: 4 | DO16: 2 | DP16: 5 | DQ16: 5 | DR16: 16 | DS16: 11 | DT16: 27 | DV16: 6 | DW16: 3 | DX16: 7 | DY16: 10 | DZ16: 26 | EA16: 22 | EB16: 48 | ED16: 7 | EE16: 5 | EF16: 8 | EG16: 8 | EH16: 28 | EI16: 28 | EJ16: 56 | EL16: 10 | EM16: 5 | EN16: 5 | EO16: 5 | EP16: 25 | EQ16: 29 | ER16: 54
A17: 15 | B17: ABUBAKAR AHMED HADIZA | C17: 9 | D17: 10 | E17: 10 | F17: 10 | G17: =SUM(C17:F17) -> 39 | H17: 50 | I17: =G17+H17 -> 89 | K17: 9 | L17: 5 | M17: 10 | N17: 10 | O17: =SUM(K17:N17) -> 34 | P17: 35 | Q17: =O17+P17 -> 69 | S17: 10 | T17: 6 | U17: 5 | V17: 5 | W17: =SUM(S17:V17) -> 26 | X17: 45 | Y17: =W17+X17 -> 71 | Z17: =IF(Y17<10,"",RANK(Y17,Y$3:Y$52)) -> 9 | AA17: =IF(Y17>=70,"A",IF(Y17>=50,"C",IF(Y17>=45,"P",IF(Y17>=6,"F",IF(Y17<5,""))))) -> A | AB17: =IF(Y17>=70,"Excellent",IF(Y17>=50,"Credit",IF(Y17>=45,"Pass",IF(Y17>=6,"Fail",IF(Y17<5,""))))) -> Excellent | AH17: =SUM(AD17:AG17) -> 0 | AJ17: =AH17+AI17 -> 0 | AL17: 8 | AM17: 8 | AN17: 9 | AO17: 9 | AP17: =SUM(AL17:AO17) -> 34 | AQ17: 27 | AR17: =AP17+AQ17 -> 61 | AT17: 3 | AU17: 1 | AV17: 5 | AW17: 4 | AX17: 13 | AY17: 38 | AZ17: 51 | BB17: 10 | BC17: 8 | BD17: 9 | BE17: 5 | BF17: 32 | BG17: 53 | BH17: 85 | BJ17: 8 | BK17: 8 | BL17: 10 | BM17: 10 | BN17: 36 | BO17: 47 | BP17: 83 | BR17: 10 | BS17: 10 | BT17: 10 | BU17: 10 | BV17: 40 | BW17: 44 | BX17: 84 | BZ17: 8 | CA17: 3 | CB17: 10 | CC17: 5 | CD17: 26 | CE17: 39 | CF17: 65 | CH17: 7 | CI17: 5 | CJ17: 10 | CK17: 10 | CL17: 32 | CM17: 50 | CN17: 82 | CP17: 9 | CQ17: 6 | CR17: 7 | CS17: 7 | CT17: 29 | CU17: 35 | CV17: 64 | CX17: 8 | CY17: 8 | CZ17: 7 | DA17: 9 | DB17: 32 | DC17: 20 | DD17: 52 | DF17: 10 | DG17: 4 | DH17: 10 | DI17: 10 | DJ17: 34 | DK17: 53 | DL17: 87 | DN17: 5 | DO17: 8 | DP17: 4 | DQ17: 5 | DR17: 22 | DS17: 34 | DT17: 56 | DV17: 10 | DW17: 6 | DX17: 8 | DY17: 10 | DZ17: 34 | EA17: 41 | EB17: 75 | ED17: 9 | EE17: 9 | EF17: 10 | EG17: 10 | EH17: 38 | EI17: 36 | EJ17: 74 | EL17: 8 | EM17: 7 | EN17: 5 | EO17: 5 | EP17: 25 | EQ17: 47 | ER17: 72
A18: 16 | B18: ABDULHAMID AISHA | C18: 1 | D18: 5 | E18: 10 | F18: 9 | G18: =SUM(C18:F18) -> 25 | H18: 20 | I18: =G18+H18 -> 45 | K18: 1 | L18: 5 | N18: 10 | O18: =SUM(K18:N18) -> 16 | P18: 19 | Q18: =O18+P18 -> 35 | S18: 4 | T18: 4 | U18: 5 | V18: 5 | W18: =SUM(S18:V18) -> 18 | X18: 30 | Y18: =W18+X18 -> 48 | Z18: =IF(Y18<10,"",RANK(Y18,Y$3:Y$52)) -> 30 | AA18: =IF(Y18>=70,"A",IF(Y18>=50,"C",IF(Y18>=45,"P",IF(Y18>=6,"F",IF(Y18<5,""))))) -> P | AB18: =IF(Y18>=70,"Excellent",IF(Y18>=50,"Credit",IF(Y18>=45,"Pass",IF(Y18>=6,"Fail",IF(Y18<5,""))))) -> Pass | AH18: =SUM(AD18:AG18) -> 0 | AJ18: =AH18+AI18 -> 0 | AL18: 1 | AM18: 2 | AN18: 8 | AO18: 8 | AP18: =SUM(AL18:AO18) -> 19 | AQ18: 21 | AR18: =AP18+AQ18 -> 40 | AT18: 1 | AU18: 4 | AV18: 5 | AW18: 4 | AX18: 14 | AY18: 22 | AZ18: 36 | BB18: 2 | BC18: 1 | BD18: 4 | BE18: 6 | BF18: 13 | BG18: 15 | BH18: 28 | BJ18: 2 | BK18: 6 | BL18: 10 | BM18: 10 | BN18: 28 | BO18: 14 | BP18: 42 | BR18: 5 | BS18: 2 | BT18: 10 | BU18: 10 | BV18: 27 | BW18: 22 | BX18: 49 | BZ18: 1 | CA18: 2 | CB18: 10 | CC18: 5 | CD18: 18 | CE18: 18 | CF18: 36 | CH18: 1 | CI18: 2 | CJ18: 8 | CK18: 10 | CL18: 21 | CM18: 17 | CN18: 38 | CP18: 2 | CQ18: 1 | CR18: 10 | CS18: 7 | CT18: 20 | CU18: 16 | CV18: 36 | CX18: 3 | CY18: 3 | CZ18: 10 | DA18: 10 | DB18: 26 | DC18: 15 | DD18: 41 | DF18: 2 | DG18: 2 | DH18: 9 | DI18: 10 | DJ18: 23 | DK18: 15 | DL18: 38 | DN18: 1 | DO18: 1 | DP18: 5 | DQ18: 5 | DR18: 12 | DS18: 12 | DT18: 24 | DV18: 1 | DW18: 3 | DX18: 8 | DY18: 10 | DZ18: 22 | EA18: 12 | EB18: 34 | ED18: 4 | EE18: 5 | EF18: 8 | EG18: 9 | EH18: 26 | EI18: 21 | EJ18: 47 | EL18: 2 | EM18: 1 | EN18: 10 | EO18: 10 | EP18: 23 | EQ18: 18 | ER18: 41
A19: 17 | B19: BUKAR MUHAMMED HAUWA | C19: 6 | E19: 10 | F19: 10 | G19: =SUM(C19:F19) -> 26 | H19: 23 | I19: =G19+H19 -> 49 | K19: 3 | L19: 1 | M19: 10 | N19: 10 | O19: =SUM(K19:N19) -> 24 | P19: 18 | Q19: =O19+P19 -> 42 | S19: 1 | T19: 4 | U19: 5 | V19: 5 | W19: =SUM(S19:V19) -> 15 | X19: 18 | Y19: =W19+X19 -> 33 | Z19: =IF(Y19<10,"",RANK(Y19,Y$3:Y$52)) -> 38 | AA19: =IF(Y19>=70,"A",IF(Y19>=50,"C",IF(Y19>=45,"P",IF(Y19>=6,"F",IF(Y19<5,""))))) -> F | AB19: =IF(Y19>=70,"Excellent",IF(Y19>=50,"Credit",IF(Y19>=45,"Pass",IF(Y19>=6,"Fail",IF(Y19<5,""))))) -> Fail | AH19: =SUM(AD19:AG19) -> 0 | AJ19: =AH19+AI19 -> 0 | AL19: 2 | AM19: 3 | AN19: 10 | AO19: 9 | AP19: =SUM(AL19:AO19) -> 24 | AQ19: 17 | AR19: =AP19+AQ19 -> 41 | AT19: 1 | AU19: 3 | AV19: 10 | AW19: 4 | AX19: 18 | AY19: 13 | AZ19: 31 | BB19: 2 | BC19: 1 | BD19: 2 | BE19: 5 | BF19: 10 | BG19: 16 | BH19: 26 | BJ19: 1 | BK19: 4 | BL19: 10 | BM19: 9 | BN19: 24 | BO19: 14 | BP19: 38 | BR19: 2 | BS19: 1 | BT19: 5 | BU19: 10 | BV19: 18 | BW19: 18 | BX19: 36 | BZ19: 1 | CA19: 5 | CB19: 8 | CC19: 5 | CD19: 19 | CE19: 27 | CF19: 46 | CH19: 1 | CI19: 6 | CJ19: 8 | CK19: 10 | CL19: 25 | CM19: 18 | CN19: 43 | CP19: 2 | CQ19: 4 | CR19: 10 | CS19: 8 | CT19: 24 | CU19: 16 | CV19: 40 | CX19: 3 | CY19: 4 | CZ19: 10 | DA19: 10 | DB19: 27 | DC19: 21 | DD19: 48 | DF19: 1 | DG19: 1 | DH19: 10 | DI19: 10 | DJ19: 22 | DK19: 16 | DL19: 38 | DN19: 1 | DO19: 4 | DP19: 5 | DQ19: 5 | DR19: 15 | DS19: 23 | DT19: 38 | DV19: 1 | DX19: 8 | DY19: 10 | DZ19: 19 | EA19: 13 | EB19: 32 | ED19: 2 | EE19: 5 | EF19: 10 | EG19: 10 | EH19: 27 | EI19: 17 | EJ19: 44 | EL19: 1 | EM19: 1 | EN19: 5 | EO19: 5 | EP19: 12 | ER19: 12
A20: 18 | B20: BALLAMA MUH'D HALIMA | C20: 7 | D20: 7 | E20: 9 | F20: 10 | G20: =SUM(C20:F20) -> 33 | H20: 26 | I20: =G20+H20 -> 59 | K20: 5 | L20: 3 | M20: 10 | N20: 10 | O20: =SUM(K20:N20) -> 28 | P20: 11 | Q20: =O20+P20 -> 39 | S20: 9 | T20: 6 | U20: 5 | V20: 5 | W20: =SUM(S20:V20) -> 25 | X20: 31 | Y20: =W20+X20 -> 56 | Z20: =IF(Y20<10,"",RANK(Y20,Y$3:Y$52)) -> 25 | AA20: =IF(Y20>=70,"A",IF(Y20>=50,"C",IF(Y20>=45,"P",IF(Y20>=6,"F",IF(Y20<5,""))))) -> C | AB20: =IF(Y20>=70,"Excellent",IF(Y20>=50,"Credit",IF(Y20>=45,"Pass",IF(Y20>=6,"Fail",IF(Y20<5,""))))) -> Credit | AH20: =SUM(AD20:AG20) -> 0 | AJ20: =AH20+AI20 -> 0 | AL20: 2 | AM20: 3 | AN20: 10 | AO20: 9 | AP20: =SUM(AL20:AO20) -> 24 | AQ20: 23 | AR20: =AP20+AQ20 -> 47 | AT20: 4 | AU20: 1 | AV20: 5 | AW20: 10 | AX20: 20 | AY20: 23 | AZ20: 43 | BB20: 8 | BC20: 4 | BD20: 4 | BE20: 8 | BF20: 24 | BG20: 36 | BH20: 60 | BJ20: 5 | BK20: 8 | BL20: 8 | BM20: 10 | BN20: 31 | BO20: 28 | BP20: 59 | BR20: 7 | BS20: 7 | BT20: 10 | BU20: 10 | BV20: 34 | BW20: 32 | BX20: 66 | BZ20: 3 | CA20: 4 | CB20: 8 | CC20: 5 | CD20: 20 | CE20: 31 | CF20: 51 | CH20: 9 | CI20: 6 | CJ20: 10 | CK20: 10 | CL20: 35 | CM20: 35 | CN20: 70 | CP20: 8 | CQ20: 2 | CR20: 10 | CS20: 8 | CT20: 28 | CU20: 26 | CV20: 54 | CX20: 7 | CY20: 6 | CZ20: 10 | DA20: 10 | DB20: 33 | DC20: 21 | DD20: 54 | DF20: 10 | DG20: 2 | DH20: 5 | DI20: 10 | DJ20: 27 | DK20: 40 | DL20: 67 | DN20: 3 | DO20: 9 | DP20: 7 | DQ20: 9 | DR20: 28 | DS20: 30 | DT20: 58 | DV20: 4 | DW20: 2 | DX20: 8 | DY20: 10 | DZ20: 24 | EA20: 29 | EB20: 53 | ED20: 9 | EE20: 2 | EF20: 8 | EG20: 10 | EH20: 29 | EI20: 28 | EJ20: 57 | EL20: 5 | EM20: 7 | EN20: 5 | EO20: 5 | EP20: 22 | EQ20: 34 | ER20: 56
A21: 19 | B21: HALIM ALHAJI MAI | C21: 10 | D21: 8 | E21: 10 | F21: 9 | G21: =SUM(C21:F21) -> 37 | H21: 45 | I21: =G21+H21 -> 82 | K21: 7 | L21: 9 | M21: 10 | N21: 10 | O21: =SUM(K21:N21) -> 36 | P21: 26 | Q21: =O21+P21 -> 62 | S21: 10 | T21: 8 | U21: 5 | V21: 5 | W21: =SUM(S21:V21) -> 28 | X21: 45 | Y21: =W21+X21 -> 73 | Z21: =IF(Y21<10,"",RANK(Y21,Y$3:Y$52)) -> 5 | AA21: =IF(Y21>=70,"A",IF(Y21>=50,"C",IF(Y21>=45,"P",IF(Y21>=6,"F",IF(Y21<5,""))))) -> A | AB21: =IF(Y21>=70,"Excellent",IF(Y21>=50,"Credit",IF(Y21>=45,"Pass",IF(Y21>=6,"Fail",IF(Y21<5,""))))) -> Excellent | AH21: =SUM(AD21:AG21) -> 0 | AJ21: =AH21+AI21 -> 0 | AL21: 10 | AM21: 10 | AN21: 8 | AO21: 10 | AP21: =SUM(AL21:AO21) -> 38 | AQ21: 40 | AR21: =AP21+AQ21 -> 78 | AT21: 6 | AU21: 6 | AV21: 10 | AW21: 4 | AX21: 26 | AY21: 39 | AZ21: 65 | BB21: 8 | BC21: 9 | BD21: 10 | BE21: 10 | BF21: 37 | BG21: 48 | BH21: 85 | BJ21: 10 | BK21: 7 | BL21: 9 | BM21: 10 | BN21: 36 | BO21: 48 | BP21: 84 | BR21: 7 | BS21: 10 | BT21: 10 | BU21: 10 | BV21: 37 | BW21: 43 | BX21: 80 | BZ21: 10 | CA21: 8 | CB21: 7 | CC21: 10 | CD21: 35 | CE21: 45 | CF21: 80 | CH21: 10 | CI21: 10 | CJ21: 10 | CK21: 10 | CL21: 40 | CM21: 57 | CN21: 97 | CP21: 9 | CQ21: 7 | CR21: 10 | CS21: 7 | CT21: 33 | CU21: 40 | CV21: 73 | CX21: 8 | CY21: 5 | CZ21: 10 | DA21: 10 | DB21: 33 | DC21: 31 | DD21: 64 | DF21: 10 | DG21: 10 | DH21: 5 | DI21: 10 | DJ21: 35 | DK21: 51 | DL21: 86 | DN21: 3 | DO21: 10 | DP21: 6 | DQ21: 9 | DR21: 28 | DS21: 43 | DT21: 71 | DV21: 9 | DW21: 8 | DX21: 10 | DY21: 10 | DZ21: 37 | EA21: 44 | EB21: 81 | ED21: 10 | EE21: 10 | EF21: 7 | EG21: 10 | EH21: 37 | EI21: 53 | EJ21: 90 | EL21: 6 | EM21: 6 | EN21: 10 | EO21: 10 | EP21: 32 | EQ21: 45 | ER21: 77
A22: 20 | B22: JAMIMA JOHN JOSEPH | C22: 8 | D22: 5 | E22: 9 | F22: 10 | G22: =SUM(C22:F22) -> 32 | H22: 47 | I22: =G22+H22 -> 79 | K22: 3 | L22: 3 | M22: 10 | N22: 10 | O22: =SUM(K22:N22) -> 26 | P22: 21 | Q22: =O22+P22 -> 47 | S22: 10 | T22: 7 | U22: 5 | V22: 5 | W22: =SUM(S22:V22) -> 27 | X22: 36 | Y22: =W22+X22 -> 63 | Z22: =IF(Y22<10,"",RANK(Y22,Y$3:Y$52)) -> 13 | AA22: =IF(Y22>=70,"A",IF(Y22>=50,"C",IF(Y22>=45,"P",IF(Y22>=6,"F",IF(Y22<5,""))))) -> C | AB22: =IF(Y22>=70,"Excellent",IF(Y22>=50,"Credit",IF(Y22>=45,"Pass",IF(Y22>=6,"Fail",IF(Y22<5,""))))) -> Credit | AD22: 5 | AE22: 8 | AF22: 2 | AG22: 10 | AH22: =SUM(AD22:AG22) -> 25 | AI22: 54 | AJ22: =AH22+AI22 -> 79 | AL22: 6 | AM22: 5 | AN22: 10 | AO22: 10 | AP22: =SUM(AL22:AO22) -> 31 | AQ22: 28 | AR22: =AP22+AQ22 -> 59 | AT22: 6 | AU22: 4 | AV22: 5 | AW22: 9 | AX22: 24 | AY22: 26 | AZ22: 50 | BB22: 9 | BC22: 7 | BD22: 4 | BE22: 9 | BF22: 29 | BG22: 49 | BH22: 78 | BJ22: 7 | BK22: 9 | BL22: 10 | BM22: 8 | BN22: 34 | BO22: 39 | BP22: 73 | BR22: 6 | BS22: 9 | BT22: 10 | BU22: 10 | BV22: 35 | BW22: 38 | BX22: 73 | BZ22: 5 | CA22: 8 | CB22: 9 | CC22: 10 | CD22: 32 | CE22: 41 | CF22: 73 | CH22: 7 | CI22: 7 | CJ22: 10 | CK22: 10 | CL22: 34 | CM22: 46 | CN22: 80 | CP22: 7 | CQ22: 2 | CR22: 7 | CS22: 8 | CT22: 24 | CU22: 25 | CV22: 49 | CX22: 4 | CY22: 8 | CZ22: 10 | DA22: 10 | DB22: 32 | DC22: 19 | DD22: 51 | DF22: 7 | DG22: 7 | DH22: 5 | DI22: 10 | DJ22: 29 | DK22: 51 | DL22: 80 | DN22: 3 | DO22: 10 | DP22: 2 | DQ22: 7 | DR22: 22 | DS22: 34 | DT22: 56 | DV22: 2 | DW22: 5 | DX22: 8 | DY22: 10 | DZ22: 25 | EA22: 37 | EB22: 62 | ED22: 9 | EE22: 4 | EF22: 10 | EG22: 10 | EH22: 33 | EI22: 41 | EJ22: 74 | EP22: 0 | ER22: 0
A23: 21 | B23: JAFIDA MICHAEL PAPKA | C23: 4 | D23: 6 | E23: 10 | F23: 10 | G23: =SUM(C23:F23) -> 30 | H23: 40 | I23: =G23+H23 -> 70 | K23: 1 | L23: 3 | M23: 10 | N23: 10 | O23: =SUM(K23:N23) -> 24 | P23: 26 | Q23: =O23+P23 -> 50 | S23: 9 | T23: 5 | U23: 5 | V23: 5 | W23: =SUM(S23:V23) -> 24 | X23: 39 | Y23: =W23+X23 -> 63 | Z23: =IF(Y23<10,"",RANK(Y23,Y$3:Y$52)) -> 13 | AA23: =IF(Y23>=70,"A",IF(Y23>=50,"C",IF(Y23>=45,"P",IF(Y23>=6,"F",IF(Y23<5,""))))) -> C | AB23: =IF(Y23>=70,"Excellent",IF(Y23>=50,"Credit",IF(Y23>=45,"Pass",IF(Y23>=6,"Fail",IF(Y23<5,""))))) -> Credit | AD23: 10 | AE23: 7 | AF23: 2 | AG23: 10 | AH23: =SUM(AD23:AG23) -> 29 | AI23: 48 | AJ23: =AH23+AI23 -> 77 | AL23: 5 | AM23: 10 | AN23: 10 | AO23: 10 | AP23: =SUM(AL23:AO23) -> 35 | AQ23: 21 | AR23: =AP23+AQ23 -> 56 | AT23: 1 | AU23: 6 | AV23: 10 | AW23: 7 | AX23: 24 | AY23: 26 | AZ23: 50 | BB23: 4 | BC23: 2 | BD23: 4 | BE23: 9 | BF23: 19 | BG23: 49 | BH23: 68 | BJ23: 6 | BK23: 6 | BL23: 8 | BM23: 9 | BN23: 29 | BO23: 33 | BP23: 62 | BR23: 8 | BS23: 9 | BT23: 10 | BU23: 10 | BV23: 37 | BW23: 28 | BX23: 65 | BZ23: 7 | CA23: 8 | CB23: 10 | CC23: 6 | CD23: 31 | CE23: 30 | CF23: 61 | CH23: 7 | CI23: 10 | CJ23: 10 | CK23: 10 | CL23: 37 | CM23: 43 | CN23: 80 | CP23: 6 | CQ23: 6 | CR23: 7 | CS23: 7 | CT23: 26 | CU23: 30 | CV23: 56 | CX23: 7 | CY23: 7 | CZ23: 8 | DA23: 10 | DB23: 32 | DC23: 22 | DD23: 54 | DF23: 4 | DG23: 2 | DH23: 5 | DI23: 5 | DJ23: 16 | DK23: 35 | DL23: 51 | DN23: 1 | DO23: 3 | DP23: 4 | DQ23: 6 | DR23: 14 | DS23: 30 | DT23: 44 | DV23: 1 | DW23: 6 | DX23: 7 | DY23: 10 | DZ23: 24 | EA23: 32 | EB23: 56 | ED23: 6 | EE23: 7 | EF23: 10 | EG23: 10 | EH23: 33 | EI23: 36 | EJ23: 69 | EP23: 0 | ER23: 0
A24: 22 | B24: LUJAIN ADAMU ISAH | C24: 8 | D24: 6 | E24: 10 | F24: 10 | G24: =SUM(C24:F24) -> 34 | H24: 33 | I24: =G24+H24 -> 67 | K24: 10 | L24: 5 | M24: 10 | N24: 10 | O24: =SUM(K24:N24) -> 35 | P24: 37 | Q24: =O24+P24 -> 72 | S24: 9 | T24: 7 | U24: 5 | V24: 8 | W24: =SUM(S24:V24) -> 29 | X24: 46 | Y24: =W24+X24 -> 75 | Z24: =IF(Y24<10,"",RANK(Y24,Y$3:Y$52)) -> 4 | AA24: =IF(Y24>=70,"A",IF(Y24>=50,"C",IF(Y24>=45,"P",IF(Y24>=6,"F",IF(Y24<5,""))))) -> A | AB24: =IF(Y24>=70,"Excellent",IF(Y24>=50,"Credit",IF(Y24>=45,"Pass",IF(Y24>=6,"Fail",IF(Y24<5,""))))) -> Excellent | AH24: =SUM(AD24:AG24) -> 0 | AJ24: =AH24+AI24 -> 0 | AL24: 8 | AM24: 9 | AN24: 10 | AO24: 8 | AP24: =SUM(AL24:AO24) -> 35 | AQ24: 39 | AR24: =AP24+AQ24 -> 74 | AT24: 7 | AU24: 2 | AV24: 10 | AW24: 9 | AX24: 28 | AY24: 28 | AZ24: 56 | BB24: 10 | BC24: 6 | BD24: 9 | BE24: 9 | BF24: 34 | BG24: 47 | BH24: 81 | BJ24: 7 | BK24: 7 | BL24: 10 | BM24: 10 | BN24: 34 | BO24: 43 | BP24: 77 | BR24: 9 | BS24: 10 | BT24: 10 | BU24: 10 | BV24: 39 | BW24: 51 | BX24: 90 | BZ24: 10 | CA24: 7 | CB24: 10 | CC24: 10 | CD24: 37 | CE24: 32 | CF24: 69 | CH24: 10 | CI24: 7 | CJ24: 10 | CK24: 10 | CL24: 37 | CM24: 41 | CN24: 78 | CP24: 9 | CQ24: 6 | CR24: 10 | CS24: 8 | CT24: 33 | CU24: 40 | CV24: 73 | CX24: 6 | CY24: 6 | CZ24: 10 | DA24: 10 | DB24: 32 | DC24: 32 | DD24: 64 | DF24: 10 | DG24: 8 | DH24: 5 | DI24: 10 | DJ24: 33 | DK24: 51 | DL24: 84 | DN24: 4 | DO24: 4 | DP24: 4 | DQ24: 8 | DR24: 20 | DS24: 27 | DT24: 47 | DV24: 8 | DW24: 10 | DX24: 8 | DY24: 10 | DZ24: 36 | EA24: 36 | EB24: 72 | ED24: 10 | EE24: 7 | EF24: 10 | EG24: 10 | EH24: 37 | EI24: 42 | EJ24: 79 | EL24: 10 | EM24: 4 | EN24: 10 | EO24: 10 | EP24: 34 | EQ24: 46 | ER24: 80
A25: 23 | B25: KABIR LUKMAN ZULAIKA | C25: 8 | D25: 7 | E25: 10 | F25: 10 | G25: =SUM(C25:F25) -> 35 | H25: 24 | I25: =G25+H25 -> 59 | K25: 7 | L25: 5 | M25: 10 | N25: 10 | O25: =SUM(K25:N25) -> 32 | P25: 25 | Q25: =O25+P25 -> 57 | S25: 10 | T25: 6 | U25: 5 | V25: 9 | W25: =SUM(S25:V25) -> 30 | X25: 39 | Y25: =W25+X25 -> 69 | Z25: =IF(Y25<10,"",RANK(Y25,Y$3:Y$52)) -> 11 | AA25: =IF(Y25>=70,"A",IF(Y25>=50,"C",IF(Y25>=45,"P",IF(Y25>=6,"F",IF(Y25<5,""))))) -> C | AB25: =IF(Y25>=70,"Excellent",IF(Y25>=50,"Credit",IF(Y25>=45,"Pass",IF(Y25>=6,"Fail",IF(Y25<5,""))))) -> Credit | AH25: =SUM(AD25:AG25) -> 0 | AJ25: =AH25+AI25 -> 0 | AL25: 8 | AM25: 7 | AN25: 10 | AO25: 8 | AP25: =SUM(AL25:AO25) -> 33 | AQ25: 27 | AR25: =AP25+AQ25 -> 60 | AT25: 2 | AU25: 2 | AV25: 10 | AW25: 10 | AX25: 24 | AY25: 25 | AZ25: 49 | BB25: 8 | BC25: 8 | BD25: 9 | BE25: 5 | BF25: 30 | BG25: 44 | BH25: 74 | BJ25: 9 | BK25: 5 | BL25: 10 | BM25: 9 | BN25: 33 | BO25: 33 | BP25: 66 | BR25: 10 | BS25: 8 | BT25: 9 | BU25: 10 | BV25: 37 | BW25: 27 | BX25: 64 | BZ25: 8 | CA25: 6 | CB25: 7 | CC25: 10 | CD25: 31 | CE25: 40 | CF25: 71 | CH25: 7 | CI25: 5 | CJ25: 10 | CK25: 10 | CL25: 32 | CM25: 34 | CN25: 66 | CP25: 9 | CQ25: 6 | CR25: 10 | CS25: 8 | CT25: 33 | CU25: 40 | CV25: 73 | CX25: 4 | CY25: 4 | CZ25: 9 | DA25: 10 | DB25: 27 | DC25: 25 | DD25: 52 | DF25: 10 | DG25: 4 | DH25: 10 | DI25: 10 | DJ25: 34 | DK25: 45 | DL25: 79 | DN25: 6 | DO25: 9 | DP25: 6 | DQ25: 9 | DR25: 30 | DS25: 24 | DT25: 54 | DV25: 10 | DW25: 8 | DX25: 8 | DY25: 10 | DZ25: 36 | EA25: 28 | EB25: 64 | ED25: 7 | EE25: 9 | EF25: 7 | EG25: 10 | EH25: 33 | EI25: 34 | EJ25: 67 | EL25: 8 | EM25: 10 | EN25: 10 | EO25: 10 | EP25: 38 | EQ25: 30 | ER25: 68
A26: 24 | B26: KALTUM ABBA AJIKOLO | C26: 7 | D26: 8 | E26: 8 | F26: 8 | G26: =SUM(C26:F26) -> 31 | H26: 32 | I26: =G26+H26 -> 63 | K26: 7 | L26: 5 | M26: 10 | N26: 10 | O26: =SUM(K26:N26) -> 32 | P26: 28 | Q26: =O26+P26 -> 60 | S26: 10 | T26: 5 | U26: 5 | V26: 9 | W26: =SUM(S26:V26) -> 29 | X26: 34 | Y26: =W26+X26 -> 63 | Z26: =IF(Y26<10,"",RANK(Y26,Y$3:Y$52)) -> 13 | AA26: =IF(Y26>=70,"A",IF(Y26>=50,"C",IF(Y26>=45,"P",IF(Y26>=6,"F",IF(Y26<5,""))))) -> C | AB26: =IF(Y26>=70,"Excellent",IF(Y26>=50,"Credit",IF(Y26>=45,"Pass",IF(Y26>=6,"Fail",IF(Y26<5,""))))) -> Credit | AH26: =SUM(AD26:AG26) -> 0 | AJ26: =AH26+AI26 -> 0 | AL26: 4 | AM26: 8 | AN26: 10 | AO26: 9 | AP26: =SUM(AL26:AO26) -> 31 | AQ26: 23 | AR26: =AP26+AQ26 -> 54 | AT26: 1 | AU26: 5 | AV26: 5 | AW26: 4 | AX26: 15 | AY26: 21 | AZ26: 36 | BB26: 6 | BC26: 9 | BD26: 3 | BE26: 9 | BF26: 27 | BG26: 44 | BH26: 71 | BJ26: 7 | BK26: 8 | BL26: 10 | BM26: 9 | BN26: 34 | BO26: 47 | BP26: 81 | BR26: 8 | BS26: 9 | BT26: 8 | BU26: 10 | BV26: 35 | BW26: 31 | BX26: 66 | BZ26: 8 | CA26: 7 | CB26: 6 | CC26: 10 | CD26: 31 | CE26: 40 | CF26: 71 | CH26: 5 | CI26: 10 | CJ26: 10 | CK26: 10 | CL26: 35 | CM26: 45 | CN26: 80 | CP26: 3 | CQ26: 5 | CR26: 10 | CS26: 8 | CT26: 26 | CU26: 35 | CV26: 61 | CX26: 4 | CY26: 3 | CZ26: 10 | DA26: 10 | DB26: 27 | DC26: 20 | DD26: 47 | DF26: 9 | DG26: 7 | DH26: 3 | DI26: 9 | DJ26: 28 | DK26: 40 | DL26: 68 | DN26: 6 | DO26: 5 | DP26: 6 | DQ26: 7 | DR26: 24 | DS26: 28 | DT26: 52 | DV26: 6 | DW26: 10 | DX26: 8 | DY26: 10 | DZ26: 34 | EA26: 26 | EB26: 60 | ED26: 10 | EE26: 8 | EF26: 8 | EG26: 10 | EH26: 36 | EI26: 30 | EJ26: 66 | EL26: 9 | EM26: 2 | EN26: 10 | EO26: 10 | EP26: 31 | EQ26: 43 | ER26: 74
A27: 25 | B27: MARYAM IBRAHIM ADAMU | C27: 7 | D27: 3 | E27: 9 | F27: 9 | G27: =SUM(C27:F27) -> 28 | H27: 14 | I27: =G27+H27 -> 42 | K27: 3 | L27: 1 | M27: 10 | N27: 10 | O27: =SUM(K27:N27) -> 24 | P27: 19 | Q27: =O27+P27 -> 43 | S27: 2 | T27: 2 | U27: 5 | V27: 5 | W27: =SUM(S27:V27) -> 14 | X27: 25 | Y27: =W27+X27 -> 39 | Z27: =IF(Y27<10,"",RANK(Y27,Y$3:Y$52)) -> 35 | AA27: =IF(Y27>=70,"A",IF(Y27>=50,"C",IF(Y27>=45,"P",IF(Y27>=6,"F",IF(Y27<5,""))))) -> F | AB27: =IF(Y27>=70,"Excellent",IF(Y27>=50,"Credit",IF(Y27>=45,"Pass",IF(Y27>=6,"Fail",IF(Y27<5,""))))) -> Fail | AH27: =SUM(AD27:AG27) -> 0 | AJ27: =AH27+AI27 -> 0 | AL27: 1 | AM27: 1 | AN27: 7 | AO27: 8 | AP27: =SUM(AL27:AO27) -> 17 | AQ27: 16 | AR27: =AP27+AQ27 -> 33 | AT27: 1 | AU27: 4 | AV27: 10 | AW27: 4 | AX27: 19 | AY27: 13 | AZ27: 32 | BB27: 2 | BC27: 1 | BD27: 2 | BE27: 2 | BF27: 7 | BG27: 17 | BH27: 24 | BJ27: 2 | BK27: 5 | BL27: 8 | BM27: 10 | BN27: 25 | BO27: 8 | BP27: 33 | BR27: 2 | BS27: 2 | BT27: 7 | BU27: 8 | BV27: 19 | BW27: 10 | BX27: 29 | BZ27: 2 | CA27: 1 | CB27: 10 | CC27: 5 | CD27: 18 | CE27: 12 | CF27: 30 | CH27: 1 | CI27: 4 | CJ27: 10 | CK27: 10 | CL27: 25 | CM27: 12 | CN27: 37 | CP27: 2 | CQ27: 1 | CR27: 5 | CS27: 8 | CT27: 16 | CU27: 20 | CV27: 36 | CX27: 2 | CY27: 2 | CZ27: 9 | DA27: 9 | DB27: 22 | DC27: 18 | DD27: 40 | DF27: 1 | DG27: 1 | DH27: 1 | DI27: 5 | DJ27: 8 | DK27: 11 | DL27: 19 | DN27: 1 | DO27: 1 | DP27: 4 | DQ27: 5 | DR27: 11 | DS27: 14 | DT27: 25 | DV27: 1 | DW27: 2 | DX27: 8 | DY27: 10 | DZ27: 21 | EA27: 8 | EB27: 29 | ED27: 2 | EE27: 3 | EF27: 10 | EG27: 7 | EH27: 22 | EI27: 18 | EJ27: 40 | EL27: 1 | EM27: 2 | EN27: 5 | EO27: 5 | EP27: 13 | EQ27: 12 | ER27: 25
A28: 26 | B28: MARYAM LAWAN YAUMI | C28: 3 | D28: 5 | E28: 10 | F28: 10 | G28: =SUM(C28:F28) -> 28 | H28: 31 | I28: =G28+H28 -> 59 | K28: 2 | L28: 3 | M28: 10 | N28: 10 | O28: =SUM(K28:N28) -> 25 | P28: 20 | Q28: =O28+P28 -> 45 | S28: 6 | T28: 6 | U28: 5 | V28: 5 | W28: =SUM(S28:V28) -> 22 | X28: 36 | Y28: =W28+X28 -> 58 | Z28: =IF(Y28<10,"",RANK(Y28,Y$3:Y$52)) -> 19 | AA28: =IF(Y28>=70,"A",IF(Y28>=50,"C",IF(Y28>=45,"P",IF(Y28>=6,"F",IF(Y28<5,""))))) -> C | AB28: =IF(Y28>=70,"Excellent",IF(Y28>=50,"Credit",IF(Y28>=45,"Pass",IF(Y28>=6,"Fail",IF(Y28<5,""))))) -> Credit | AH28: =SUM(AD28:AG28) -> 0 | AJ28: =AH28+AI28 -> 0 | AL28: 3 | AM28: 4 | AN28: 7 | AO28: 7 | AP28: =SUM(AL28:AO28) -> 21 | AQ28: 17 | AR28: =AP28+AQ28 -> 38 | AT28: 3 | AU28: 1 | AV28: 5 | AW28: 4 | AX28: 13 | AY28: 21 | AZ28: 34 | BB28: 8 | BC28: 6 | BD28: 8 | BE28: 8 | BF28: 30 | BG28: 39 | BH28: 69 | BJ28: 6 | BK28: 9 | BL28: 8 | BM28: 9 | BN28: 32 | BO28: 26 | BP28: 58 | BR28: 7 | BS28: 8 | BT28: 7 | BU28: 10 | BV28: 32 | BW28: 19 | BX28: 51 | BZ28: 4 | CA28: 6 | CB28: 9 | CC28: 10 | CD28: 29 | CE28: 34 | CF28: 63 | CH28: 6 | CI28: 7 | CJ28: 10 | CK28: 10 | CL28: 33 | CM28: 42 | CN28: 75 | CP28: 7 | CQ28: 2 | CR28: 10 | CS28: 8 | CT28: 27 | CU28: 25 | CV28: 52 | CX28: 6 | CY28: 6 | CZ28: 8 | DA28: 9 | DB28: 29 | DC28: 20 | DD28: 49 | DF28: 5 | DG28: 7 | DH28: 4 | DI28: 9 | DJ28: 25 | DK28: 43 | DL28: 68 | DN28: 3 | DO28: 4 | DP28: 4 | DQ28: 9 | DR28: 20 | DS28: 22 | DT28: 42 | DV28: 4 | DW28: 6 | DX28: 8 | DY28: 10 | DZ28: 28 | EA28: 19 | EB28: 47 | ED28: 7 | EE28: 5 | EF28: 10 | EG28: 7 | EH28: 29 | EI28: 34 | EJ28: 63 | EL28: 7 | EM28: 4 | EN28: 5 | EO28: 5 | EP28: 21 | EQ28: 32 | ER28: 53
A29: 27 | B29: REJOICE YUSUF MAMZA | C29: 7 | D29: 6 | E29: 10 | F29: 10 | G29: =SUM(C29:F29) -> 33 | H29: 41 | I29: =G29+H29 -> 74 | K29: 9 | L29: 7 | M29: 10 | N29: 10 | O29: =SUM(K29:N29) -> 36 | P29: 28 | Q29: =O29+P29 -> 64 | S29: 10 | T29: 7 | U29: 5 | V29: 10 | W29: =SUM(S29:V29) -> 32 | X29: 52 | Y29: =W29+X29 -> 84 | Z29: =IF(Y29<10,"",RANK(Y29,Y$3:Y$52)) -> 1 | AA29: =IF(Y29>=70,"A",IF(Y29>=50,"C",IF(Y29>=45,"P",IF(Y29>=6,"F",IF(Y29<5,""))))) -> A | AB29: =IF(Y29>=70,"Excellent",IF(Y29>=50,"Credit",IF(Y29>=45,"Pass",IF(Y29>=6,"Fail",IF(Y29<5,""))))) -> Excellent | AD29: 10 | AE29: 10 | AF29: 10 | AG29: 10 | AH29: =SUM(AD29:AG29) -> 40 | AI29: 57 | AJ29: =AH29+AI29 -> 97 | AL29: 8 | AM29: 10 | AN29: 8 | AO29: 9 | AP29: =SUM(AL29:AO29) -> 35 | AQ29: 44 | AR29: =AP29+AQ29 -> 79 | AT29: 8 | AU29: 4 | AV29: 10 | AW29: 10 | AX29: 32 | AY29: 42 | AZ29: 74 | BB29: 10 | BC29: 7 | BD29: 9 | BE29: 10 | BF29: 36 | BG29: 53 | BH29: 89 | BJ29: 10 | BK29: 10 | BL29: 8 | BM29: 10 | BN29: 38 | BO29: 47 | BP29: 85 | BR29: 10 | BS29: 8 | BT29: 10 | BU29: 10 | BV29: 38 | BW29: 42 | BX29: 80 | BZ29: 8 | CA29: 8 | CB29: 10 | CC29: 10 | CD29: 36 | CE29: 47 | CF29: 83 | CH29: 10 | CI29: 10 | CJ29: 10 | CK29: 10 | CL29: 40 | CM29: 55 | CN29: 95 | CP29: 8 | CQ29: 7 | CR29: 10 | CS29: 8 | CT29: 33 | CU29: 40 | CV29: 73 | CX29: 6 | CY29: 4 | CZ29: 10 | DA29: 10 | DB29: 30 | DC29: 25 | DD29: 55 | DF29: 9 | DG29: 3 | DH29: 3 | DI29: 10 | DJ29: 25 | DK29: 47 | DL29: 72 | DN29: 7 | DO29: 9 | DP29: 6 | DQ29: 10 | DR29: 32 | DS29: 41 | DT29: 73 | DV29: 10 | DW29: 7 | DX29: 9 | DY29: 10 | DZ29: 36 | EA29: 50 | EB29: 86 | ED29: 10 | EE29: 8 | EF29: 8 | EG29: 10 | EH29: 36 | EI29: 40 | EJ29: 76 | EP29: 0 | ER29: 0
A30: 28 | B30: TIJJANI MUHAMMED FATIMA | C30: 10 | D30: 7 | E30: 10 | F30: 10 | G30: =SUM(C30:F30) -> 37 | H30: 44 | I30: =G30+H30 -> 81 | K30: 9 | L30: 7 | N30: 10 | O30: =SUM(K30:N30) -> 26 | P30: 36 | Q30: =O30+P30 -> 62 | S30: 10 | T30: 7 | U30: 5 | V30: 10 | W30: =SUM(S30:V30) -> 32 | X30: 40 | Y30: =W30+X30 -> 72 | Z30: =IF(Y30<10,"",RANK(Y30,Y$3:Y$52)) -> 6 | AA30: =IF(Y30>=70,"A",IF(Y30>=50,"C",IF(Y30>=45,"P",IF(Y30>=6,"F",IF(Y30<5,""))))) -> A | AB30: =IF(Y30>=70,"Excellent",IF(Y30>=50,"Credit",IF(Y30>=45,"Pass",IF(Y30>=6,"Fail",IF(Y30<5,""))))) -> Excellent | AH30: =SUM(AD30:AG30) -> 0 | AJ30: =AH30+AI30 -> 0 | AL30: 10 | AM30: 10 | AN30: 10 | AO30: 10 | AP30: =SUM(AL30:AO30) -> 40 | AQ30: 26 | AR30: =AP30+AQ30 -> 66 | AT30: 2 | AU30: 6 | AV30: 10 | AW30: 10 | AX30: 28 | AY30: 34 | AZ30: 62 | BB30: 8 | BC30: 7 | BD30: 9 | BE30: 10 | BF30: 34 | BG30: 48 | BH30: 82 | BJ30: 10 | BK30: 10 | BL30: 9 | BM30: 10 | BN30: 39 | BO30: 42 | BP30: 81 | BR30: 9 | BS30: 10 | BT30: 10 | BU30: 10 | BV30: 39 | BW30: 31 | BX30: 70 | BZ30: 9 | CA30: 6 | CB30: 10 | CC30: 10 | CD30: 35 | CE30: 42 | CF30: 77 | CH30: 8 | CI30: 7 | CJ30: 10 | CK30: 10 | CL30: 35 | CM30: 52 | CN30: 87 | CP30: 9 | CQ30: 6 | CR30: 10 | CS30: 8 | CT30: 33 | CU30: 45 | CV30: 78 | CX30: 6 | CY30: 7 | CZ30: 10 | DA30: 10 | DB30: 33 | DC30: 21 | DD30: 54 | DF30: 8 | DG30: 10 | DH30: 10 | DI30: 10 | DJ30: 38 | DK30: 50 | DL30: 88 | DN30: 6 | DO30: 8 | DP30: 7 | DQ30: 10 | DR30: 31 | DS30: 34 | DT30: 65 | DV30: 5 | DW30: 8 | DX30: 8 | DY30: 10 | DZ30: 31 | EA30: 45 | EB30: 76 | ED30: 10 | EE30: 10 | EF30: 10 | EG30: 10 | EH30: 40 | EI30: 36 | EJ30: 76 | EM30: 10 | EN30: 10 | EO30: 10 | EP30: 30 | EQ30: 39 | ER30: 69
A31: 29 | B31: SHETTIMA KALLI MARYAM | C31: 7 | D31: 7 | E31: 9 | F31: 10 | G31: =SUM(C31:F31) -> 33 | H31: 41 | I31: =G31+H31 -> 74 | K31: 4 | L31: 2 | M31: 10 | N31: 10 | O31: =SUM(K31:N31) -> 26 | P31: 24 | Q31: =O31+P31 -> 50 | S31: 9 | T31: 7 | U31: 5 | V31: 6 | W31: =SUM(S31:V31) -> 27 | X31: 32 | Y31: =W31+X31 -> 59 | Z31: =IF(Y31<10,"",RANK(Y31,Y$3:Y$52)) -> 18 | AA31: =IF(Y31>=70,"A",IF(Y31>=50,"C",IF(Y31>=45,"P",IF(Y31>=6,"F",IF(Y31<5,""))))) -> C | AB31: =IF(Y31>=70,"Excellent",IF(Y31>=50,"Credit",IF(Y31>=45,"Pass",IF(Y31>=6,"Fail",IF(Y31<5,""))))) -> Credit | AH31: =SUM(AD31:AG31) -> 0 | AJ31: =AH31+AI31 -> 0 | AL31: 4 | AM31: 10 | AN31: 8 | AO31: 8 | AP31: =SUM(AL31:AO31) -> 30 | AQ31: 25 | AR31: =AP31+AQ31 -> 55 | AT31: 2 | AU31: 5 | AV31: 10 | AW31: 4 | AX31: 21 | AY31: 25 | AZ31: 46 | BB31: 10 | BC31: 7 | BD31: 9 | BE31: 5 | BF31: 31 | BG31: 40 | BH31: 71 | BJ31: 7 | BK31: 8 | BL31: 10 | BM31: 10 | BN31: 35 | BO31: 35 | BP31: 70 | BR31: 4 | BS31: 9 | BT31: 10 | BU31: 10 | BV31: 33 | BW31: 30 | BX31: 63 | BZ31: 4 | CA31: 9 | CB31: 6 | CC31: 6 | CD31: 25 | CE31: 24 | CF31: 49 | CH31: 8 | CI31: 10 | CJ31: 10 | CK31: 10 | CL31: 38 | CM31: 26 | CN31: 64 | CP31: 7 | CQ31: 6 | CR31: 7 | CS31: 7 | CT31: 27 | CU31: 30 | CV31: 57 | CX31: 4 | CY31: 4 | CZ31: 9 | DA31: 9 | DB31: 26 | DC31: 26 | DD31: 52 | DF31: 10 | DG31: 7 | DH31: 10 | DI31: 10 | DJ31: 37 | DK31: 43 | DL31: 80 | DN31: 3 | DO31: 5 | DP31: 8 | DQ31: 10 | DR31: 26 | DS31: 33 | DT31: 59 | DV31: 5 | DW31: 10 | DX31: 9 | DY31: 10 | DZ31: 34 | EA31: 27 | EB31: 61 | ED31: 8 | EE31: 6 | EF31: 8 | EG31: 10 | EH31: 32 | EI31: 37 | EJ31: 69 | EL31: 8 | EM31: 8 | EN31: 10 | EO31: 10 | EP31: 36 | EQ31: 39 | ER31: 75
A32: 30 | B32: UMMI QUTHUM ALKON | C32: 4 | D32: 7 | E32: 9 | F32: 10 | G32: =SUM(C32:F32) -> 30 | H32: 27 | I32: =G32+H32 -> 57 | K32: 5 | L32: 3 | M32: 10 | N32: 10 | O32: =SUM(K32:N32) -> 28 | P32: 15 | Q32: =O32+P32 -> 43 | S32: 8 | T32: 6 | U32: 5 | V32: 8 | W32: =SUM(S32:V32) -> 27 | X32: 31 | Y32: =W32+X32 -> 58 | Z32: =IF(Y32<10,"",RANK(Y32,Y$3:Y$52)) -> 19 | AA32: =IF(Y32>=70,"A",IF(Y32>=50,"C",IF(Y32>=45,"P",IF(Y32>=6,"F",IF(Y32<5,""))))) -> C | AB32: =IF(Y32>=70,"Excellent",IF(Y32>=50,"Credit",IF(Y32>=45,"Pass",IF(Y32>=6,"Fail",IF(Y32<5,""))))) -> Credit | AH32: =SUM(AD32:AG32) -> 0 | AJ32: =AH32+AI32 -> 0 | AL32: 1 | AM32: 9 | AN32: 10 | AO32: 10 | AP32: =SUM(AL32:AO32) -> 30 | AQ32: 11 | AR32: =AP32+AQ32 -> 41 | AT32: 1 | AU32: 5 | AV32: 5 | AW32: 10 | AX32: 21 | AY32: 13 | AZ32: 34 | BB32: 2 | BC32: 8 | BD32: 4 | BE32: 10 | BF32: 24 | BG32: 24 | BH32: 48 | BJ32: 7 | BK32: 4 | BL32: 10 | BM32: 8 | BN32: 29 | BO32: 21 | BP32: 50 | BR32: 7 | BS32: 9 | BT32: 10 | BU32: 10 | BV32: 36 | BW32: 31 | BX32: 67 | BZ32: 6 | CA32: 5 | CB32: 8 | CC32: 10 | CD32: 29 | CE32: 28 | CF32: 57 | CH32: 7 | CI32: 5 | CJ32: 10 | CK32: 10 | CL32: 32 | CM32: 28 | CN32: 60 | CP32: 7 | CQ32: 5 | CR32: 10 | CS32: 8 | CT32: 30 | CU32: 35 | CV32: 65 | CX32: 6 | CY32: 6 | CZ32: 9 | DA32: 9 | DB32: 30 | DC32: 16 | DD32: 46 | DF32: 6 | DG32: 2 | DH32: 10 | DI32: 10 | DJ32: 28 | DK32: 32 | DL32: 60 | DN32: 5 | DO32: 8 | DP32: 5 | DQ32: 9 | DR32: 27 | DS32: 18 | DT32: 45 | DV32: 4 | DW32: 4 | DX32: 10 | DY32: 10 | DZ32: 28 | EA32: 15 | EB32: 43 | ED32: 7 | EE32: 4 | EF32: 8 | EG32: 10 | EH32: 29 | EI32: 35 | EJ32: 64 | EL32: 5 | EM32: 8 | EN32: 10 | EO32: 10 | EP32: 33 | EQ32: 37 | ER32: 70
A33: 31 | B33: ZARANDZA ABIGAIL | C33: 5 | D33: 4 | E33: 10 | F33: 9 | G33: =SUM(C33:F33) -> 28 | H33: 25 | I33: =G33+H33 -> 53 | K33: 1 | L33: 1 | M33: 10 | N33: 10 | O33: =SUM(K33:N33) -> 22 | P33: 27 | Q33: =O33+P33 -> 49 | S33: 7 | T33: 6 | U33: 5 | V33: 9 | W33: =SUM(S33:V33) -> 27 | X33: 30 | Y33: =W33+X33 -> 57 | Z33: =IF(Y33<10,"",RANK(Y33,Y$3:Y$52)) -> 23 | AA33: =IF(Y33>=70,"A",IF(Y33>=50,"C",IF(Y33>=45,"P",IF(Y33>=6,"F",IF(Y33<5,""))))) -> C | AB33: =IF(Y33>=70,"Excellent",IF(Y33>=50,"Credit",IF(Y33>=45,"Pass",IF(Y33>=6,"Fail",IF(Y33<5,""))))) -> Credit | AD33: 2 | AE33: 1 | AF33: 2 | AG33: 10 | AH33: =SUM(AD33:AG33) -> 15 | AI33: 31 | AJ33: =AH33+AI33 -> 46 | AL33: 1 | AM33: 3 | AN33: 8 | AO33: 7 | AP33: =SUM(AL33:AO33) -> 19 | AQ33: 12 | AR33: =AP33+AQ33 -> 31 | AT33: 1 | AU33: 4 | AV33: 10 | AW33: 9 | AX33: 24 | AY33: 20 | AZ33: 44 | BB33: 1 | BC33: 1 | BD33: 8 | BE33: 7 | BF33: 17 | BG33: 30 | BH33: 47 | BJ33: 5 | BK33: 6 | BL33: 10 | BM33: 8 | BN33: 29 | BO33: 18 | BP33: 47 | BR33: 3 | BS33: 4 | BT33: 8 | BU33: 10 | BV33: 25 | BW33: 25 | BX33: 50 | BZ33: 3 | CA33: 5 | CB33: 10 | CC33: 10 | CD33: 28 | CE33: 20 | CF33: 48 | CH33: 7 | CI33: 7 | CJ33: 10 | CK33: 10 | CL33: 34 | CM33: 32 | CN33: 66 | CP33: 4 | CQ33: 3 | CR33: 10 | CS33: 8 | CT33: 25 | CU33: 25 | CV33: 50 | CX33: 2 | CY33: 6 | CZ33: 10 | DA33: 10 | DB33: 28 | DC33: 26 | DD33: 54 | DF33: 1 | DG33: 2 | DH33: 9 | DI33: 9 | DJ33: 21 | DK33: 12 | DL33: 33 | DN33: 2 | DO33: 1 | DP33: 5 | DQ33: 8 | DR33: 16 | DS33: 12 | DT33: 28 | DV33: 1 | DW33: 3 | DX33: 8 | DY33: 8 | DZ33: 20 | EA33: 20 | EB33: 40 | ED33: 3 | EE33: 3 | EF33: 10 | EG33: 9 | EH33: 25 | EI33: 31 | EJ33: 56 | EP33: 0 | ER33: 0
A34: 32 | B34: BATULA BUKAR GANA | C34: 7 | D34: 4 | E34: 10 | F34: 10 | G34: =SUM(C34:F34) -> 31 | H34: 26 | I34: =G34+H34 -> 57 | K34: 1 | L34: 3 | M34: 10 | N34: 10 | O34: =SUM(K34:N34) -> 24 | P34: 24 | Q34: =O34+P34 -> 48 | S34: 8 | T34: 3 | U34: 5 | V34: 5 | W34: =SUM(S34:V34) -> 21 | X34: 36 | Y34: =W34+X34 -> 57 | Z34: =IF(Y34<10,"",RANK(Y34,Y$3:Y$52)) -> 23 | AA34: =IF(Y34>=70,"A",IF(Y34>=50,"C",IF(Y34>=45,"P",IF(Y34>=6,"F",IF(Y34<5,""))))) -> C | AB34: =IF(Y34>=70,"Excellent",IF(Y34>=50,"Credit",IF(Y34>=45,"Pass",IF(Y34>=6,"Fail",IF(Y34<5,""))))) -> Credit | AH34: =SUM(AD34:AG34) -> 0 | AJ34: =AH34+AI34 -> 0 | AL34: 4 | AM34: 5 | AN34: 7 | AO34: 7 | AP34: =SUM(AL34:AO34) -> 23 | AQ34: 26 | AR34: =AP34+AQ34 -> 49 | AT34: 1 | AU34: 1 | AV34: 10 | AW34: 4 | AX34: 16 | AY34: 12 | AZ34: 28 | BB34: 5 | BC34: 4 | BD34: 3 | BE34: 10 | BF34: 22 | BG34: 34 | BH34: 56 | BJ34: 4 | BK34: 7 | BL34: 10 | BM34: 8 | BN34: 29 | BO34: 19 | BP34: 48 | BR34: 4 | BS34: 2 | BT34: 7 | BU34: 8 | BV34: 21 | BW34: 30 | BX34: 51 | BZ34: 1 | CA34: 5 | CB34: 10 | CC34: 10 | CD34: 26 | CE34: 20 | CF34: 46 | CH34: 5 | CI34: 6 | CJ34: 8 | CK34: 10 | CL34: 29 | CM34: 29 | CN34: 58 | CP34: 2 | CQ34: 2 | CR34: 8 | CS34: 7 | CT34: 19 | CU34: 20 | CV34: 39 | CX34: 2 | CY34: 2 | CZ34: 9 | DA34: 10 | DB34: 23 | DC34: 19 | DD34: 42 | DF34: 4 | DG34: 5 | DH34: 2 | DI34: 4 | DJ34: 15 | DK34: 21 | DL34: 36 | DN34: 1 | DO34: 1 | DP34: 8 | DQ34: 7 | DR34: 17 | DS34: 10 | DT34: 27 | DV34: 3 | DW34: 6 | DX34: 8 | DY34: 10 | DZ34: 27 | EA34: 14 | EB34: 41 | ED34: 2 | EE34: 3 | EF34: 10 | EG34: 7 | EH34: 22 | EI34: 20 | EJ34: 42 | EL34: 7 | EM34: 7 | EN34: 10 | EO34: 10 | EP34: 34 | EQ34: 31 | ER34: 65
A35: 33 | B35: YUSUF GONI SALMA | C35: 5 | D35: 7 | E35: 10 | F35: 10 | G35: =SUM(C35:F35) -> 32 | H35: 30 | I35: =G35+H35 -> 62 | K35: 5 | L35: 3 | M35: 10 | N35: 10 | O35: =SUM(K35:N35) -> 28 | P35: 24 | Q35: =O35+P35 -> 52 | S35: 10 | T35: 6 | U35: 5 | V35: 9 | W35: =SUM(S35:V35) -> 30 | X35: 47 | Y35: =W35+X35 -> 77 | Z35: =IF(Y35<10,"",RANK(Y35,Y$3:Y$52)) -> 3 | AA35: =IF(Y35>=70,"A",IF(Y35>=50,"C",IF(Y35>=45,"P",IF(Y35>=6,"F",IF(Y35<5,""))))) -> A | AB35: =IF(Y35>=70,"Excellent",IF(Y35>=50,"Credit",IF(Y35>=45,"Pass",IF(Y35>=6,"Fail",IF(Y35<5,""))))) -> Excellent | AH35: =SUM(AD35:AG35) -> 0 | AJ35: =AH35+AI35 -> 0 | AL35: 8 | AM35: 4 | AN35: 10 | AO35: 8 | AP35: =SUM(AL35:AO35) -> 30 | AQ35: 31 | AR35: =AP35+AQ35 -> 61 | AT35: 2 | AU35: 1 | AV35: 5 | AW35: 10 | AX35: 18 | AY35: 24 | AZ35: 42 | BB35: 4 | BC35: 4 | BD35: 9 | BE35: 10 | BF35: 27 | BG35: 40 | BH35: 67 | BJ35: 5 | BK35: 9 | BL35: 9 | BM35: 10 | BN35: 33 | BO35: 22 | BP35: 55 | BR35: 7 | BS35: 7 | BT35: 10 | BU35: 10 | BV35: 34 | BW35: 40 | BX35: 74 | BZ35: 7 | CA35: 8 | CB35: 10 | CC35: 10 | CD35: 35 | CE35: 38 | CF35: 73 | CH35: 7 | CI35: 5 | CJ35: 10 | CK35: 10 | CL35: 32 | CM35: 44 | CN35: 76 | CP35: 8 | CQ35: 7 | CR35: 10 | CS35: 8 | CT35: 33 | CU35: 32 | CV35: 65 | CX35: 5 | CY35: 5 | CZ35: 9 | DA35: 10 | DB35: 29 | DC35: 18 | DD35: 47 | DF35: 8 | DG35: 2 | DH35: 10 | DI35: 10 | DJ35: 30 | DK35: 38 | DL35: 68 | DN35: 3 | DO35: 8 | DP35: 6 | DQ35: 10 | DR35: 27 | DS35: 26 | DT35: 53 | DV35: 6 | DW35: 8 | DX35: 8 | DY35: 10 | DZ35: 32 | EA35: 27 | EB35: 59 | ED35: 10 | EE35: 8 | EF35: 7 | EG35: 10 | EH35: 35 | EI35: 41 | EJ35: 76 | EL35: 3 | EM35: 7 | EN35: 5 | EO35: 5 | EP35: 20 | EQ35: 28 | ER35: 48
A36: 34 | B36: BUKAR ABBA HAUWA | C36: 9 | D36: 4 | E36: 10 | F36: 10 | G36: =SUM(C36:F36) -> 33 | H36: 25 | I36: =G36+H36 -> 58 | K36: 5 | L36: 7 | M36: 10 | N36: 10 | O36: =SUM(K36:N36) -> 32 | P36: 20 | Q36: =O36+P36 -> 52 | S36: 6 | T36: 5 | U36: 5 | V36: 10 | W36: =SUM(S36:V36) -> 26 | X36: 32 | Y36: =W36+X36 -> 58 | Z36: =IF(Y36<10,"",RANK(Y36,Y$3:Y$52)) -> 19 | AA36: =IF(Y36>=70,"A",IF(Y36>=50,"C",IF(Y36>=45,"P",IF(Y36>=6,"F",IF(Y36<5,""))))) -> C | AB36: =IF(Y36>=70,"Excellent",IF(Y36>=50,"Credit",IF(Y36>=45,"Pass",IF(Y36>=6,"Fail",IF(Y36<5,""))))) -> Credit | AH36: =SUM(AD36:AG36) -> 0 | AJ36: =AH36+AI36 -> 0 | AL36: 4 | AM36: 2 | AN36: 10 | AO36: 8 | AP36: =SUM(AL36:AO36) -> 24 | AQ36: 18 | AR36: =AP36+AQ36 -> 42 | AT36: 1 | AU36: 5 | AV36: 10 | AW36: 7 | AX36: 23 | AY36: 13 | AZ36: 36 | BB36: 1 | BC36: 6 | BD36: 9 | BE36: 4 | BF36: 20 | BG36: 31 | BH36: 51 | BJ36: 5 | BK36: 7 | BL36: 8 | BM36: 10 | BN36: 30 | BO36: 27 | BP36: 57 | BR36: 4 | BS36: 2 | BT36: 6 | BU36: 10 | BV36: 22 | BW36: 30 | BX36: 52 | BZ36: 4 | CA36: 4 | CB36: 10 | CC36: 10 | CD36: 28 | CE36: 31 | CF36: 59 | CH36: 1 | CI36: 5 | CJ36: 10 | CK36: 10 | CL36: 26 | CM36: 32 | CN36: 58 | CP36: 6 | CQ36: 2 | CR36: 5 | CS36: 8 | CT36: 21 | CU36: 25 | CV36: 46 | CX36: 2 | CY36: 4 | CZ36: 10 | DA36: 10 | DB36: 26 | DC36: 20 | DD36: 46 | DF36: 2 | DG36: 1 | DH36: 5 | DI36: 10 | DJ36: 18 | DK36: 23 | DL36: 41 | DN36: 1 | DO36: 1 | DP36: 4 | DQ36: 7 | DR36: 13 | DS36: 21 | DT36: 34 | DV36: 3 | DW36: 2 | DX36: 10 | DY36: 10 | DZ36: 25 | EA36: 17 | EB36: 42 | ED36: 7 | EE36: 6 | EF36: 8 | EG36: 10 | EH36: 31 | EI36: 32 | EJ36: 63 | EL36: 4 | EM36: 5 | EN36: 5 | EO36: 5 | EP36: 19 | EQ36: 23 | ER36: 42
A37: 35 | B37: ZAKARIYA ESTHER | C37: 3 | D37: 5 | E37: 10 | F37: 10 | G37: =SUM(C37:F37) -> 28 | H37: 28 | I37: =G37+H37 -> 56 | K37: 5 | L37: 1 | M37: 10 | N37: 10 | O37: =SUM(K37:N37) -> 26 | P37: 26 | Q37: =O37+P37 -> 52 | S37: 1 | T37: 4 | U37: 5 | V37: 5 | W37: =SUM(S37:V37) -> 15 | X37: 31 | Y37: =W37+X37 -> 46 | Z37: =IF(Y37<10,"",RANK(Y37,Y$3:Y$52)) -> 32 | AA37: =IF(Y37>=70,"A",IF(Y37>=50,"C",IF(Y37>=45,"P",IF(Y37>=6,"F",IF(Y37<5,""))))) -> P | AB37: =IF(Y37>=70,"Excellent",IF(Y37>=50,"Credit",IF(Y37>=45,"Pass",IF(Y37>=6,"Fail",IF(Y37<5,""))))) -> Pass | AD37: 4 | AE37: 1 | AF37: 2 | AG37: 10 | AH37: =SUM(AD37:AG37) -> 17 | AI37: 48 | AJ37: =AH37+AI37 -> 65 | AL37: 1 | AM37: 1 | AN37: 8 | AO37: 9 | AP37: =SUM(AL37:AO37) -> 19 | AQ37: 23 | AR37: =AP37+AQ37 -> 42 | AT37: 2 | AU37: 2 | AV37: 10 | AW37: 4 | AX37: 18 | AY37: 18 | AZ37: 36 | BB37: 6 | BC37: 2 | BD37: 10 | BE37: 8 | BF37: 26 | BG37: 36 | BH37: 62 | BJ37: 4 | BK37: 7 | BL37: 10 | BM37: 10 | BN37: 31 | BO37: 23 | BP37: 54 | BR37: 2 | BS37: 3 | BT37: 10 | BU37: 10 | BV37: 25 | BW37: 19 | BX37: 44 | BZ37: 5 | CA37: 9 | CB37: 10 | CC37: 10 | CD37: 34 | CE37: 36 | CF37: 70 | CH37: 1 | CI37: 6 | CL37: 7 | CM37: 41 | CN37: 48 | CP37: 2 | CQ37: 2 | CR37: 10 | CS37: 8 | CT37: 22 | CU37: 25 | CV37: 47 | CX37: 2 | CY37: 2 | CZ37: 9 | DA37: 10 | DB37: 23 | DC37: 23 | DD37: 46 | DF37: 1 | DG37: 1 | DH37: 10 | DI37: 10 | DJ37: 22 | DK37: 18 | DL37: 40 | DN37: 2 | DO37: 6 | DP37: 10 | DQ37: 10 | DR37: 28 | DS37: 27 | DT37: 55 | DV37: 3 | DW37: 4 | DX37: 10 | DY37: 10 | DZ37: 27 | EA37: 14 | EB37: 41 | ED37: 7 | EE37: 5 | EF37: 7 | EG37: 10 | EH37: 29 | EI37: 30 | EJ37: 59 | EP37: 0 | ER37: 0
A38: 36 | B38: VICTOR EBENEZER | C38: 10 | D38: 5 | E38: 10 | F38: 10 | G38: =SUM(C38:F38) -> 35 | H38: 31 | I38: =G38+H38 -> 66 | K38: 3 | L38: 7 | M38: 10 | N38: 10 | O38: =SUM(K38:N38) -> 30 | P38: 20 | Q38: =O38+P38 -> 50 | S38: 7 | T38: 6 | U38: 5 | V38: 7 | W38: =SUM(S38:V38) -> 25 | X38: 36 | Y38: =W38+X38 -> 61 | Z38: =IF(Y38<10,"",RANK(Y38,Y$3:Y$52)) -> 17 | AA38: =IF(Y38>=70,"A",IF(Y38>=50,"C",IF(Y38>=45,"P",IF(Y38>=6,"F",IF(Y38<5,""))))) -> C | AB38: =IF(Y38>=70,"Excellent",IF(Y38>=50,"Credit",IF(Y38>=45,"Pass",IF(Y38>=6,"Fail",IF(Y38<5,""))))) -> Credit | AD38: 9 | AE38: 3 | AF38: 2 | AG38: 2 | AH38: =SUM(AD38:AG38) -> 16 | AI38: 51 | AJ38: =AH38+AI38 -> 67 | AL38: 3 | AM38: 3 | AN38: 10 | AO38: 8 | AP38: =SUM(AL38:AO38) -> 24 | AQ38: 15 | AR38: =AP38+AQ38 -> 39 | AT38: 2 | AU38: 4 | AV38: 10 | AW38: 10 | AX38: 26 | AY38: 22 | AZ38: 48 | BB38: 8 | BC38: 1 | BD38: 2 | BE38: 5 | BF38: 16 | BG38: 25 | BH38: 41 | BJ38: 5 | BK38: 9 | BL38: 10 | BM38: 10 | BN38: 34 | BO38: 23 | BP38: 57 | BR38: 6 | BS38: 5 | BT38: 7 | BU38: 10 | BV38: 28 | BW38: 24 | BX38: 52 | BZ38: 6 | CA38: 8 | CB38: 9 | CC38: 10 | CD38: 33 | CE38: 35 | CF38: 68 | CH38: 8 | CI38: 7 | CJ38: 10 | CK38: 10 | CL38: 35 | CM38: 30 | CN38: 65 | CP38: 7 | CQ38: 4 | CR38: 8 | CS38: 8 | CT38: 27 | CU38: 21 | CV38: 48 | CX38: 4 | CY38: 4 | CZ38: 10 | DA38: 10 | DB38: 28 | DC38: 15 | DD38: 43 | DF38: 1 | DG38: 1 | DH38: 7 | DI38: 10 | DJ38: 15 | DK38: 32 | DL38: 47 | DN38: 1 | DO38: 1 | DP38: 3 | DQ38: 7 | DR38: 12 | DS38: 21 | DT38: 33 | DV38: 3 | DW38: 3 | DX38: 8 | DY38: 10 | DZ38: 24 | EA38: 15 | EB38: 39 | ED38: 4 | EE38: 4 | EF38: 10 | EG38: 10 | EH38: 28 | EI38: 31 | EJ38: 59 | EP38: 0 | ER38: 0
A39: 37 | B39: ALI UMAR AISHA | C39: 1 | D39: 1 | E39: 1 | F39: 1 | G39: =SUM(C39:F39) -> 4 | H39: 10 | I39: =G39+H39 -> 14 | K39: 1 | L39: 1 | M39: 10 | N39: 10 | O39: =SUM(K39:N39) -> 22 | P39: 22 | Q39: =O39+P39 -> 44 | S39: 5 | U39: 5 | V39: 5 | W39: =SUM(S39:V39) -> 15 | X39: 21 | Y39: =W39+X39 -> 36 | Z39: =IF(Y39<10,"",RANK(Y39,Y$3:Y$52)) -> 36 | AA39: =IF(Y39>=70,"A",IF(Y39>=50,"C",IF(Y39>=45,"P",IF(Y39>=6,"F",IF(Y39<5,""))))) -> F | AB39: =IF(Y39>=70,"Excellent",IF(Y39>=50,"Credit",IF(Y39>=45,"Pass",IF(Y39>=6,"Fail",IF(Y39<5,""))))) -> Fail | AH39: =SUM(AD39:AG39) -> 0 | AJ39: =AH39+AI39 -> 0 | AL39: 1 | AM39: 1 | AN39: 7 | AO39: 8 | AP39: =SUM(AL39:AO39) -> 17 | AQ39: 17 | AR39: =AP39+AQ39 -> 34 | AT39: 2 | AV39: 5 | AW39: 4 | AX39: 11 | AY39: 13 | AZ39: 24 | BB39: 6 | BD39: 1 | BE39: 3 | BF39: 10 | BG39: 17 | BH39: 27 | BJ39: 4 | BK39: 5 | BL39: 10 | BM39: 9 | BN39: 28 | BO39: 11 | BP39: 39 | BR39: 3 | BT39: 7 | BU39: 8 | BV39: 18 | BW39: 12 | BX39: 30 | BZ39: 2 | CA39: 6 | CB39: 10 | CC39: 6 | CD39: 24 | CF39: 24 | CH39: 2 | CI39: 1 | CJ39: 10 | CK39: 10 | CL39: 23 | CM39: 9 | CN39: 32 | CP39: 4 | CQ39: 3 | CR39: 8 | CS39: 6 | CT39: 21 | CU39: 15 | CV39: 36 | CX39: 6 | CY39: 6 | CZ39: 8 | DA39: 9 | DB39: 29 | DC39: 17 | DD39: 46 | DG39: 4 | DH39: 2 | DI39: 5 | DJ39: 11 | DL39: 11 | DN39: 1 | DP39: 2 | DQ39: 3 | DR39: 6 | DS39: 16 | DT39: 22 | DZ39: 0 | EB39: 0 | ED39: 3 | EE39: 3 | EF39: 10 | EG39: 10 | EH39: 26 | EI39: 14 | EJ39: 40 | EL39: 7 | EM39: 2 | EN39: 5 | EO39: 5 | EP39: 19 | EQ39: 13 | ER39: 32
A40: 38 | B40: AMELIA GEORGE G | C40: 6 | D40: 9 | E40: 9 | F40: 10 | G40: =SUM(C40:F40) -> 34 | H40: 40 | I40: =G40+H40 -> 74 | K40: 10 | L40: 3 | M40: 10 | N40: 10 | O40: =SUM(K40:N40) -> 33 | P40: 21 | Q40: =O40+P40 -> 54 | S40: 10 | T40: 6 | U40: 5 | V40: 8 | W40: =SUM(S40:V40) -> 29 | X40: 43 | Y40: =W40+X40 -> 72 | Z40: =IF(Y40<10,"",RANK(Y40,Y$3:Y$52)) -> 6 | AA40: =IF(Y40>=70,"A",IF(Y40>=50,"C",IF(Y40>=45,"P",IF(Y40>=6,"F",IF(Y40<5,""))))) -> A | AB40: =IF(Y40>=70,"Excellent",IF(Y40>=50,"Credit",IF(Y40>=45,"Pass",IF(Y40>=6,"Fail",IF(Y40<5,""))))) -> Excellent | AD40: 6 | AE40: 8 | AF40: 10 | AG40: 10 | AH40: =SUM(AD40:AG40) -> 34 | AI40: 49 | AJ40: =AH40+AI40 -> 83 | AL40: 8 | AM40: 6 | AN40: 8 | AO40: 9 | AP40: =SUM(AL40:AO40) -> 31 | AQ40: 23 | AR40: =AP40+AQ40 -> 54 | AT40: 4 | AU40: 6 | AV40: 5 | AW40: 10 | AX40: 25 | AY40: 37 | AZ40: 62 | BB40: 10 | BC40: 6 | BD40: 10 | BE40: 3 | BF40: 29 | BG40: 39 | BH40: 68 | BJ40: 9 | BK40: 6 | BL40: 9 | BM40: 10 | BN40: 34 | BO40: 40 | BP40: 74 | BR40: 8 | BS40: 7 | BT40: 10 | BU40: 10 | BV40: 35 | BW40: 40 | BX40: 75 | BZ40: 9 | CA40: 10 | CB40: 10 | CC40: 10 | CD40: 39 | CE40: 50 | CF40: 89 | CH40: 10 | CI40: 10 | CJ40: 10 | CK40: 10 | CL40: 40 | CM40: 47 | CN40: 87 | CP40: 8 | CQ40: 7 | CR40: 8 | CS40: 8 | CT40: 31 | CU40: 44 | CV40: 75 | CX40: 4 | CY40: 5 | CZ40: 10 | DA40: 10 | DB40: 29 | DC40: 19 | DD40: 48 | DF40: 7 | DG40: 2 | DH40: 3 | DI40: 10 | DJ40: 22 | DK40: 45 | DL40: 67 | DN40: 5 | DO40: 7 | DP40: 5 | DQ40: 9 | DR40: 26 | DS40: 34 | DT40: 60 | DV40: 6 | DW40: 8 | DX40: 8 | DY40: 10 | DZ40: 32 | EA40: 47 | EB40: 79 | ED40: 9 | EE40: 8 | EF40: 10 | EG40: 10 | EH40: 37 | EI40: 43 | EJ40: 80 | EP40: 0 | ER40: 0
A41: 39 | B41: JAMES EMMANUEL | C41: 5 | D41: 5 | E41: 9 | F41: 9 | G41: =SUM(C41:F41) -> 28 | H41: 32 | I41: =G41+H41 -> 60 | K41: 1 | L41: 5 | N41: 10 | O41: =SUM(K41:N41) -> 16 | P41: 28 | Q41: =O41+P41 -> 44 | S41: 9 | T41: 4 | U41: 5 | V41: 5 | W41: =SUM(S41:V41) -> 23 | X41: 30 | Y41: =W41+X41 -> 53 | Z41: =IF(Y41<10,"",RANK(Y41,Y$3:Y$52)) -> 28 | AA41: =IF(Y41>=70,"A",IF(Y41>=50,"C",IF(Y41>=45,"P",IF(Y41>=6,"F",IF(Y41<5,""))))) -> C | AB41: =IF(Y41>=70,"Excellent",IF(Y41>=50,"Credit",IF(Y41>=45,"Pass",IF(Y41>=6,"Fail",IF(Y41<5,""))))) -> Credit | AE41: 5 | AF41: 2 | AG41: 2 | AH41: =SUM(AD41:AG41) -> 9 | AI41: 54 | AJ41: =AH41+AI41 -> 63 | AL41: 4 | AN41: 8 | AO41: 9 | AP41: =SUM(AL41:AO41) -> 21 | AQ41: 19 | AR41: =AP41+AQ41 -> 40 | AT41: 1 | AU41: 1 | AV41: 5 | AW41: 4 | AX41: 11 | AY41: 28 | AZ41: 39 | BB41: 4 | BC41: 2 | BD41: 9 | BE41: 7 | BF41: 22 | BG41: 38 | BH41: 60 | BJ41: 8 | BK41: 7 | BL41: 10 | BM41: 10 | BN41: 35 | BO41: 17 | BP41: 52 | BR41: 5 | BS41: 1 | BT41: 10 | BU41: 10 | BV41: 26 | BW41: 24 | BX41: 50 | BZ41: 6 | CB41: 10 | CC41: 6 | CD41: 22 | CE41: 33 | CF41: 55 | CI41: 3 | CJ41: 8 | CK41: 10 | CL41: 21 | CM41: 36 | CN41: 57 | CP41: 2 | CQ41: 4 | CR41: 7 | CS41: 7 | CT41: 20 | CU41: 25 | CV41: 45 | CX41: 3 | CY41: 3 | CZ41: 9 | DA41: 10 | DB41: 25 | DC41: 19 | DD41: 44 | DF41: 7 | DG41: 6 | DH41: 2 | DI41: 9 | DJ41: 24 | DK41: 29 | DL41: 53 | DN41: 1 | DO41: 1 | DP41: 2 | DQ41: 6 | DR41: 10 | DS41: 16 | DT41: 26 | DV41: 1 | DW41: 6 | DX41: 7 | DY41: 10 | DZ41: 24 | EA41: 21 | EB41: 45 | ED41: 3 | EE41: 5 | EF41: 7 | EG41: 10 | EH41: 25 | EI41: 26 | EJ41: 51 | EP41: 0 | ER41: 0
A42: 40 | B42: FAVOUR SHANNA M. | G42: =SUM(C42:F42) -> 0 | I42: =G42+H42 -> 0 | O42: =SUM(K42:N42) -> 0 | Q42: =O42+P42 -> 0 | W42: =SUM(S42:V42) -> 0 | Y42: =W42+X42 -> 0 | Z42: =IF(Y42<10,"",RANK(Y42,Y$3:Y$52)) | AA42: =IF(Y42>=70,"A",IF(Y42>=50,"C",IF(Y42>=45,"P",IF(Y42>=6,"F",IF(Y42<5,""))))) | AB42: =IF(Y42>=70,"Excellent",IF(Y42>=50,"Credit",IF(Y42>=45,"Pass",IF(Y42>=6,"Fail",IF(Y42<5,""))))) | AH42: =SUM(AD42:AG42) -> 0 | AJ42: =AH42+AI42 -> 0 | AP42: =SUM(AL42:AO42) -> 0 | AR42: =AP42+AQ42 -> 0 | AX42: 0 | AZ42: 0 | BF42: 0 | BH42: 0 | BN42: 0 | BP42: 0 | BV42: 0 | BX42: 0 | CA42: 1 | CB42: 10 | CC42: 6 | CD42: 17 | CE42: 10 | CF42: 27 | CL42: 0 | CN42: 0 | CT42: 0 | CV42: 0 | CX42: 2 | CY42: 2 | CZ42: 10 | DA42: 10 | DB42: 24 | DD42: 24 | DJ42: 0 | DL42: 0 | DR42: 0 | DT42: 0 | DZ42: 0 | EB42: 0 | EH42: 0 | EJ42: 0 | EP42: 0 | ER42: 0
A43: 41 | B43: ISHAQ MUHAMMED NUR | C43: 1 | D43: 1 | E43: 1 | F43: 1 | G43: =SUM(C43:F43) -> 4 | H43: 19 | I43: =G43+H43 -> 23 | K43: 5 | L43: 3 | M43: 10 | N43: 10 | O43: =SUM(K43:N43) -> 28 | P43: 18 | Q43: =O43+P43 -> 46 | T43: 2 | U43: 5 | V43: 5 | W43: =SUM(S43:V43) -> 12 | X43: 9 | Y43: =W43+X43 -> 21 | Z43: =IF(Y43<10,"",RANK(Y43,Y$3:Y$52)) -> 40 | AA43: =IF(Y43>=70,"A",IF(Y43>=50,"C",IF(Y43>=45,"P",IF(Y43>=6,"F",IF(Y43<5,""))))) -> F | AB43: =IF(Y43>=70,"Excellent",IF(Y43>=50,"Credit",IF(Y43>=45,"Pass",IF(Y43>=6,"Fail",IF(Y43<5,""))))) -> Fail | AH43: =SUM(AD43:AG43) -> 0 | AJ43: =AH43+AI43 -> 0 | AM43: 1 | AN43: 6 | AO43: 7 | AP43: =SUM(AL43:AO43) -> 14 | AQ43: 11 | AR43: =AP43+AQ43 -> 25 | AU43: 1 | AV43: 5 | AW43: 4 | AX43: 10 | AY43: 13 | AZ43: 23 | BC43: 1 | BD43: 1 | BE43: 3 | BF43: 5 | BG43: 11 | BH43: 16 | BN43: 0 | BP43: 0 | BS43: 1 | BT43: 10 | BU43: 10 | BV43: 21 | BW43: 7 | BX43: 28 | CD43: =SUM(BZ43:CC43) -> 0 | CF43: =CD43+CE43 -> 0 | CI43: 1 | CK43: 10 | CL43: 11 | CM43: 21 | CN43: 32 | CP43: 6 | CQ43: 4 | CR43: 7 | CS43: 7 | CT43: 24 | CU43: 25 | CV43: 49 | CX43: 4 | CY43: 4 | CZ43: 10 | DA43: 10 | DB43: 28 | DC43: 10 | DD43: 38 | DJ43: 0 | DK43: 15 | DL43: 15 | DO43: 1 | DP43: 2 | DQ43: 3 | DR43: 6 | DS43: 9 | DT43: 15 | DX43: 6 | DY43: 5 | DZ43: 11 | EA43: 7 | EB43: 18 | EE43: 2 | EF43: 6 | EG43: 4 | EH43: 12 | EI43: 8 | EJ43: 20 | EM43: 3 | EN43: 5 | EO43: 5 | EP43: 13 | EQ43: 20 | ER43: 33
G44: =SUM(C44:F44) -> 0 | I44: =G44+H44 -> 0 | O44: =SUM(K44:N44) -> 0 | Q44: =O44+P44 -> 0 | W44: =SUM(S44:V44) -> 0 | Y44: =W44+X44 -> 0 | Z44: =IF(Y44<10,"",RANK(Y44,Y$3:Y$52)) | AA44: =IF(Y44>=70,"A",IF(Y44>=50,"C",IF(Y44>=45,"P",IF(Y44>=6,"F",IF(Y44<5,""))))) | AB44: =IF(Y44>=70,"Excellent",IF(Y44>=50,"Credit",IF(Y44>=45,"Pass",IF(Y44>=6,"Fail",IF(Y44<5,""))))) | AH44: =SUM(AD44:AG44) -> 0 | AJ44: =AH44+AI44 -> 0 | AP44: =SUM(AL44:AO44) -> 0 | AR44: =AP44+AQ44 -> 0 | AX44: =SUM(AT44:AW44) -> 0 | AZ44: =AX44+AY44 -> 0 | BF44: =SUM(BB44:BE44) -> 0 | BH44: =BF44+BG44 -> 0 | BN44: =SUM(BJ44:BM44) -> 0 | BP44: =BN44+BO44 -> 0 | BV44: =SUM(BR44:BU44) -> 0 | BX44: =BV44+BW44 -> 0 | CD44: =SUM(BZ44:CC44) -> 0 | CF44: =CD44+CE44 -> 0 | CL44: 0 | CN44: 0 | CT44: =SUM(CP44:CS44) -> 0 | CV44: =CT44+CU44 -> 0 | DB44: =SUM(CX44:DA44) -> 0 | DD44: =DB44+DC44 -> 0 | DJ44: =SUM(DF44:DI44) -> 0 | DL44: =DJ44+DK44 -> 0 | DR44: =SUM(DN44:DQ44) -> 0 | DT44: =DR44+DS44 -> 0 | DZ44: 0 | EB44: 0 | EH44: 0 | EJ44: 0 | EP44: 0 | ER44: 0
G45: =SUM(C45:F45) -> 0 | I45: =G45+H45 -> 0 | O45: =SUM(K45:N45) -> 0 | Q45: =O45+P45 -> 0 | W45: =SUM(S45:V45) -> 0 | Y45: =W45+X45 -> 0 | Z45: =IF(Y45<10,"",RANK(Y45,Y$3:Y$52)) | AA45: =IF(Y45>=70,"A",IF(Y45>=50,"C",IF(Y45>=45,"P",IF(Y45>=6,"F",IF(Y45<5,""))))) | AB45: =IF(Y45>=70,"Excellent",IF(Y45>=50,"Credit",IF(Y45>=45,"Pass",IF(Y45>=6,"Fail",IF(Y45<5,""))))) | AH45: =SUM(AD45:AG45) -> 0 | AJ45: =AH45+AI45 -> 0 | AP45: =SUM(AL45:AO45) -> 0 | AR45: =AP45+AQ45 -> 0 | AX45: =SUM(AT45:AW45) -> 0 | AZ45: =AX45+AY45 -> 0 | BF45: =SUM(BB45:BE45) -> 0 | BH45: =BF45+BG45 -> 0 | BN45: =SUM(BJ45:BM45) -> 0 | BP45: =BN45+BO45 -> 0 | BV45: =SUM(BR45:BU45) -> 0 | BX45: =BV45+BW45 -> 0 | CD45: =SUM(BZ45:CC45) -> 0 | CF45: =CD45+CE45 -> 0 | CL45: 0 | CN45: 0 | CT45: =SUM(CP45:CS45) -> 0 | CV45: =CT45+CU45 -> 0 | DB45: =SUM(CX45:DA45) -> 0 | DD45: =DB45+DC45 -> 0 | DJ45: =SUM(DF45:DI45) -> 0 | DL45: =DJ45+DK45 -> 0 | DR45: =SUM(DN45:DQ45) -> 0 | DT45: =DR45+DS45 -> 0 | DZ45: =SUM(DV45:DY45) -> 0 | EB45: =DZ45+EA45 -> 0 | EH45: =SUM(ED45:EG45) -> 0 | EJ45: =EH45+EI45 -> 0 | EP45: =SUM(EL45:EO45) -> 0 | ER45: =EP45+EQ45 -> 0
G46: =SUM(C46:F46) -> 0 | I46: =G46+H46 -> 0 | O46: =SUM(K46:N46) -> 0 | Q46: =O46+P46 -> 0 | W46: =SUM(S46:V46) -> 0 | Y46: =W46+X46 -> 0 | Z46: =IF(Y46<10,"",RANK(Y46,Y$3:Y$52)) | AA46: =IF(Y46>=70,"A",IF(Y46>=50,"C",IF(Y46>=45,"P",IF(Y46>=6,"F",IF(Y46<5,""))))) | AB46: =IF(Y46>=70,"Excellent",IF(Y46>=50,"Credit",IF(Y46>=45,"Pass",IF(Y46>=6,"Fail",IF(Y46<5,""))))) | AH46: =SUM(AD46:AG46) -> 0 | AJ46: =AH46+AI46 -> 0 | AP46: =SUM(AL46:AO46) -> 0 | AR46: =AP46+AQ46 -> 0 | AX46: =SUM(AT46:AW46) -> 0 | AZ46: =AX46+AY46 -> 0 | BF46: =SUM(BB46:BE46) -> 0 | BH46: =BF46+BG46 -> 0 | BN46: =SUM(BJ46:BM46) -> 0 | BP46: =BN46+BO46 -> 0 | BV46: =SUM(BR46:BU46) -> 0 | BX46: =BV46+BW46 -> 0 | CD46: =SUM(BZ46:CC46) -> 0 | CF46: =CD46+CE46 -> 0 | CL46: 0 | CN46: 0 | CT46: =SUM(CP46:CS46) -> 0 | CV46: =CT46+CU46 -> 0 | DB46: =SUM(CX46:DA46) -> 0 | DD46: =DB46+DC46 -> 0 | DJ46: =SUM(DF46:DI46) -> 0 | DL46: =DJ46+DK46 -> 0 | DR46: =SUM(DN46:DQ46) -> 0 | DT46: =DR46+DS46 -> 0 | DZ46: =SUM(DV46:DY46) -> 0 | EB46: =DZ46+EA46 -> 0 | EH46: =SUM(ED46:EG46) -> 0 | EJ46: =EH46+EI46 -> 0 | EP46: =SUM(EL46:EO46) -> 0 | ER46: =EP46+EQ46 -> 0
G47: =SUM(C47:F47) -> 0 | I47: =G47+H47 -> 0 | O47: =SUM(K47:N47) -> 0 | Q47: =O47+P47 -> 0 | W47: =SUM(S47:V47) -> 0 | Y47: =W47+X47 -> 0 | Z47: =IF(Y47<10,"",RANK(Y47,Y$3:Y$52)) | AA47: =IF(Y47>=70,"A",IF(Y47>=50,"C",IF(Y47>=45,"P",IF(Y47>=6,"F",IF(Y47<5,""))))) | AB47: =IF(Y47>=70,"Excellent",IF(Y47>=50,"Credit",IF(Y47>=45,"Pass",IF(Y47>=6,"Fail",IF(Y47<5,""))))) | AH47: =SUM(AD47:AG47) -> 0 | AJ47: =AH47+AI47 -> 0 | AP47: =SUM(AL47:AO47) -> 0 | AR47: =AP47+AQ47 -> 0 | AX47: =SUM(AT47:AW47) -> 0 | AZ47: =AX47+AY47 -> 0 | BF47: =SUM(BB47:BE47) -> 0 | BH47: =BF47+BG47 -> 0 | BN47: =SUM(BJ47:BM47) -> 0 | BP47: =BN47+BO47 -> 0 | BV47: =SUM(BR47:BU47) -> 0 | BX47: =BV47+BW47 -> 0 | CD47: =SUM(BZ47:CC47) -> 0 | CF47: =CD47+CE47 -> 0 | CL47: =SUM(CH47:CK47) -> 0 | CN47: =CL47+CM47 -> 0 | CT47: =SUM(CP47:CS47) -> 0 | CV47: =CT47+CU47 -> 0 | DB47: =SUM(CX47:DA47) -> 0 | DD47: =DB47+DC47 -> 0 | DJ47: =SUM(DF47:DI47) -> 0 | DL47: =DJ47+DK47 -> 0 | DR47: =SUM(DN47:DQ47) -> 0 | DT47: =DR47+DS47 -> 0 | DZ47: =SUM(DV47:DY47) -> 0 | EB47: =DZ47+EA47 -> 0 | EH47: =SUM(ED47:EG47) -> 0 | EJ47: =EH47+EI47 -> 0 | EP47: =SUM(EL47:EO47) -> 0 | ER47: =EP47+EQ47 -> 0
G48: =SUM(C48:F48) -> 0 | I48: =G48+H48 -> 0 | O48: =SUM(K48:N48) -> 0 | Q48: =O48+P48 -> 0 | W48: =SUM(S48:V48) -> 0 | Y48: =W48+X48 -> 0 | Z48: =IF(Y48<10,"",RANK(Y48,Y$3:Y$52)) | AA48: =IF(Y48>=70,"A",IF(Y48>=50,"C",IF(Y48>=45,"P",IF(Y48>=6,"F",IF(Y48<5,""))))) | AB48: =IF(Y48>=70,"Excellent",IF(Y48>=50,"Credit",IF(Y48>=45,"Pass",IF(Y48>=6,"Fail",IF(Y48<5,""))))) | AH48: =SUM(AD48:AG48) -> 0 | AJ48: =AH48+AI48 -> 0 | AP48: =SUM(AL48:AO48) -> 0 | AR48: =AP48+AQ48 -> 0 | AX48: =SUM(AT48:AW48) -> 0 | AZ48: =AX48+AY48 -> 0 | BF48: =SUM(BB48:BE48) -> 0 | BH48: =BF48+BG48 -> 0 | BN48: =SUM(BJ48:BM48) -> 0 | BP48: =BN48+BO48 -> 0 | BV48: =SUM(BR48:BU48) -> 0 | BX48: =BV48+BW48 -> 0 | CD48: =SUM(BZ48:CC48) -> 0 | CF48: =CD48+CE48 -> 0 | CL48: =SUM(CH48:CK48) -> 0 | CN48: =CL48+CM48 -> 0 | CT48: =SUM(CP48:CS48) -> 0 | CV48: =CT48+CU48 -> 0 | DB48: =SUM(CX48:DA48) -> 0 | DD48: =DB48+DC48 -> 0 | DJ48: =SUM(DF48:DI48) -> 0 | DL48: =DJ48+DK48 -> 0 | DR48: =SUM(DN48:DQ48) -> 0 | DT48: =DR48+DS48 -> 0 | DZ48: =SUM(DV48:DY48) -> 0 | EB48: =DZ48+EA48 -> 0 | EH48: =SUM(ED48:EG48) -> 0 | EJ48: =EH48+EI48 -> 0 | EP48: =SUM(EL48:EO48) -> 0 | ER48: =EP48+EQ48 -> 0
G49: =SUM(C49:F49) -> 0 | I49: =G49+H49 -> 0 | O49: =SUM(K49:N49) -> 0 | Q49: =O49+P49 -> 0 | W49: =SUM(S49:V49) -> 0 | Y49: =W49+X49 -> 0 | Z49: =IF(Y49<10,"",RANK(Y49,Y$3:Y$52)) | AA49: =IF(Y49>=70,"A",IF(Y49>=50,"C",IF(Y49>=45,"P",IF(Y49>=6,"F",IF(Y49<5,""))))) | AB49: =IF(Y49>=70,"Excellent",IF(Y49>=50,"Credit",IF(Y49>=45,"Pass",IF(Y49>=6,"Fail",IF(Y49<5,""))))) | AH49: =SUM(AD49:AG49) -> 0 | AJ49: =AH49+AI49 -> 0 | AP49: =SUM(AL49:AO49) -> 0 | AR49: =AP49+AQ49 -> 0 | AX49: =SUM(AT49:AW49) -> 0 | AZ49: =AX49+AY49 -> 0 | BF49: =SUM(BB49:BE49) -> 0 | BH49: =BF49+BG49 -> 0 | BN49: =SUM(BJ49:BM49) -> 0 | BP49: =BN49+BO49 -> 0 | BV49: =SUM(BR49:BU49) -> 0 | BX49: =BV49+BW49 -> 0 | CD49: =SUM(BZ49:CC49) -> 0 | CF49: =CD49+CE49 -> 0 | CL49: =SUM(CH49:CK49) -> 0 | CN49: =CL49+CM49 -> 0 | CT49: =SUM(CP49:CS49) -> 0 | CV49: =CT49+CU49 -> 0 | DB49: =SUM(CX49:DA49) -> 0 | DD49: =DB49+DC49 -> 0 | DJ49: =SUM(DF49:DI49) -> 0 | DL49: =DJ49+DK49 -> 0 | DR49: =SUM(DN49:DQ49) -> 0 | DT49: =DR49+DS49 -> 0 | DZ49: =SUM(DV49:DY49) -> 0 | EB49: =DZ49+EA49 -> 0 | EH49: =SUM(ED49:EG49) -> 0 | EJ49: =EH49+EI49 -> 0 | EP49: =SUM(EL49:EO49) -> 0 | ER49: =EP49+EQ49 -> 0
G50: =SUM(C50:F50) -> 0 | I50: =G50+H50 -> 0 | O50: =SUM(K50:N50) -> 0 | Q50: =O50+P50 -> 0 | W50: =SUM(S50:V50) -> 0 | Y50: =W50+X50 -> 0 | Z50: =IF(Y50<10,"",RANK(Y50,Y$3:Y$52)) | AA50: =IF(Y50>=70,"A",IF(Y50>=50,"C",IF(Y50>=45,"P",IF(Y50>=6,"F",IF(Y50<5,""))))) | AB50: =IF(Y50>=70,"Excellent",IF(Y50>=50,"Credit",IF(Y50>=45,"Pass",IF(Y50>=6,"Fail",IF(Y50<5,""))))) | AH50: =SUM(AD50:AG50) -> 0 | AJ50: =AH50+AI50 -> 0 | AP50: =SUM(AL50:AO50) -> 0 | AR50: =AP50+AQ50 -> 0 | AX50: =SUM(AT50:AW50) -> 0 | AZ50: =AX50+AY50 -> 0 | BF50: =SUM(BB50:BE50) -> 0 | BH50: =BF50+BG50 -> 0 | BN50: =SUM(BJ50:BM50) -> 0 | BP50: =BN50+BO50 -> 0 | BV50: =SUM(BR50:BU50) -> 0 | BX50: =BV50+BW50 -> 0 | CD50: =SUM(BZ50:CC50) -> 0 | CF50: =CD50+CE50 -> 0 | CL50: =SUM(CH50:CK50) -> 0 | CN50: =CL50+CM50 -> 0 | CT50: =SUM(CP50:CS50) -> 0 | CV50: =CT50+CU50 -> 0 | DB50: =SUM(CX50:DA50) -> 0 | DD50: =DB50+DC50 -> 0 | DJ50: =SUM(DF50:DI50) -> 0 | DL50: =DJ50+DK50 -> 0 | DR50: =SUM(DN50:DQ50) -> 0 | DT50: =DR50+DS50 -> 0 | DZ50: =SUM(DV50:DY50) -> 0 | EB50: =DZ50+EA50 -> 0 | EH50: =SUM(ED50:EG50) -> 0 | EJ50: =EH50+EI50 -> 0 | EP50: =SUM(EL50:EO50) -> 0 | ER50: =EP50+EQ50 -> 0
G51: =SUM(C51:F51) -> 0 | I51: =G51+H51 -> 0 | O51: =SUM(K51:N51) -> 0 | Q51: =O51+P51 -> 0 | W51: =SUM(S51:V51) -> 0 | Y51: =W51+X51 -> 0 | Z51: =IF(Y51<10,"",RANK(Y51,Y$3:Y$52)) | AA51: =IF(Y51>=70,"A",IF(Y51>=50,"C",IF(Y51>=45,"P",IF(Y51>=6,"F",IF(Y51<5,""))))) | AB51: =IF(Y51>=70,"Excellent",IF(Y51>=50,"Credit",IF(Y51>=45,"Pass",IF(Y51>=6,"Fail",IF(Y51<5,""))))) | AH51: =SUM(AD51:AG51) -> 0 | AJ51: =AH51+AI51 -> 0 | AP51: =SUM(AL51:AO51) -> 0 | AR51: =AP51+AQ51 -> 0 | AX51: =SUM(AT51:AW51) -> 0 | AZ51: =AX51+AY51 -> 0 | BF51: =SUM(BB51:BE51) -> 0 | BH51: =BF51+BG51 -> 0 | BN51: =SUM(BJ51:BM51) -> 0 | BP51: =BN51+BO51 -> 0 | BV51: =SUM(BR51:BU51) -> 0 | BX51: =BV51+BW51 -> 0 | CD51: =SUM(BZ51:CC51) -> 0 | CF51: =CD51+CE51 -> 0 | CL51: =SUM(CH51:CK51) -> 0 | CN51: =CL51+CM51 -> 0 | CT51: =SUM(CP51:CS51) -> 0 | CV51: =CT51+CU51 -> 0 | DB51: =SUM(CX51:DA51) -> 0 | DD51: =DB51+DC51 -> 0 | DJ51: =SUM(DF51:DI51) -> 0 | DL51: =DJ51+DK51 -> 0 | DR51: =SUM(DN51:DQ51) -> 0 | DT51: =DR51+DS51 -> 0 | DZ51: =SUM(DV51:DY51) -> 0 | EB51: =DZ51+EA51 -> 0 | EH51: =SUM(ED51:EG51) -> 0 | EJ51: =EH51+EI51 -> 0 | EP51: =SUM(EL51:EO51) -> 0 | ER51: =EP51+EQ51 -> 0
G52: =SUM(C52:F52) -> 0 | I52: =G52+H52 -> 0 | O52: =SUM(K52:N52) -> 0 | Q52: =O52+P52 -> 0 | W52: =SUM(S52:V52) -> 0 | Y52: =W52+X52 -> 0 | Z52: =IF(Y52<10,"",RANK(Y52,Y$3:Y$52)) | AA52: =IF(Y52>=70,"A",IF(Y52>=50,"C",IF(Y52>=45,"P",IF(Y52>=6,"F",IF(Y52<5,""))))) | AB52: =IF(Y52>=70,"Excellent",IF(Y52>=50,"Credit",IF(Y52>=45,"Pass",IF(Y52>=6,"Fail",IF(Y52<5,""))))) | AH52: =SUM(AD52:AG52) -> 0 | AJ52: =AH52+AI52 -> 0 | AP52: =SUM(AL52:AO52) -> 0 | AR52: =AP52+AQ52 -> 0 | AX52: =SUM(AT52:AW52) -> 0 | AZ52: =AX52+AY52 -> 0 | BF52: =SUM(BB52:BE52) -> 0 | BH52: =BF52+BG52 -> 0 | BN52: =SUM(BJ52:BM52) -> 0 | BP52: =BN52+BO52 -> 0 | BV52: =SUM(BR52:BU52) -> 0 | BX52: =BV52+BW52 -> 0 | CD52: =SUM(BZ52:CC52) -> 0 | CF52: =CD52+CE52 -> 0 | CL52: =SUM(CH52:CK52) -> 0 | CN52: =CL52+CM52 -> 0 | CT52: =SUM(CP52:CS52) -> 0 | CV52: =CT52+CU52 -> 0 | DB52: =SUM(CX52:DA52) -> 0 | DD52: =DB52+DC52 -> 0 | DJ52: =SUM(DF52:DI52) -> 0 | DL52: =DJ52+DK52 -> 0 | DR52: =SUM(DN52:DQ52) -> 0 | DT52: =DR52+DS52 -> 0 | DZ52: =SUM(DV52:DY52) -> 0 | EB52: =DZ52+EA52 -> 0 | EH52: =SUM(ED52:EG52) -> 0 | EJ52: =EH52+EI52 -> 0 | EP52: =SUM(EL52:EO52) -> 0 | ER52: =EP52+EQ52 -> 0

Sheet Report
A10: Admission_No: | B10: =VLOOKUP(B15,Data!A1:K51,2,0) -> #N/A
A11: Name of student: | K11: Term: | M11: =VLOOKUP(B15,Data!A2:K51,7,0) -> #N/A
A12: Age: | B12: =VLOOKUP(B15,Data!A2:K51,4,0) -> #N/A | K12: Class: | M12: =VLOOKUP(B15,Data!A2:K51,3,0) -> #N/A
A13: State of Origin: | B13: =VLOOKUP(B15,Data!A2:K51,5,0) -> #N/A | K13: Next Term Begins: | M13: =VLOOKUP(B15,Data!A2:K51,8,0) -> #N/A
A14: Local Gov't Area: | B14: =VLOOKUP(B15,Data!A2:K51,6,0) -> #N/A | K14: Remarks: | M14: =IF(M21>=40,"Passed","Failed") -> #N/A
A15: Roll No. | B15: RSC/2026/JSS1A/0001
A16: No. Subject Offered | B16: =COUNTIF(H24:H41,">5") -> 0
A17: No. Subject Passed | B17: =COUNTIF(H24:H41,">=45") -> 0
A19: SUBJECT | B19: 1st Test | C19: 2nd Test | D19: 3rd Test | E19: Other Test | F19: Total Test Summary | G19: Exam | H19: Total | I19: Position | J19: Grade | K19: Max Score: | M19: =100*(COUNTIF(H24:H41,">5")) -> 0
K20: Obtained Score: | M20: =SUM(H24:H41) -> #N/A
K21: Grand Average: | M21: =VLOOKUP(B15,Bsheet!A2:V51,21,0) -> #N/A
K22: Position: | M22: =VLOOKUP(B15,Bsheet!A2:V51,22,0) -> #N/A
B23: 10% | C23: 10% | D23: 10% | E23: 10% | F23: 40% | G23: 60% | H23: 100% | K23: Teacher's Comment
A24: English Language | B24: =VLOOKUP(B15,Scoresheet!A3:Q52,3,0) -> #N/A | C24: =VLOOKUP(B15,Scoresheet!A3:I52,4,0) -> #N/A | D24: =VLOOKUP(B15,Scoresheet!A3:I52,5,0) -> #N/A | E24: =VLOOKUP(B15,Scoresheet!A3:I52,6,0) -> #N/A | F24: =VLOOKUP(B15,Scoresheet!A3:I52,7,0) -> #N/A | G24: =VLOOKUP(B15,Scoresheet!A3:I52,8,0) -> #N/A | H24: =VLOOKUP(B15,Scoresheet!A3:I52,9,0) -> #N/A | I24: =VLOOKUP(B15,Scoresheet!A3:I52,10,0) -> #N/A | J24: =VLOOKUP(B15,Scoresheet!A3:I52,11,0) -> #N/A | K24: =VLOOKUP(B15,Scoresheet!A3:I52,12,0) -> #N/A
A25: Mathematics | B25: =VLOOKUP(RSC/2026/JSS1A/1,Scoresheet!J3:Q52,3,0) -> #NAME? | C25: =VLOOKUP(B15,Scoresheet!J3:Q52,4,0) -> #N/A | D25: =VLOOKUP(B15,Scoresheet!J3:Q52,5,0) -> #N/A | E25: =VLOOKUP(B15,Scoresheet!J3:Q52,6,0) -> #N/A | F25: =VLOOKUP(B15,Scoresheet!J3:Q52,7,0) -> #N/A | G25: =VLOOKUP(B15,Scoresheet!J3:Q52,8,0) -> #N/A | H25: =VLOOKUP(B15,Scoresheet!J3:Q52,9,0) -> #N/A | I25: =VLOOKUP(B15,Scoresheet!J3:Q52,10,0) -> #N/A | J25: =VLOOKUP(B15,Scoresheet!J3:Q52,11,0) -> #N/A | K25: =VLOOKUP(B15,Scoresheet!J3:Q52,12,0) -> #N/A
A26: Basic Technology | B26: =VLOOKUP(B15,Scoresheet!R3:AA52,3,0) -> #N/A | C26: =VLOOKUP(B15,Scoresheet!R3:AA52,4,0) -> #N/A | D26: =VLOOKUP(B15,Scoresheet!R3:AA52,5,0) -> #N/A | E26: =VLOOKUP(B15,Scoresheet!R3:AA52,6,0) -> #N/A | F26: =VLOOKUP(B15,Scoresheet!R3:AA52,7,0) -> #N/A | G26: =VLOOKUP(B15,Scoresheet!R3:AA52,8,0) -> #N/A | H26: =VLOOKUP(B15,Scoresheet!R3:AA52,9,0) -> #N/A | I26: =VLOOKUP(B15,Scoresheet!R3:AA52,10,0) -> #N/A | J26: =VLOOKUP(B15,Scoresheet!R3:AA52,11,0) -> #N/A | K26: =VLOOKUP(B15,Scoresheet!R3:AB52,12,0) -> #N/A
A27: C.R.K. | B27: =VLOOKUP(B15,Scoresheet!AC3:AJ52,3,0) -> #N/A | C27: =VLOOKUP(B15,Scoresheet!AC3:AJ52,4,0) -> #N/A | D27: =VLOOKUP(B15,Scoresheet!AC3:AJ52,5,0) -> #N/A | E27: =VLOOKUP(B15,Scoresheet!AC3:AJ52,6,0) -> #N/A | F27: =VLOOKUP(B15,Scoresheet!AC3:AJ52,7,0) -> #N/A | G27: =VLOOKUP(B15,Scoresheet!AC3:AJ52,8,0) -> #N/A | H27: =VLOOKUP(B15,Scoresheet!AC3:AJ52,9,0) -> #N/A | I27: =VLOOKUP(B15,Scoresheet!AC3:AJ52,10,0) -> #N/A | J27: =VLOOKUP(B15,Scoresheet!AC3:AJ52,11,0) -> #N/A | K27: =VLOOKUP(B15,Scoresheet!AC3:AJ52,12,0) -> #N/A
A28: Social Studies | B28: =VLOOKUP(Report!B15,Scoresheet!AK3:AR52,3,0) -> #N/A | C28: =VLOOKUP(B15,Scoresheet!AK3:AR52,4,0) -> #N/A | D28: =VLOOKUP(B15,Scoresheet!AK3:AR52,5,0) -> #N/A | E28: =VLOOKUP(B15,Scoresheet!AK3:AR52,6,0) -> #N/A | F28: =VLOOKUP(B15,Scoresheet!AK3:AR52,7,0) -> #N/A | G28: =VLOOKUP(B15,Scoresheet!AK3:AR52,8,0) -> #N/A | H28: =VLOOKUP(B15,Scoresheet!AK3:AR52,9,0) -> #N/A | I28: =VLOOKUP(B15,Scoresheet!AK3:AR52,10,0) -> #N/A | J28: =VLOOKUP(B15,Scoresheet!AK3:AR52,11,0) -> #N/A | K28: =VLOOKUP(B15,Scoresheet!AK3:AR52,12,0) -> #N/A
A29: Agric Science | B29: =VLOOKUP(B15,Scoresheet!AS3:AZ52,3,0) -> #N/A | C29: =VLOOKUP(B15,Scoresheet!AS3:AZ52,4,0) -> #N/A | D29: =VLOOKUP(B15,Scoresheet!AS3:AZ52,5,0) -> #N/A | E29: =VLOOKUP(B15,Scoresheet!AS3:AZ52,6,0) -> #N/A | F29: =VLOOKUP(B15,Scoresheet!AS3:AZ52,7,0) -> #N/A | G29: =VLOOKUP(B15,Scoresheet!AS3:AZ52,8,0) -> #N/A | H29: =VLOOKUP(B15,Scoresheet!AS3:AZ52,9,0) -> #N/A | I29: =VLOOKUP(B15,Scoresheet!AS3:AZ52,10,0) -> #N/A | J29: =VLOOKUP(B15,Scoresheet!AS3:AZ52,11,0) -> #N/A | K29: =VLOOKUP(B15,Scoresheet!AS3:AZ52,12,0) -> #N/A
A30: Basic Science | B30: =VLOOKUP(B15,Scoresheet!BA3:BH52,3,0) -> #N/A | C30: =VLOOKUP(B15,Scoresheet!BA3:BH52,4,0) -> #N/A | D30: =VLOOKUP(B15,Scoresheet!BA3:BH52,5,0) -> #N/A | E30: =VLOOKUP(B15,Scoresheet!BA3:BH52,6,0) -> #N/A | F30: =VLOOKUP(B15,Scoresheet!BA3:BH52,7,0) -> #N/A | G30: =VLOOKUP(B15,Scoresheet!BA3:BH52,8,0) -> #N/A | H30: =VLOOKUP(B15,Scoresheet!BA3:BH52,9,0) -> #N/A | I30: =VLOOKUP(B15,Scoresheet!BA3:BH52,10,0) -> #N/A | J30: =VLOOKUP(B15,Scoresheet!BA3:BH52,11,0) -> #N/A | K30: =VLOOKUP(B15,Scoresheet!BA3:BH52,12,0) -> #N/A
A31: Business Studies | B31: =VLOOKUP(B15,Scoresheet!BI3:BP52,3,0) -> #N/A | C31: =VLOOKUP(B15,Scoresheet!BI3:BP52,4,0) -> #N/A | D31: =VLOOKUP(B15,Scoresheet!BI3:BP52,5,0) -> #N/A | E31: =VLOOKUP(B15,Scoresheet!BI3:BP52,6,0) -> #N/A | F31: =VLOOKUP(B15,Scoresheet!BI3:BP52,7,0) -> #N/A | G31: =VLOOKUP(B15,Scoresheet!BI3:BP52,8,0) -> #N/A | H31: =VLOOKUP(B15,Scoresheet!BI3:BP52,9,0) -> #N/A | I31: =VLOOKUP(B15,Scoresheet!BI3:BP52,10,0) -> #N/A | J31: =VLOOKUP(B15,Scoresheet!BI3:BP52,11,0) -> #N/A | K31: =VLOOKUP(B15,Scoresheet!BI3:BP52,12,0) -> #N/A
A32: Computer Science | B32: =VLOOKUP(B15,Scoresheet!BQ3:BX52,3,0) -> #N/A | C32: =VLOOKUP(B15,Scoresheet!BQ3:BX52,4,0) -> #N/A | D32: =VLOOKUP(B15,Scoresheet!BQ3:BX52,5,0) -> #N/A | E32: =VLOOKUP(B15,Scoresheet!BQ3:BX52,6,0) -> #N/A | F32: =VLOOKUP(B15,Scoresheet!BQ3:BX52,7,0) -> #N/A | G32: =VLOOKUP(B15,Scoresheet!BQ3:BX52,8,0) -> #N/A | H32: =VLOOKUP(B15,Scoresheet!BQ3:BX52,9,0) -> #N/A | I32: =VLOOKUP(B15,Scoresheet!BQ3:BX52,10,0) -> #N/A | J32: =VLOOKUP(B15,Scoresheet!BQ3:BX52,11,0) -> #N/A | K32: =VLOOKUP(B15,Scoresheet!BQ3:BX52,12,0) -> #N/A
A33: Home Economics | B33: =VLOOKUP(B15,Scoresheet!BY3:CF52,3,0) -> #N/A | C33: =VLOOKUP(B15,Scoresheet!BY3:CF52,4,0) -> #N/A | D33: =VLOOKUP(B15,Scoresheet!BY3:CF52,5,0) -> #N/A | E33: =VLOOKUP(B15,Scoresheet!BY3:CF52,6,0) -> #N/A | F33: =VLOOKUP(B15,Scoresheet!BY3:CF52,7,0) -> #N/A | G33: =VLOOKUP(B15,Scoresheet!BY3:CF52,8,0) -> #N/A | H33: =VLOOKUP(B15,Scoresheet!BY3:CF52,9,0) -> #N/A | I33: =VLOOKUP(B15,Scoresheet!BY3:CF52,10,0) -> #N/A | J33: =VLOOKUP(B15,Scoresheet!BY3:CF52,11,0) -> #N/A | K33: =VLOOKUP(B15,Scoresheet!BY3:CF52,12,0) -> #N/A
A34: P.H.E. | B34: =VLOOKUP(B15,Scoresheet!CG3:CN52,3,0) -> #N/A | C34: =VLOOKUP(B15,Scoresheet!CG3:CN52,4,0) -> #N/A | D34: =VLOOKUP(B15,Scoresheet!CG3:CN52,5,0) -> #N/A | E34: =VLOOKUP(B15,Scoresheet!CG3:CN52,6,0) -> #N/A | F34: =VLOOKUP(B15,Scoresheet!CG3:CN52,7,0) -> #N/A | G34: =VLOOKUP(B15,Scoresheet!CG3:CN52,8,0) -> #N/A | H34: =VLOOKUP(B15,Scoresheet!CG3:CN52,9,0) -> #N/A | I34: =VLOOKUP(B15,Scoresheet!CG3:CN52,10,0) -> #N/A | J34: =VLOOKUP(B15,Scoresheet!CG3:CN52,11,0) -> #N/A | K34: =VLOOKUP(B15,Scoresheet!CG3:CN52,12,0) -> #N/A
A35: Fine Art | B35: =VLOOKUP(B15,Scoresheet!CO3:CV52,3,0) -> #N/A | C35: =VLOOKUP(B15,Scoresheet!CO3:CV52,4,0) -> #N/A | D35: =VLOOKUP(B15,Scoresheet!CO3:CV52,5,0) -> #N/A | E35: =VLOOKUP(B15,Scoresheet!CO3:CV52,6,0) -> #N/A | F35: =VLOOKUP(B15,Scoresheet!CO3:CV52,7,0) -> #N/A | G35: =VLOOKUP(B15,Scoresheet!CO3:CV52,8,0) -> #N/A | H35: =VLOOKUP(B15,Scoresheet!CO3:CV52,9,0) -> #N/A | I35: =VLOOKUP(B15,Scoresheet!CO3:CV52,10,0) -> #N/A | J35: =VLOOKUP(B15,Scoresheet!CO3:CV52,11,0) -> #N/A | K35: =VLOOKUP(B15,Scoresheet!CO3:CV52,12,0) -> #N/A
A36: French | B36: =VLOOKUP(B15,Scoresheet!CW3:DD52,3,0) -> #N/A | C36: =VLOOKUP(B15,Scoresheet!CW3:DD52,4,0) -> #N/A | D36: =VLOOKUP(B15,Scoresheet!CW3:DD52,5,0) -> #N/A | E36: =VLOOKUP(B15,Scoresheet!CW3:DD52,6,0) -> #N/A | F36: =VLOOKUP(B15,Scoresheet!CW3:DD52,7,0) -> #N/A | G36: =VLOOKUP(B15,Scoresheet!CW3:DD52,8,0) -> #N/A | H36: =VLOOKUP(B15,Scoresheet!CW3:DD52,9,0) -> #N/A | I36: =VLOOKUP(B15,Scoresheet!CW3:DD52,10,0) -> #N/A | J36: =VLOOKUP(B15,Scoresheet!CW3:DD52,11,0) -> #N/A | K36: =VLOOKUP(B15,Scoresheet!CW3:DD52,12,0) -> #N/A
A37: Hausa | B37: =VLOOKUP(B15,Scoresheet!DE3:DL52,3,0) -> #N/A | C37: =VLOOKUP(B15,Scoresheet!DE3:DL52,4,0) -> #N/A | D37: =VLOOKUP(B15,Scoresheet!DE3:DL52,5,0) -> #N/A | E37: =VLOOKUP(B15,Scoresheet!DE3:DL52,6,0) -> #N/A | F37: =VLOOKUP(B15,Scoresheet!DE3:DL52,7,0) -> #N/A | G37: =VLOOKUP(B15,Scoresheet!DE3:DL52,8,0) -> #N/A | H37: =VLOOKUP(B15,Scoresheet!DE3:DL52,9,0) -> #N/A | I37: =VLOOKUP(B15,Scoresheet!DE3:DL52,10,0) -> #N/A | J37: =VLOOKUP(B15,Scoresheet!DE3:DL52,11,0) -> #N/A | K37: =VLOOKUP(B15,Scoresheet!DE3:DL52,12,0) -> #N/A
A38: Civic Educatuion | B38: =VLOOKUP(B15,Scoresheet!CW3:DD52,3,0) -> #N/A | C38: =VLOOKUP(B15,Scoresheet!CW3:DD52,4,0) -> #N/A | D38: =VLOOKUP(B15,Scoresheet!CW3:DD52,5,0) -> #N/A | E38: =VLOOKUP(B15,Scoresheet!CW3:DD52,6,0) -> #N/A | F38: =VLOOKUP(B15,Scoresheet!CW3:DD52,7,0) -> #N/A | G38: =VLOOKUP(B15,Scoresheet!CW3:DD52,8,0) -> #N/A | H38: =VLOOKUP(B15,Scoresheet!CW3:DD52,9,0) -> #N/A | I38: =VLOOKUP(B15,Scoresheet!CW3:DD52,10,0) -> #N/A | J38: =VLOOKUP(B15,Scoresheet!CW3:DD52,11,0) -> #N/A | K38: =VLOOKUP(B15,Scoresheet!DM3:DT52,12,0) -> #N/A
A39: Literature | B39: =VLOOKUP(B15,Scoresheet!DU3:EB52,3,0) -> #N/A | C39: =VLOOKUP(B15,Scoresheet!DU3:EB52,4,0) -> #N/A | D39: =VLOOKUP(B15,Scoresheet!DU3:EB52,5,0) -> #N/A | E39: =VLOOKUP(B15,Scoresheet!DU3:EB52,6,0) -> #N/A | F39: =VLOOKUP(B15,Scoresheet!DU3:EB52,7,0) -> #N/A | G39: =VLOOKUP(B15,Scoresheet!DU3:EB52,8,0) -> #N/A | H39: =VLOOKUP(B15,Scoresheet!DU3:EB52,9,0) -> #N/A | I39: =VLOOKUP(B15,Scoresheet!DU3:EB52,10,0) -> #N/A | J39: =VLOOKUP(B15,Scoresheet!DU3:EB52,11,0) -> #N/A | K39: =VLOOKUP(B15,Scoresheet!DU3:EB52,12,0) -> #N/A
A40: History | B40: =VLOOKUP(B15,Scoresheet!EC3:EJ52,3,0) -> #N/A | C40: =VLOOKUP(B15,Scoresheet!EC3:EJ52,4,0) -> #N/A | D40: =VLOOKUP(B15,Scoresheet!EC3:EJ52,5,0) -> #N/A | E40: =VLOOKUP(B15,Scoresheet!EC3:EJ52,6,0) -> #N/A | F40: =VLOOKUP(B15,Scoresheet!EC3:EJ52,7,0) -> #N/A | G40: =VLOOKUP(B15,Scoresheet!EC3:EJ52,8,0) -> #N/A | H40: =VLOOKUP(B15,Scoresheet!EC3:EJ52,9,0) -> #N/A | I40: =VLOOKUP(B15,Scoresheet!EC3:EJ52,10,0) -> #N/A | J40: =VLOOKUP(B15,Scoresheet!EC3:EJ52,11,0) -> #N/A | K40: =VLOOKUP(B15,Scoresheet!EC3:EJ52,12,0) -> #N/A
A41: I.R.K. | B41: =VLOOKUP(B15,Scoresheet!EK3:ER52,3,0) -> #N/A | C41: =VLOOKUP(B15,Scoresheet!EK3:ER52,4,0) -> #N/A | D41: =VLOOKUP(B15,Scoresheet!EK3:ER52,5,0) -> #N/A | E41: =VLOOKUP(B15,Scoresheet!EK3:ER52,6,0) -> #N/A | F41: =VLOOKUP(B15,Scoresheet!EK3:ER52,7,0) -> #N/A | G41: =VLOOKUP(B15,Scoresheet!EK3:ER52,8,0) -> #N/A | H41: =VLOOKUP(B15,Scoresheet!EK3:ER52,9,0) -> #N/A | I41: =VLOOKUP(B15,Scoresheet!EK3:ER52,10,0) -> #N/A | J41: =VLOOKUP(B15,Scoresheet!EK3:ER52,11,0) -> #N/A | K41: =VLOOKUP(B15,Scoresheet!EK3:ER52,12,0) -> #N/A
A43: Behaviour (A) | D43: SKILLS (B) | H43: Key for Rating of A & B
A44: Puntuality | B44: =VLOOKUP(B15,Behaviour!A2:I55,3,0) -> #N/A | D44: Handwriting | F44: =VLOOKUP(B15,Skills!A2:H51,3,0) -> #N/A | H44: 5. Maintains an excellent degree of observable traits
A45: Attendance in class | B45: =VLOOKUP(B15,Behaviour!A2:I55,4,0) -> #N/A | D45: Musical Skill | F45: =VLOOKUP(B15,Skills!A2:H51,4,0) -> #N/A | H45: 4. Maintains a high level of Observable trait
A46: Neatness | B46: =VLOOKUP(B15,Behaviour!A2:I55,5,0) -> #N/A | D46: Craft | F46: =VLOOKUP(B15,Skills!A2:H51,5,0) -> #N/A | H46: 3. Acceptable level of observable trait
A47: Politeness | B47: =VLOOKUP(B15,Behaviour!A2:I55,6,0) -> #N/A | D47: Games | F47: =VLOOKUP(B15,Skills!A2:H51,6,0) -> #N/A | H47: 2. Shows minimum trait for observable trait
A48: Honesty | B48: =VLOOKUP(B15,Behaviour!A2:I55,7,0) -> #N/A | D48: Fluency | F48: =VLOOKUP(B17,Skills!A2:H51,7,0) -> #N/A | H48: 1. Has no regard for observable trait
A49: Attentiveness | B49: =VLOOKUP(B15,Behaviour!A2:I55,8,0) -> #N/A
A50: Obedience | B50: =VLOOKUP(B15,Behaviour!A2:I55,9,0) -> #N/A
A51: Self Control | B51: =VLOOKUP(B15,Behaviour!A2:I55,10,0) -> #N/A
A54: Position of Responsibility | D54: : | E54: =VLOOKUP(B15,Comments!A2:C51,4,0) -> #N/A
A55: House Master/Mistress' Report | D55: :
A56: Form Master's Comment | D56: : | E56: =VLOOKUP(B15,Comments!A2:C51,3,0) -> #N/A
A57: Principa's Comment | D57: : | E57: =IF(M21>=75,"An Impressive performance, Keep it up",IF(M21>=65,"The Performance is not upto par, sit up",IF(M21<=64.9,"Sit up and work harder"))) -> #N/A

Sheet T  Score
A1: Ruby Springfield College 2nd Term Scoresheet,2025
B2: SUBJECT | C2: Class JSS 1A | H2: Teacher
A3: S/N | B3: Names | C3: 1st C. A. | D3: 2st C. A. | E3: 3st C. A. | F3: 4st C. A. | G3: Total C. A. | H3: Exam | I3: Total | J3: Position | K3: Grade | L3: Teacher's Comment
A4: 1 | B4: Ali Musa Ali | G4: =SUM(C4:F4) -> 0 | I4: =G4+H4 -> 0 | J4: =IF(I4<10,"",RANK(I4,I$4:I$53)) | K4: =IF(I4>=75,"A",IF(I4>=70,"B2",IF(I4>=50,"C",IF(I4>=45,"D",IF(I4>=40,"E",IF(I4>=6,"F",IF(I4<5,""))))))) | L4: =IF(I4>=75,"Excellent",IF(I4>=70,"V.Good",IF(I4>=65,"Good",IF(I4>=60,"Credit",IF(I4>=55,"Credit",IF(I4>=50,"Credit",IF(I4>=45,"Pass",IF(I4>=40,"Pass",IF(I4>=6,"Fail",IF(I4<5,""))))))))))
A5: 2 | B5: AbdulQahhar Musa Dagash | G5: =SUM(C5:F5) -> 0 | I5: =G5+H5 -> 0 | J5: =IF(I5<10,"",RANK(I5,I$4:I$53)) | K5: =IF(I5>=75,"A",IF(I5>=70,"B2",IF(I5>=50,"C",IF(I5>=45,"D",IF(I5>=40,"E",IF(I5>=6,"F",IF(I5<5,""))))))) | L5: =IF(I5>=75,"Excellent",IF(I5>=70,"V.Good",IF(I5>=65,"Good",IF(I5>=60,"Credit",IF(I5>=55,"Credit",IF(I5>=50,"Credit",IF(I5>=45,"Pass",IF(I5>=40,"Pass",IF(I5>=6,"Fail",IF(I5<5,""))))))))))
A6: 3 | B6: Abubakar Ismail Bako | G6: =SUM(C6:F6) -> 0 | I6: =G6+H6 -> 0 | J6: =IF(I6<10,"",RANK(I6,I$4:I$53)) | K6: =IF(I6>=75,"A",IF(I6>=70,"B2",IF(I6>=50,"C",IF(I6>=45,"D",IF(I6>=40,"E",IF(I6>=6,"F",IF(I6<5,""))))))) | L6: =IF(I6>=75,"Excellent",IF(I6>=70,"V.Good",IF(I6>=65,"Good",IF(I6>=60,"Credit",IF(I6>=55,"Credit",IF(I6>=50,"Credit",IF(I6>=45,"Pass",IF(I6>=40,"Pass",IF(I6>=6,"Fail",IF(I6<5,""))))))))))
A7: 4 | B7: Abubakar Gana Mahmud | G7: =SUM(C7:F7) -> 0 | I7: =G7+H7 -> 0 | J7: =IF(I7<10,"",RANK(I7,I$4:I$53)) | K7: =IF(I7>=75,"A",IF(I7>=70,"B2",IF(I7>=50,"C",IF(I7>=45,"D",IF(I7>=40,"E",IF(I7>=6,"F",IF(I7<5,""))))))) | L7: =IF(I7>=75,"Excellent",IF(I7>=70,"V.Good",IF(I7>=65,"Good",IF(I7>=60,"Credit",IF(I7>=55,"Credit",IF(I7>=50,"Credit",IF(I7>=45,"Pass",IF(I7>=40,"Pass",IF(I7>=6,"Fail",IF(I7<5,""))))))))))
A8: 5 | B8: Abatcha Kolo Ibrahim | G8: =SUM(C8:F8) -> 0 | I8: =G8+H8 -> 0 | J8: =IF(I8<10,"",RANK(I8,I$4:I$53)) | K8: =IF(I8>=75,"A",IF(I8>=70,"B2",IF(I8>=50,"C",IF(I8>=45,"D",IF(I8>=40,"E",IF(I8>=6,"F",IF(I8<5,""))))))) | L8: =IF(I8>=75,"Excellent",IF(I8>=70,"V.Good",IF(I8>=65,"Good",IF(I8>=60,"Credit",IF(I8>=55,"Credit",IF(I8>=50,"Credit",IF(I8>=45,"Pass",IF(I8>=40,"Pass",IF(I8>=6,"Fail",IF(I8<5,""))))))))))
A9: 6 | B9: Abbagana Muhammed Sadiq | G9: =SUM(C9:F9) -> 0 | I9: =G9+H9 -> 0 | J9: =IF(I9<10,"",RANK(I9,I$4:I$53)) | K9: =IF(I9>=75,"A",IF(I9>=70,"B2",IF(I9>=50,"C",IF(I9>=45,"D",IF(I9>=40,"E",IF(I9>=6,"F",IF(I9<5,""))))))) | L9: =IF(I9>=75,"Excellent",IF(I9>=70,"V.Good",IF(I9>=65,"Good",IF(I9>=60,"Credit",IF(I9>=55,"Credit",IF(I9>=50,"Credit",IF(I9>=45,"Pass",IF(I9>=40,"Pass",IF(I9>=6,"Fail",IF(I9<5,""))))))))))
A10: 7 | B10: Abbagana Abba Masta | G10: =SUM(C10:F10) -> 0 | I10: =G10+H10 -> 0 | J10: =IF(I10<10,"",RANK(I10,I$4:I$53)) | K10: =IF(I10>=75,"A",IF(I10>=70,"B2",IF(I10>=50,"C",IF(I10>=45,"D",IF(I10>=40,"E",IF(I10>=6,"F",IF(I10<5,""))))))) | L10: =IF(I10>=75,"Excellent",IF(I10>=70,"V.Good",IF(I10>=65,"Good",IF(I10>=60,"Credit",IF(I10>=55,"Credit",IF(I10>=50,"Credit",IF(I10>=45,"Pass",IF(I10>=40,"Pass",IF(I10>=6,"Fail",IF(I10<5,""))))))))))
A11: 8 | B11: Bakare Mohammed Mahre | G11: =SUM(C11:F11) -> 0 | I11: =G11+H11 -> 0 | J11: =IF(I11<10,"",RANK(I11,I$4:I$53)) | K11: =IF(I11>=75,"A",IF(I11>=70,"B2",IF(I11>=50,"C",IF(I11>=45,"D",IF(I11>=40,"E",IF(I11>=6,"F",IF(I11<5,""))))))) | L11: =IF(I11>=75,"Excellent",IF(I11>=70,"V.Good",IF(I11>=65,"Good",IF(I11>=60,"Credit",IF(I11>=55,"Credit",IF(I11>=50,"Credit",IF(I11>=45,"Pass",IF(I11>=40,"Pass",IF(I11>=6,"Fail",IF(I11<5,""))))))))))
A12: 9 | B12: Idris Bukar Bako | G12: =SUM(C12:F12) -> 0 | I12: =G12+H12 -> 0 | J12: =IF(I12<10,"",RANK(I12,I$4:I$53)) | K12: =IF(I12>=75,"A",IF(I12>=70,"B2",IF(I12>=50,"C",IF(I12>=45,"D",IF(I12>=40,"E",IF(I12>=6,"F",IF(I12<5,""))))))) | L12: =IF(I12>=75,"Excellent",IF(I12>=70,"V.Good",IF(I12>=65,"Good",IF(I12>=60,"Credit",IF(I12>=55,"Credit",IF(I12>=50,"Credit",IF(I12>=45,"Pass",IF(I12>=40,"Pass",IF(I12>=6,"Fail",IF(I12<5,""))))))))))
A13: 10 | B13: Bwala Aaron Pual | G13: =SUM(C13:F13) -> 0 | I13: =G13+H13 -> 0 | J13: =IF(I13<10,"",RANK(I13,I$4:I$53)) | K13: =IF(I13>=75,"A",IF(I13>=70,"B2",IF(I13>=50,"C",IF(I13>=45,"D",IF(I13>=40,"E",IF(I13>=6,"F",IF(I13<5,""))))))) | L13: =IF(I13>=75,"Excellent",IF(I13>=70,"V.Good",IF(I13>=65,"Good",IF(I13>=60,"Credit",IF(I13>=55,"Credit",IF(I13>=50,"Credit",IF(I13>=45,"Pass",IF(I13>=40,"Pass",IF(I13>=6,"Fail",IF(I13<5,""))))))))))
A14: 11 | B14: Ibrahim Mohammed Musa | G14: =SUM(C14:F14) -> 0 | I14: =G14+H14 -> 0 | J14: =IF(I14<10,"",RANK(I14,I$4:I$53)) | K14: =IF(I14>=75,"A",IF(I14>=70,"B2",IF(I14>=50,"C",IF(I14>=45,"D",IF(I14>=40,"E",IF(I14>=6,"F",IF(I14<5,""))))))) | L14: =IF(I14>=75,"Excellent",IF(I14>=70,"V.Good",IF(I14>=65,"Good",IF(I14>=60,"Credit",IF(I14>=55,"Credit",IF(I14>=50,"Credit",IF(I14>=45,"Pass",IF(I14>=40,"Pass",IF(I14>=6,"Fail",IF(I14<5,""))))))))))
A15: 12 | B15: Isa Abe Chiwar | G15: =SUM(C15:F15) -> 0 | I15: =G15+H15 -> 0 | J15: =IF(I15<10,"",RANK(I15,I$4:I$53)) | K15: =IF(I15>=75,"A",IF(I15>=70,"B2",IF(I15>=50,"C",IF(I15>=45,"D",IF(I15>=40,"E",IF(I15>=6,"F",IF(I15<5,""))))))) | L15: =IF(I15>=75,"Excellent",IF(I15>=70,"V.Good",IF(I15>=65,"Good",IF(I15>=60,"Credit",IF(I15>=55,"Credit",IF(I15>=50,"Credit",IF(I15>=45,"Pass",IF(I15>=40,"Pass",IF(I15>=6,"Fail",IF(I15<5,""))))))))))
... A47: 44 | B47: Kaltum Mohammed N. | G47: =SUM(C47:F47) -> 0 | I47: =G47+H47 -> 0 | J47: =IF(I47<10,"",RANK(I47,I$4:I$53)) | K47: =IF(I47>=75,"A",IF(I47>=70,"B2",IF(I47>=50,"C",IF(I47>=45,"D",IF(I47>=40,"E",IF(I47>=6,"F",IF(I47<5,""))))))) | L47: =IF(I47>=75,"Excellent",IF(I47>=70,"V.Good",IF(I47>=65,"Good",IF(I47>=60,"Credit",IF(I47>=55,"Credit",IF(I47>=50,"Credit",IF(I47>=45,"Pass",IF(I47>=40,"Pass",IF(I47>=6,"Fail",IF(I47<5,""))))))))))
A48: 45 | G48: =SUM(C48:F48) -> 0 | I48: =G48+H48 -> 0 | J48: =IF(I48<10,"",RANK(I48,I$4:I$53)) | K48: =IF(I48>=75,"A",IF(I48>=70,"B2",IF(I48>=50,"C",IF(I48>=45,"D",IF(I48>=40,"E",IF(I48>=6,"F",IF(I48<5,""))))))) | L48: =IF(I48>=75,"Excellent",IF(I48>=70,"V.Good",IF(I48>=65,"Good",IF(I48>=60,"Credit",IF(I48>=55,"Credit",IF(I48>=50,"Credit",IF(I48>=45,"Pass",IF(I48>=40,"Pass",IF(I48>=6,"Fail",IF(I48<5,""))))))))))
A49: 46 | G49: =SUM(C49:F49) -> 0 | I49: =G49+H49 -> 0 | J49: =IF(I49<10,"",RANK(I49,I$4:I$53)) | K49: =IF(I49>=75,"A",IF(I49>=70,"B2",IF(I49>=50,"C",IF(I49>=45,"D",IF(I49>=40,"E",IF(I49>=6,"F",IF(I49<5,""))))))) | L49: =IF(I49>=75,"Excellent",IF(I49>=70,"V.Good",IF(I49>=65,"Good",IF(I49>=60,"Credit",IF(I49>=55,"Credit",IF(I49>=50,"Credit",IF(I49>=45,"Pass",IF(I49>=40,"Pass",IF(I49>=6,"Fail",IF(I49<5,""))))))))))
A50: 47 | G50: =SUM(C50:F50) -> 0 | I50: =G50+H50 -> 0 | J50: =IF(I50<10,"",RANK(I50,I$4:I$53)) | K50: =IF(I50>=75,"A",IF(I50>=70,"B2",IF(I50>=50,"C",IF(I50>=45,"D",IF(I50>=40,"E",IF(I50>=6,"F",IF(I50<5,""))))))) | L50: =IF(I50>=75,"Excellent",IF(I50>=70,"V.Good",IF(I50>=65,"Good",IF(I50>=60,"Credit",IF(I50>=55,"Credit",IF(I50>=50,"Credit",IF(I50>=45,"Pass",IF(I50>=40,"Pass",IF(I50>=6,"Fail",IF(I50<5,""))))))))))
A51: 48 | G51: =SUM(C51:F51) -> 0 | I51: =G51+H51 -> 0 | J51: =IF(I51<10,"",RANK(I51,I$4:I$53)) | K51: =IF(I51>=75,"A",IF(I51>=70,"B2",IF(I51>=50,"C",IF(I51>=45,"D",IF(I51>=40,"E",IF(I51>=6,"F",IF(I51<5,""))))))) | L51: =IF(I51>=75,"Excellent",IF(I51>=70,"V.Good",IF(I51>=65,"Good",IF(I51>=60,"Credit",IF(I51>=55,"Credit",IF(I51>=50,"Credit",IF(I51>=45,"Pass",IF(I51>=40,"Pass",IF(I51>=6,"Fail",IF(I51<5,""))))))))))
A52: 49 | G52: =SUM(C52:F52) -> 0 | I52: =G52+H52 -> 0 | J52: =IF(I52<10,"",RANK(I52,I$4:I$53)) | K52: =IF(I52>=75,"A",IF(I52>=70,"B2",IF(I52>=50,"C",IF(I52>=45,"D",IF(I52>=40,"E",IF(I52>=6,"F",IF(I52<5,""))))))) | L52: =IF(I52>=75,"Excellent",IF(I52>=70,"V.Good",IF(I52>=65,"Good",IF(I52>=60,"Credit",IF(I52>=55,"Credit",IF(I52>=50,"Credit",IF(I52>=45,"Pass",IF(I52>=40,"Pass",IF(I52>=6,"Fail",IF(I52<5,""))))))))))
A53: 50 | G53: =SUM(C53:F53) -> 0 | I53: =G53+H53 -> 0 | J53: =IF(I53<10,"",RANK(I53,I$4:I$53)) | K53: =IF(I53>=75,"A",IF(I53>=70,"B2",IF(I53>=50,"C",IF(I53>=45,"D",IF(I53>=40,"E",IF(I53>=6,"F",IF(I53<5,""))))))) | L53: =IF(I53>=75,"Excellent",IF(I53>=70,"V.Good",IF(I53>=65,"Good",IF(I53>=60,"Credit",IF(I53>=55,"Credit",IF(I53>=50,"Credit",IF(I53>=45,"Pass",IF(I53>=40,"Pass",IF(I53>=6,"Fail",IF(I53<5,""))))))))))

Sheet Bsheet
A1: Admission_No | B1: English Language | C1: Mathematics | D1: Basic Technology | E1: C.R.K. | F1: Social Studies | G1: Agric Science | H1: Basic Science | I1: Business Studies | J1: Computer Science | K1: Home Economics | L1: P.H.E. | M1: Fine Art | N1: French | O1: Hausa | P1: Civic Educatuion | Q1: Literature | R1: History | S1: I.R.K. | T1: Total | U1: Average | V1: Position
A2: 1 | B2: =Scoresheet!I3 -> 55 | C2: =Scoresheet!Q3 -> 57 | D2: =Scoresheet!Y3 -> 49 | E2: =Scoresheet!AJ3 -> 0 | F2: =Scoresheet!AR3 -> 41 | G2: =Scoresheet!AZ3 -> 40 | H2: =Scoresheet!BH3 -> 53 | I2: =Scoresheet!BP3 -> 45 | J2: =Scoresheet!BX3 -> 58 | K2: =Scoresheet!CF3 -> 60 | L2: =Scoresheet!CN3 -> 46 | M2: =Scoresheet!CV3 -> 56 | N2: =Scoresheet!DD3 -> 48 | O2: =Scoresheet!DL3 -> 65 | P2: =Scoresheet!DT3 -> 31 | Q2: =Scoresheet!EB3 -> 47 | R2: =Scoresheet!EJ3 -> 58 | S2: =Scoresheet!ER3 -> 53 | T2: =SUM(B2:S2) -> 862 | U2: =IFERROR(T2/COUNTIF(B2:S2,">10"),"") -> 50.705882 | V2: =RANK(U2,$U$2:$U$51) -> 23
A3: 2 | B3: =Scoresheet!I4 -> 37 | C3: =Scoresheet!Q4 -> 59 | D3: =Scoresheet!Y4 -> 47 | E3: =Scoresheet!AJ4 -> 0 | F3: =Scoresheet!AR4 -> 40 | G3: =Scoresheet!AZ4 -> 24 | H3: =Scoresheet!BH4 -> 41 | I3: =Scoresheet!BP4 -> 50 | J3: =Scoresheet!BX4 -> 44 | K3: =Scoresheet!CF4 -> 47 | L3: =Scoresheet!CN4 -> 41 | M3: =Scoresheet!CV4 -> 39 | N3: =Scoresheet!DD4 -> 44 | O3: =Scoresheet!DL4 -> 54 | P3: =Scoresheet!DT4 -> 21 | Q3: =Scoresheet!EB4 -> 43 | R3: =Scoresheet!EJ4 -> 42 | S3: =Scoresheet!ER4 -> 34 | T3: =SUM(B3:S3) -> 707 | U3: =IFERROR(T3/COUNTIF(B3:S3,">10"),"") -> 41.588235 | V3: =RANK(U3,$U$2:$U$51) -> 32
A4: 3 | B4: =Scoresheet!I5 -> 54 | C4: =Scoresheet!Q5 -> 61 | D4: =Scoresheet!Y5 -> 58 | E4: =Scoresheet!AJ5 -> 0 | F4: =Scoresheet!AR5 -> 41 | G4: =Scoresheet!AZ5 -> 51 | H4: =Scoresheet!BH5 -> 68 | I4: =Scoresheet!BP5 -> 63 | J4: =Scoresheet!BX5 -> 62 | K4: =Scoresheet!CF5 -> 75 | L4: =Scoresheet!CN5 -> 65 | M4: =Scoresheet!CV5 -> 55 | N4: =Scoresheet!DD5 -> 45 | O4: =Scoresheet!DL5 -> 61 | P4: =Scoresheet!DT5 -> 51 | Q4: =Scoresheet!EB5 -> 58 | R4: =Scoresheet!EJ5 -> 77 | S4: =Scoresheet!ER5 -> 55 | T4: =SUM(B4:S4) -> 1000 | U4: =IFERROR(T4/COUNTIF(B4:S4,">10"),"") -> 58.823529 | V4: =RANK(U4,$U$2:$U$51) -> 17
A5: 4 | B5: =Scoresheet!I6 -> 35 | C5: =Scoresheet!Q6 -> 37 | D5: =Scoresheet!Y6 -> 35 | E5: =Scoresheet!AJ6 -> 19 | F5: =Scoresheet!AR6 -> 23 | G5: =Scoresheet!AZ6 -> 29 | H5: =Scoresheet!BH6 -> 19 | I5: =Scoresheet!BP6 -> 34 | J5: =Scoresheet!BX6 -> 34 | K5: =Scoresheet!CF6 -> 37 | L5: =Scoresheet!CN6 -> 28 | M5: =Scoresheet!CV6 -> 35 | N5: =Scoresheet!DD6 -> 39 | O5: =Scoresheet!DL6 -> 29 | P5: =Scoresheet!DT6 -> 20 | Q5: =Scoresheet!EB6 -> 27 | R5: =Scoresheet!EJ6 -> 28 | S5: =Scoresheet!ER6 -> 0 | T5: =SUM(B5:S5) -> 508 | U5: =IFERROR(T5/COUNTIF(B5:S5,">10"),"") -> 29.882353 | V5: =RANK(U5,$U$2:$U$51) -> 38
A6: 5 | B6: =Scoresheet!I7 -> 61 | C6: =Scoresheet!Q7 -> 51 | D6: =Scoresheet!Y7 -> 63 | E6: =Scoresheet!AJ7 -> 60 | F6: =Scoresheet!AR7 -> 42 | G6: =Scoresheet!AZ7 -> 35 | H6: =Scoresheet!BH7 -> 59 | I6: =Scoresheet!BP7 -> 58 | J6: =Scoresheet!BX7 -> 58 | K6: =Scoresheet!CF7 -> 62 | L6: =Scoresheet!CN7 -> 60 | M6: =Scoresheet!CV7 -> 50 | N6: =Scoresheet!DD7 -> 46 | O6: =Scoresheet!DL7 -> 29 | P6: =Scoresheet!DT7 -> 30 | Q6: =Scoresheet!EB7 -> 38 | R6: =Scoresheet!EJ7 -> 54 | S6: =Scoresheet!ER7 -> 0 | T6: =SUM(B6:S6) -> 856 | U6: =IFERROR(T6/COUNTIF(B6:S6,">10"),"") -> 50.352941 | V6: =RANK(U6,$U$2:$U$51) -> 24
A7: 6 | B7: =Scoresheet!I8 -> 88 | C7: =Scoresheet!Q8 -> 78 | D7: =Scoresheet!Y8 -> 71 | E7: =Scoresheet!AJ8 -> 81 | F7: =Scoresheet!AR8 -> 72 | G7: =Scoresheet!AZ8 -> 76 | H7: =Scoresheet!BH8 -> 82 | I7: =Scoresheet!BP8 -> 77 | J7: =Scoresheet!BX8 -> 88 | K7: =Scoresheet!CF8 -> 73 | L7: =Scoresheet!CN8 -> 69 | M7: =Scoresheet!CV8 -> 69 | N7: =Scoresheet!DD8 -> 76 | O7: =Scoresheet!DL8 -> 50 | P7: =Scoresheet!DT8 -> 64 | Q7: =Scoresheet!EB8 -> 82 | R7: =Scoresheet!EJ8 -> 68 | S7: =Scoresheet!ER8 -> 0 | T7: =SUM(B7:S7) -> 1264 | U7: =IFERROR(T7/COUNTIF(B7:S7,">10"),"") -> 74.352941 | V7: =RANK(U7,$U$2:$U$51) -> 4
A8: 7 | B8: =Scoresheet!I9 -> 85 | C8: =Scoresheet!Q9 -> 95 | D8: =Scoresheet!Y9 -> 83 | E8: =Scoresheet!AJ9 -> 0 | F8: =Scoresheet!AR9 -> 76 | G8: =Scoresheet!AZ9 -> 84 | H8: =Scoresheet!BH9 -> 92 | I8: =Scoresheet!BP9 -> 90 | J8: =Scoresheet!BX9 -> 91 | K8: =Scoresheet!CF9 -> 80 | L8: =Scoresheet!CN9 -> 90 | M8: =Scoresheet!CV9 -> 68 | N8: =Scoresheet!DD9 -> 62 | O8: =Scoresheet!DL9 -> 79 | P8: =Scoresheet!DT9 -> 79 | Q8: =Scoresheet!EB9 -> 84 | R8: =Scoresheet!EJ9 -> 84 | S8: =Scoresheet!ER9 -> 71 | T8: =SUM(B8:S8) -> 1393 | U8: =IFERROR(T8/COUNTIF(B8:S8,">10"),"") -> 81.941176 | V8: =RANK(U8,$U$2:$U$51) -> 1
A9: 8 | B9: =Scoresheet!I10 -> 27 | C9: =Scoresheet!Q10 -> 38 | D9: =Scoresheet!Y10 -> 25 | E9: =Scoresheet!AJ10 -> 0 | F9: =Scoresheet!AR10 -> 29 | G9: =Scoresheet!AZ10 -> 26 | H9: =Scoresheet!BH10 -> 18 | I9: =Scoresheet!BP10 -> 44 | J9: =Scoresheet!BX10 -> 30 | K9: =Scoresheet!CF10 -> 25 | L9: =Scoresheet!CN10 -> 16 | M9: =Scoresheet!CV10 -> 33 | N9: =Scoresheet!DD10 -> 37 | O9: =Scoresheet!DL10 -> 21 | P9: =Scoresheet!DT10 -> 20 | Q9: =Scoresheet!EB10 -> 35 | R9: =Scoresheet!EJ10 -> 36 | S9: =Scoresheet!ER10 -> 29 | T9: =SUM(B9:S9) -> 489 | U9: =IFERROR(T9/COUNTIF(B9:S9,">10"),"") -> 28.764706 | V9: =RANK(U9,$U$2:$U$51) -> 39
A10: 9 | B10: =Scoresheet!I11 -> 46 | C10: =Scoresheet!Q11 -> 43 | D10: =Scoresheet!Y11 -> 44 | E10: =Scoresheet!AJ11 -> 0 | F10: =Scoresheet!AR11 -> 48 | G10: =Scoresheet!AZ11 -> 36 | H10: =Scoresheet!BH11 -> 47 | I10: =Scoresheet!BP11 -> 38 | J10: =Scoresheet!BX11 -> 54 | K10: =Scoresheet!CF11 -> 54 | L10: =Scoresheet!CN11 -> 42 | M10: =Scoresheet!CV11 -> 47 | N10: =Scoresheet!DD11 -> 48 | O10: =Scoresheet!DL11 -> 44 | P10: =Scoresheet!DT11 -> 21 | Q10: =Scoresheet!EB11 -> 40 | R10: =Scoresheet!EJ11 -> 46 | S10: =Scoresheet!ER11 -> 45 | T10: =SUM(B10:S10) -> 743 | U10: =IFERROR(T10/COUNTIF(B10:S10,">10"),"") -> 43.705882 | V10: =RANK(U10,$U$2:$U$51) -> 30
A11: 10 | B11: =Scoresheet!I12 -> 49 | C11: =Scoresheet!Q12 -> 51 | D11: =Scoresheet!Y12 -> 54 | E11: =Scoresheet!AJ12 -> 0 | F11: =Scoresheet!AR12 -> 37 | G11: =Scoresheet!AZ12 -> 28 | H11: =Scoresheet!BH12 -> 51 | I11: =Scoresheet!BP12 -> 42 | J11: =Scoresheet!BX12 -> 54 | K11: =Scoresheet!CF12 -> 49 | L11: =Scoresheet!CN12 -> 46 | M11: =Scoresheet!CV12 -> 52 | N11: =Scoresheet!DD12 -> 41 | O11: =Scoresheet!DL12 -> 50 | P11: =Scoresheet!DT12 -> 27 | Q11: =Scoresheet!EB12 -> 27 | R11: =Scoresheet!EJ12 -> 34 | S11: =Scoresheet!ER12 -> 54 | T11: =SUM(B11:S11) -> 746 | U11: =IFERROR(T11/COUNTIF(B11:S11,">10"),"") -> 43.882353 | V11: =RANK(U11,$U$2:$U$51) -> 29
A12: 11 | B12: =Scoresheet!I13 -> 69 | C12: =Scoresheet!Q13 -> 68 | D12: =Scoresheet!Y13 -> 72 | E12: =Scoresheet!AJ13 -> 0 | F12: =Scoresheet!AR13 -> 71 | G12: =Scoresheet!AZ13 -> 52 | H12: =Scoresheet!BH13 -> 88 | I12: =Scoresheet!BP13 -> 74 | J12: =Scoresheet!BX13 -> 79 | K12: =Scoresheet!CF13 -> 77 | L12: =Scoresheet!CN13 -> 80 | M12: =Scoresheet!CV13 -> 67 | N12: =Scoresheet!DD13 -> 46 | O12: =Scoresheet!DL13 -> 78 | P12: =Scoresheet!DT13 -> 47 | Q12: =Scoresheet!EB13 -> 60 | R12: =Scoresheet!EJ13 -> 76 | S12: =Scoresheet!ER13 -> 79 | T12: =SUM(B12:S12) -> 1183 | U12: =IFERROR(T12/COUNTIF(B12:S12,">10"),"") -> 69.588235 | V12: =RANK(U12,$U$2:$U$51) -> 10
A13: 12 | B13: =Scoresheet!I14 -> 86 | C13: =Scoresheet!Q14 -> 69 | D13: =Scoresheet!Y14 -> 66 | E13: =Scoresheet!AJ14 -> 0 | F13: =Scoresheet!AR14 -> 63 | G13: =Scoresheet!AZ14 -> 54 | H13: =Scoresheet!BH14 -> 80 | I13: =Scoresheet!BP14 -> 80 | J13: =Scoresheet!BX14 -> 74 | K13: =Scoresheet!CF14 -> 78 | L13: =Scoresheet!CN14 -> 86 | M13: =Scoresheet!CV14 -> 62 | N13: =Scoresheet!DD14 -> 63 | O13: =Scoresheet!DL14 -> 76 | P13: =Scoresheet!DT14 -> 56 | Q13: =Scoresheet!EB14 -> 59 | R13: =Scoresheet!EJ14 -> 82 | S13: =Scoresheet!ER14 -> 90 | T13: =SUM(B13:S13) -> 1224 | U13: =IFERROR(T13/COUNTIF(B13:S13,">10"),"") -> 72 | V13: =RANK(U13,$U$2:$U$51) -> 7
... A41: 40 | B41: =Scoresheet!I42 -> 0 | C41: =Scoresheet!Q42 -> 0 | D41: =Scoresheet!Y42 -> 0 | E41: =Scoresheet!AJ42 -> 0 | F41: =Scoresheet!AR42 -> 0 | G41: =Scoresheet!AZ42 -> 0 | H41: =Scoresheet!BH42 -> 0 | I41: =Scoresheet!BP42 -> 0 | J41: =Scoresheet!BX42 -> 0 | K41: =Scoresheet!CF42 -> 27 | L41: =Scoresheet!CN42 -> 0 | M41: =Scoresheet!CV42 -> 0 | N41: =Scoresheet!DD42 -> 24 | O41: =Scoresheet!DL42 -> 0 | P41: =Scoresheet!DT42 -> 0 | Q41: =Scoresheet!EB42 -> 0 | R41: =Scoresheet!EJ42 -> 0 | S41: =Scoresheet!ER42 -> 0 | T41: =SUM(B41:S41) -> 51 | U41: =IFERROR(T41/COUNTIF(B41:S41,">10"),"") -> 25.5 | V41: =RANK(U41,$U$2:$U$51) -> 41
L42: =Scoresheet!CN43 -> 32 | M42: =Scoresheet!CV43 -> 49 | N42: =Scoresheet!DD43 -> 38 | O42: =Scoresheet!DL43 -> 15 | P42: =Scoresheet!DT43 -> 15 | Q42: =Scoresheet!EB43 -> 18 | R42: =Scoresheet!EJ43 -> 20 | S42: =Scoresheet!ER43 -> 33 | T42: =SUM(B42:S42) -> 220 | U42: =IFERROR(T42/COUNTIF(B42:S42,">10"),"") -> 27.5 | V42: =RANK(U42,$U$2:$U$51) -> 40
L43: =Scoresheet!CN44 -> 0 | M43: =Scoresheet!CV44 -> 0 | N43: =Scoresheet!DD44 -> 0 | O43: =Scoresheet!DL44 -> 0 | P43: =Scoresheet!DT44 -> 0 | Q43: =Scoresheet!EB44 -> 0 | R43: =Scoresheet!EJ44 -> 0 | S43: =Scoresheet!ER44 -> 0 | T43: =SUM(B43:S43) -> 0 | U43: =IFERROR(T43/COUNTIF(B43:S43,">10"),"") | V43: =RANK(U43,$U$2:$U$51) -> #VALUE!
L44: =Scoresheet!CN45 -> 0 | M44: =Scoresheet!CV45 -> 0 | N44: =Scoresheet!DD45 -> 0 | O44: =Scoresheet!DL45 -> 0 | P44: =Scoresheet!DT45 -> 0 | Q44: =Scoresheet!EB45 -> 0 | R44: =Scoresheet!EJ45 -> 0 | S44: =Scoresheet!ER45 -> 0 | T44: =SUM(B44:S44) -> 0 | U44: =IFERROR(T44/COUNTIF(B44:S44,">10"),"") | V44: =RANK(U44,$U$2:$U$51) -> #VALUE!
L45: =Scoresheet!CN46 -> 0 | M45: =Scoresheet!CV46 -> 0 | N45: =Scoresheet!DD46 -> 0 | O45: =Scoresheet!DL46 -> 0 | P45: =Scoresheet!DT46 -> 0 | Q45: =Scoresheet!EB46 -> 0 | R45: =Scoresheet!EJ46 -> 0 | S45: =Scoresheet!ER46 -> 0 | T45: =SUM(B45:S45) -> 0 | U45: =IFERROR(T45/COUNTIF(B45:S45,">10"),"") | V45: =RANK(U45,$U$2:$U$51) -> #VALUE!
L46: =Scoresheet!CN47 -> 0 | M46: =Scoresheet!CV47 -> 0 | N46: =Scoresheet!DD47 -> 0 | O46: =Scoresheet!DL47 -> 0 | P46: =Scoresheet!DT47 -> 0 | Q46: =Scoresheet!EB47 -> 0 | R46: =Scoresheet!EJ47 -> 0 | S46: =Scoresheet!ER47 -> 0 | T46: =SUM(B46:S46) -> 0 | U46: =IFERROR(T46/COUNTIF(B46:S46,">10"),"") | V46: =RANK(U46,$U$2:$U$51) -> #VALUE!
L47: =Scoresheet!CN48 -> 0 | M47: =Scoresheet!CV48 -> 0 | N47: =Scoresheet!DD48 -> 0 | O47: =Scoresheet!DL48 -> 0 | P47: =Scoresheet!DT48 -> 0 | Q47: =Scoresheet!EB48 -> 0 | R47: =Scoresheet!EJ48 -> 0 | S47: =Scoresheet!ER48 -> 0 | T47: =SUM(B47:S47) -> 0 | U47: =IFERROR(T47/COUNTIF(B47:S47,">10"),"") | V47: =RANK(U47,$U$2:$U$51) -> #VALUE!
L48: =Scoresheet!CN49 -> 0 | M48: =Scoresheet!CV49 -> 0 | N48: =Scoresheet!DD49 -> 0 | O48: =Scoresheet!DL49 -> 0 | P48: =Scoresheet!DT49 -> 0 | Q48: =Scoresheet!EB49 -> 0 | R48: =Scoresheet!EJ49 -> 0 | S48: =Scoresheet!ER49 -> 0 | T48: =SUM(B48:S48) -> 0 | U48: =IFERROR(T48/COUNTIF(B48:S48,">10"),"") | V48: =RANK(U48,$U$2:$U$51) -> #VALUE!
L49: =Scoresheet!CN50 -> 0 | M49: =Scoresheet!CV50 -> 0 | N49: =Scoresheet!DD50 -> 0 | O49: =Scoresheet!DL50 -> 0 | P49: =Scoresheet!DT50 -> 0 | Q49: =Scoresheet!EB50 -> 0 | R49: =Scoresheet!EJ50 -> 0 | S49: =Scoresheet!ER50 -> 0 | T49: =SUM(B49:S49) -> 0 | U49: =IFERROR(T49/COUNTIF(B49:S49,">10"),"") | V49: =RANK(U49,$U$2:$U$51) -> #VALUE!
L50: =Scoresheet!CN51 -> 0 | M50: =Scoresheet!CV51 -> 0 | N50: =Scoresheet!DD51 -> 0 | O50: =Scoresheet!DL51 -> 0 | P50: =Scoresheet!DT51 -> 0 | Q50: =Scoresheet!EB51 -> 0 | R50: =Scoresheet!EJ51 -> 0 | S50: =Scoresheet!ER51 -> 0 | T50: =SUM(B50:S50) -> 0 | U50: =IFERROR(T50/COUNTIF(B50:S50,">10"),"") | V50: =RANK(U50,$U$2:$U$51) -> #VALUE!
L51: =Scoresheet!CN52 -> 0 | M51: =Scoresheet!CV52 -> 0 | N51: =Scoresheet!DD52 -> 0 | O51: =Scoresheet!DL52 -> 0 | P51: =Scoresheet!DT52 -> 0 | Q51: =Scoresheet!EB52 -> 0 | R51: =Scoresheet!EJ52 -> 0 | S51: =Scoresheet!ER52 -> 0 | T51: =SUM(B51:S51) -> 0 | U51: =IFERROR(T51/COUNTIF(B51:S51,">10"),"") | V51: =RANK(U51,$U$2:$U$51) -> #VALUE!
